    [
        {
            "id": 1,
            "form": "Progetti",
            "pos": "NOM",
            "lemma": "progetto",
            "has_context": "true",
            "is_title": "true"
        },
        {
            "id": 2,
            "form": "per",
            "pos": "PRE",
            "lemma": "per",
            "has_context": "false",
            "is_title": "true"
        },
        {
            "id": 3,
            "form": "il",
            "pos": "DET",
            "lemma": "il",
            "has_context": "false",
            "is_title": "true"
        },
        {
            "id": 4,
            "form": "futuro",
            "pos": "NOM",
            "lemma": "futuro",
            "has_context": "true",
            "is_title": "true"
        },
        {
            "id": 5,
            "form": "Mario",
            "pos": "NPR",
            "lemma": "Mario",
            "has_context": "false",
            "is_title": "false"
        },
        {
            "id": 6,
            "form": "è",
            "pos": "VER",
            "lemma": "essere",
            "has_context": "false",
            "is_title": "false"
        },
        {
            "id": 7,
            "form": "uno",
            "pos": "DET",
            "lemma": "uno",
            "has_context": "false",
            "is_title": "false"
        },
        {
            "id": 8,
            "form": "studente",
            "pos": "NOM",
            "lemma": "studente",
            "has_context": "false",
            "is_title": "false"
        },
        {
            "id": 9,
            "form": "di",
            "pos": "PRE",
            "lemma": "di",
            "has_context": "false",
            "is_title": "false"
        },
        {
            "id": 10,
            "form": "legge",
            "pos": "NOM",
            "lemma": "legge",
            "has_context": "true",
            "is_title": "false"
        },
        {
            "id": 11,
            "form": ".",
            "pos": "SENT",
            "lemma": ".",
            "has_context": "false",
            "is_title": "false"
        },
        {
            "id": 12,
            "form": "Dopo",
            "pos": "PRE",
            "lemma": "dopo",
            "has_context": "false",
            "is_title": "false"
        },
        {
            "id": 13,
            "form": "la",
            "pos": "DET",
            "lemma": "il",
            "has_context": "false",
            "is_title": "false"
        },
        {
            "id": 14,
            "form": "laurea",
            "pos": "NOM",
            "lemma": "laurea",
            "has_context": "true",
            "is_title": "false"
        },
        {
            "id": 15,
            "form": "vorrebbe",
            "pos": "VER",
            "lemma": "volere",
            "has_context": "false",
            "is_title": "false"
        },
        {
            "id": 16,
            "form": "fare",
            "pos": "VER",
            "lemma": "fare",
            "has_context": "false",
            "is_title": "false"
        },
        {
            "id": 17,
            "form": "un",
            "pos": "DET",
            "lemma": "un",
            "has_context": "false",
            "is_title": "false"
        },
        {
            "id": 18,
            "form": "tirocinio",
            "pos": "NOM",
            "lemma": "tirocinio",
            "has_context": "true",
            "is_title": "false"
        },
        {
            "id": 19,
            "form": "presso",
            "pos": "PRE",
            "lemma": "presso",
            "has_context": "false",
            "is_title": "false"
        },
        {
            "id": 20,
            "form": "uno",
            "pos": "DET",
            "lemma": "uno",
            "has_context": "false",
            "is_title": "false"
        },
        {
            "id": 21,
            "form": "studio",
            "pos": "NOM",
            "lemma": "studio",
            "has_context": "false",
            "is_title": "false"
        },
        {
            "id": 22,
            "form": "di",
            "pos": "PRE",
            "lemma": "di",
            "has_context": "false",
            "is_title": "false"
        },
        {
            "id": 23,
            "form": "avvocati",
            "pos": "NOM",
            "lemma": "avvocato",
            "has_context": "true",
            "is_title": "false"
        },
        {
            "id": 24,
            "form": ".",
            "pos": "SENT",
            "lemma": ".",
            "has_context": "false",
            "is_title": "false"
        },
        {
            "id": 25,
            "form": "Dopo",
            "pos": "CON",
            "lemma": "dopo",
            "has_context": "false",
            "is_title": "false"
        },
        {
            "id": 26,
            "form": "aver",
            "pos": "VER",
            "lemma": "avere",
            "has_context": "false",
            "is_title": "false"
        },
        {
            "id": 27,
            "form": "fatto",
            "pos": "VER",
            "lemma": "fare",
            "has_context": "false",
            "is_title": "false"
        },
        {
            "id": 28,
            "form": "tirocinio",
            "pos": "NOM",
            "lemma": "tirocinio",
            "has_context": "true",
            "is_title": "false"
        },
        {
            "id": 29,
            "form": "vorrebbe",
            "pos": "VER",
            "lemma": "volere",
            "has_context": "false",
            "is_title": "false"
        },
        {
            "id": 30,
            "form": "fare",
            "pos": "VER",
            "lemma": "fare",
            "has_context": "false",
            "is_title": "false"
        },
        {
            "id": 31,
            "form": "l’",
            "pos": "DET",
            "lemma": "il",
            "has_context": "false",
            "is_title": "false"
        },
        {
            "id": 32,
            "form": "esame",
            "pos": "NOM",
            "lemma": "esame",
            "has_context": "false",
            "is_title": "false"
        },
        {
            "id": 33,
            "form": "di",
            "pos": "PRE",
            "lemma": "di",
            "has_context": "false",
            "is_title": "false"
        },
        {
            "id": 34,
            "form": "stato",
            "pos": "NOM",
            "lemma": "stato",
            "has_context": "true",
            "is_title": "false"
        },
        {
            "id": 35,
            "form": "per",
            "pos": "PRE",
            "lemma": "per",
            "has_context": "false",
            "is_title": "false"
        },
        {
            "id": 36,
            "form": "diventare",
            "pos": "VER",
            "lemma": "diventare",
            "has_context": "true",
            "is_title": "false"
        },
        {
            "id": 37,
            "form": "avvocato",
            "pos": "NOM",
            "lemma": "avvocato",
            "has_context": "true",
            "is_title": "false"
        },
        {
            "id": 38,
            "form": ".",
            "pos": "SENT",
            "lemma": ".",
            "has_context": "false",
            "is_title": "false"
        },
        {
            "id": 39,
            "form": "Gli",
            "pos": "PRO",
            "lemma": "gli",
            "has_context": "false",
            "is_title": "false"
        },
        {
            "id": 40,
            "form": "piacerebbe",
            "pos": "VER",
            "lemma": "piacere",
            "has_context": "false",
            "is_title": "false"
        },
        {
            "id": 41,
            "form": "diventare",
            "pos": "VER",
            "lemma": "diventare",
            "has_context": "true",
            "is_title": "false"
        },
        {
            "id": 42,
            "form": "un",
            "pos": "DET",
            "lemma": "un",
            "has_context": "false",
            "is_title": "false"
        },
        {
            "id": 43,
            "form": "avvocato",
            "pos": "NOM",
            "lemma": "avvocato",
            "has_context": "true",
            "is_title": "false"
        },
        {
            "id": 44,
            "form": "che",
            "pos": "PRO",
            "lemma": "che",
            "has_context": "false",
            "is_title": "false"
        },
        {
            "id": 45,
            "form": "si",
            "pos": "PRO",
            "lemma": "si",
            "has_context": "false",
            "is_title": "false"
        },
        {
            "id": 46,
            "form": "occupa",
            "pos": "VER",
            "lemma": "occupare",
            "has_context": "true",
            "is_title": "false"
        },
        {
            "id": 47,
            "form": "dei",
            "pos": "PRE",
            "lemma": "del",
            "has_context": "false",
            "is_title": "false"
        },
        {
            "id": 48,
            "form": "diritti",
            "pos": "NOM",
            "lemma": "diritto",
            "has_context": "true",
            "is_title": "false"
        },
        {
            "id": 49,
            "form": "delle",
            "pos": "PRE",
            "lemma": "del",
            "has_context": "false",
            "is_title": "false"
        },
        {
            "id": 50,
            "form": "persone",
            "pos": "NOM",
            "lemma": "persona",
            "has_context": "false",
            "is_title": "false"
        },
        {
            "id": 51,
            "form": "più",
            "pos": "ADV",
            "lemma": "più",
            "has_context": "false",
            "is_title": "false"
        },
        {
            "id": 52,
            "form": "deboli",
            "pos": "ADJ",
            "lemma": "debole",
            "has_context": "false",
            "is_title": "false"
        },
        {
            "id": 53,
            "form": ".",
            "pos": "SENT",
            "lemma": ".",
            "has_context": "false",
            "is_title": "false"
        },
        {
            "id": 54,
            "form": "Nel",
            "pos": "PRE",
            "lemma": "nel",
            "has_context": "false",
            "is_title": "false"
        },
        {
            "id": 55,
            "form": "futuro",
            "pos": "NOM",
            "lemma": "futuro",
            "has_context": "true",
            "is_title": "false"
        },
        {
            "id": 56,
            "form": ",",
            "pos": "PON",
            "lemma": ",",
            "has_context": "false",
            "is_title": "false"
        },
        {
            "id": 57,
            "form": "inoltre",
            "pos": "CON",
            "lemma": "inoltre",
            "has_context": "false",
            "is_title": "false"
        },
        {
            "id": 58,
            "form": ",",
            "pos": "PON",
            "lemma": ",",
            "has_context": "false",
            "is_title": "false"
        },
        {
            "id": 59,
            "form": "Mario",
            "pos": "NPR",
            "lemma": "Mario",
            "has_context": "false",
            "is_title": "false"
        },
        {
            "id": 60,
            "form": "vorrebbe",
            "pos": "VER",
            "lemma": "volere",
            "has_context": "false",
            "is_title": "false"
        },
        {
            "id": 61,
            "form": "sposare",
            "pos": "VER",
            "lemma": "sposare",
            "has_context": "false",
            "is_title": "false"
        },
        {
            "id": 62,
            "form": "la",
            "pos": "DET",
            "lemma": "il",
            "has_context": "false",
            "is_title": "false"
        },
        {
            "id": 63,
            "form": "sua",
            "pos": "ADJ",
            "lemma": "suo",
            "has_context": "false",
            "is_title": "false"
        },
        {
            "id": 64,
            "form": "fidanzata",
            "pos": "NOM",
            "lemma": "fidanzata",
            "has_context": "false",
            "is_title": "false"
        },
        {
            "id": 65,
            "form": "Clara",
            "pos": "NPR",
            "lemma": "Clara",
            "has_context": "false",
            "is_title": "false"
        },
        {
            "id": 66,
            "form": ".",
            "pos": "SENT",
            "lemma": ".",
            "has_context": "false",
            "is_title": "false"
        },
        {
            "id": 67,
            "form": "Anche",
            "pos": "CON",
            "lemma": "anche",
            "has_context": "false",
            "is_title": "false"
        },
        {
            "id": 68,
            "form": "Clara",
            "pos": "NPR",
            "lemma": "Clara",
            "has_context": "false",
            "is_title": "false"
        },
        {
            "id": 69,
            "form": "studia",
            "pos": "VER",
            "lemma": "studiare",
            "has_context": "false",
            "is_title": "false"
        },
        {
            "id": 70,
            "form": "giurisprudenza",
            "pos": "NOM",
            "lemma": "giurisprudenza",
            "has_context": "true",
            "is_title": "false"
        },
        {
            "id": 71,
            "form": ",",
            "pos": "PON",
            "lemma": ",",
            "has_context": "false",
            "is_title": "false"
        },
        {
            "id": 72,
            "form": "ma",
            "pos": "CON",
            "lemma": "ma",
            "has_context": "false",
            "is_title": "false"
        },
        {
            "id": 73,
            "form": "lei",
            "pos": "PRO",
            "lemma": "lei",
            "has_context": "false",
            "is_title": "false"
        },
        {
            "id": 74,
            "form": "non",
            "pos": "ADV",
            "lemma": "non",
            "has_context": "false",
            "is_title": "false"
        },
        {
            "id": 75,
            "form": "vorrebbe",
            "pos": "VER",
            "lemma": "volere",
            "has_context": "false",
            "is_title": "false"
        },
        {
            "id": 76,
            "form": "fare",
            "pos": "VER",
            "lemma": "fare",
            "has_context": "false",
            "is_title": "false"
        },
        {
            "id": 77,
            "form": "l’",
            "pos": "DET",
            "lemma": "il",
            "has_context": "false",
            "is_title": "false"
        },
        {
            "id": 78,
            "form": "avvocato",
            "pos": "NOM",
            "lemma": "avvocato",
            "has_context": "true",
            "is_title": "false"
        },
        {
            "id": 79,
            "form": ".",
            "pos": "SENT",
            "lemma": ".",
            "has_context": "false",
            "is_title": "false"
        },
        {
            "id": 80,
            "form": "Lei",
            "pos": "PRO",
            "lemma": "lei",
            "has_context": "false",
            "is_title": "false"
        },
        {
            "id": 81,
            "form": "infatti",
            "pos": "CON",
            "lemma": "infatti",
            "has_context": "false",
            "is_title": "false"
        },
        {
            "id": 82,
            "form": "vorrebbe",
            "pos": "VER",
            "lemma": "volere",
            "has_context": "false",
            "is_title": "false"
        },
        {
            "id": 83,
            "form": "lavorare",
            "pos": "VER",
            "lemma": "lavorare",
            "has_context": "false",
            "is_title": "false"
        },
        {
            "id": 84,
            "form": "all’",
            "pos": "PRE",
            "lemma": "al",
            "has_context": "false",
            "is_title": "false"
        },
        {
            "id": 85,
            "form": "ambasciata",
            "pos": "NOM",
            "lemma": "ambasciata",
            "has_context": "false",
            "is_title": "false"
        },
        {
            "id": 86,
            "form": "italiana",
            "pos": "ADJ",
            "lemma": "italiano",
            "has_context": "false",
            "is_title": "false"
        },
        {
            "id": 87,
            "form": ".",
            "pos": "SENT",
            "lemma": ".",
            "has_context": "false",
            "is_title": "false"
        },
        {
            "id": 88,
            "form": "Anche",
            "pos": "CON",
            "lemma": "anche",
            "has_context": "false",
            "is_title": "false"
        },
        {
            "id": 89,
            "form": "lei",
            "pos": "PRO",
            "lemma": "lei",
            "has_context": "false",
            "is_title": "false"
        },
        {
            "id": 90,
            "form": "vorrebbe",
            "pos": "VER",
            "lemma": "volere",
            "has_context": "false",
            "is_title": "false"
        },
        {
            "id": 91,
            "form": "sposare",
            "pos": "VER",
            "lemma": "sposare",
            "has_context": "false",
            "is_title": "false"
        },
        {
            "id": 92,
            "form": "Mario",
            "pos": "NPR",
            "lemma": "Mario",
            "has_context": "false",
            "is_title": "false"
        },
        {
            "id": 93,
            "form": "un",
            "pos": "DET",
            "lemma": "un",
            "has_context": "false",
            "is_title": "false"
        },
        {
            "id": 94,
            "form": "giorno",
            "pos": "NOM",
            "lemma": "giorno",
            "has_context": "false",
            "is_title": "false"
        },
        {
            "id": 95,
            "form": ".",
            "pos": "SENT",
            "lemma": ".",
            "has_context": "false",
            "is_title": "false"
        },
        {
            "id": 96,
            "form": "Entrambi",
            "pos": "PRO",
            "lemma": "entrambi",
            "has_context": "false",
            "is_title": "false"
        },
        {
            "id": 97,
            "form": "vorrebbero",
            "pos": "VER",
            "lemma": "volere",
            "has_context": "false",
            "is_title": "false"
        },
        {
            "id": 98,
            "form": "trasferirsi",
            "pos": "VER",
            "lemma": "trasferire",
            "has_context": "true",
            "is_title": "false"
        },
        {
            "id": 99,
            "form": "a",
            "pos": "PRE",
            "lemma": "a",
            "has_context": "false",
            "is_title": "false"
        },
        {
            "id": 100,
            "form": "vivere",
            "pos": "VER",
            "lemma": "vivere",
            "has_context": "false",
            "is_title": "false"
        },
        {
            "id": 101,
            "form": "in",
            "pos": "PRE",
            "lemma": "in",
            "has_context": "false",
            "is_title": "false"
        },
        {
            "id": 102,
            "form": "una",
            "pos": "DET",
            "lemma": "una",
            "has_context": "false",
            "is_title": "false"
        },
        {
            "id": 103,
            "form": "città",
            "pos": "NOM",
            "lemma": "città",
            "has_context": "false",
            "is_title": "false"
        },
        {
            "id": 104,
            "form": "straniera",
            "pos": "ADJ",
            "lemma": "straniero",
            "has_context": "false",
            "is_title": "false"
        },
        {
            "id": 105,
            "form": ".",
            "pos": "SENT",
            "lemma": ".",
            "has_context": "false",
            "is_title": "false"
        },
        {
            "id": 106,
            "form": "Infatti",
            "pos": "CON",
            "lemma": "infatti",
            "has_context": "false",
            "is_title": "false"
        },
        {
            "id": 107,
            "form": ",",
            "pos": "PON",
            "lemma": ",",
            "has_context": "false",
            "is_title": "false"
        },
        {
            "id": 108,
            "form": "dopo",
            "pos": "CON",
            "lemma": "dopo",
            "has_context": "false",
            "is_title": "false"
        },
        {
            "id": 109,
            "form": "aver",
            "pos": "VER",
            "lemma": "avere",
            "has_context": "false",
            "is_title": "false"
        },
        {
            "id": 110,
            "form": "lavorato",
            "pos": "VER",
            "lemma": "lavorare",
            "has_context": "false",
            "is_title": "false"
        },
        {
            "id": 111,
            "form": "per",
            "pos": "PRE",
            "lemma": "per",
            "has_context": "false",
            "is_title": "false"
        },
        {
            "id": 112,
            "form": "un",
            "pos": "DET",
            "lemma": "un",
            "has_context": "false",
            "is_title": "false"
        },
        {
            "id": 113,
            "form": "po’",
            "pos": "PRO",
            "lemma": "po’",
            "has_context": "false",
            "is_title": "false"
        },
        {
            "id": 114,
            "form": "di",
            "pos": "PRE",
            "lemma": "di",
            "has_context": "false",
            "is_title": "false"
        },
        {
            "id": 115,
            "form": "tempo",
            "pos": "NOM",
            "lemma": "tempo",
            "has_context": "false",
            "is_title": "false"
        },
        {
            "id": 116,
            "form": ",",
            "pos": "PON",
            "lemma": ",",
            "has_context": "false",
            "is_title": "false"
        },
        {
            "id": 117,
            "form": "vorrebbero",
            "pos": "VER",
            "lemma": "volere",
            "has_context": "false",
            "is_title": "false"
        },
        {
            "id": 118,
            "form": "risparmiare",
            "pos": "VER",
            "lemma": "risparmiare",
            "has_context": "true",
            "is_title": "false"
        },
        {
            "id": 119,
            "form": "dei",
            "pos": "PRE",
            "lemma": "del",
            "has_context": "false",
            "is_title": "false"
        },
        {
            "id": 120,
            "form": "soldi",
            "pos": "NOM",
            "lemma": "soldo",
            "has_context": "false",
            "is_title": "false"
        },
        {
            "id": 121,
            "form": "per",
            "pos": "PRE",
            "lemma": "per",
            "has_context": "false",
            "is_title": "false"
        },
        {
            "id": 122,
            "form": "andare",
            "pos": "VER",
            "lemma": "andare",
            "has_context": "false",
            "is_title": "false"
        },
        {
            "id": 123,
            "form": "a",
            "pos": "PRE",
            "lemma": "a",
            "has_context": "false",
            "is_title": "false"
        },
        {
            "id": 124,
            "form": "vivere",
            "pos": "VER",
            "lemma": "vivere",
            "has_context": "false",
            "is_title": "false"
        },
        {
            "id": 125,
            "form": "a",
            "pos": "PRE",
            "lemma": "a",
            "has_context": "false",
            "is_title": "false"
        },
        {
            "id": 126,
            "form": "Londra",
            "pos": "NPR",
            "lemma": "Londra",
            "has_context": "false",
            "is_title": "false"
        },
        {
            "id": 127,
            "form": ".",
            "pos": "SENT",
            "lemma": ".",
            "has_context": "false",
            "is_title": "false"
        },
        {
            "id": 128,
            "form": "Per",
            "pos": "PRE",
            "lemma": "per",
            "has_context": "false",
            "is_title": "false"
        },
        {
            "id": 129,
            "form": "questo",
            "pos": "PRO",
            "lemma": "questo",
            "has_context": "false",
            "is_title": "false"
        },
        {
            "id": 130,
            "form": "seguono",
            "pos": "VER",
            "lemma": "seguire",
            "has_context": "false",
            "is_title": "false"
        },
        {
            "id": 131,
            "form": "anche",
            "pos": "CON",
            "lemma": "anche",
            "has_context": "false",
            "is_title": "false"
        },
        {
            "id": 132,
            "form": "dei",
            "pos": "PRE",
            "lemma": "del",
            "has_context": "false",
            "is_title": "false"
        },
        {
            "id": 133,
            "form": "corsi",
            "pos": "NOM",
            "lemma": "corso",
            "has_context": "false",
            "is_title": "false"
        },
        {
            "id": 134,
            "form": "d’",
            "pos": "PRE",
            "lemma": "di",
            "has_context": "false",
            "is_title": "false"
        },
        {
            "id": 135,
            "form": "inglese",
            "pos": "NOM",
            "lemma": "inglese",
            "has_context": "false",
            "is_title": "false"
        },
        {
            "id": 136,
            "form": ".",
            "pos": "SENT",
            "lemma": ".",
            "has_context": "false",
            "is_title": "false"
        },
        {
            "id": 137,
            "form": "Clara",
            "pos": "NPR",
            "lemma": "Clara",
            "has_context": "false",
            "is_title": "false"
        },
        {
            "id": 138,
            "form": "e",
            "pos": "CON",
            "lemma": "e",
            "has_context": "false",
            "is_title": "false"
        },
        {
            "id": 139,
            "form": "Mario",
            "pos": "NPR",
            "lemma": "Mario",
            "has_context": "false",
            "is_title": "false"
        },
        {
            "id": 140,
            "form": "hanno",
            "pos": "VER",
            "lemma": "avere",
            "has_context": "false",
            "is_title": "false"
        },
        {
            "id": 141,
            "form": "davvero",
            "pos": "ADV",
            "lemma": "davvero",
            "has_context": "true",
            "is_title": "false"
        },
        {
            "id": 142,
            "form": "molti",
            "pos": "ADJ",
            "lemma": "molto",
            "has_context": "false",
            "is_title": "false"
        },
        {
            "id": 143,
            "form": "sogni",
            "pos": "NOM",
            "lemma": "sogno",
            "has_context": "true",
            "is_title": "false"
        },
        {
            "id": 144,
            "form": "nel",
            "pos": "PRE",
            "lemma": "nel",
            "has_context": "false",
            "is_title": "false"
        },
        {
            "id": 145,
            "form": "cassetto",
            "pos": "NOM",
            "lemma": "cassetto",
            "has_context": "true",
            "is_title": "false"
        },
        {
            "id": 146,
            "form": ".",
            "pos": "SENT",
            "lemma": ".",
            "has_context": "false",
            "is_title": "false"
        },
        {
            "id": 147,
            "form": "Un",
            "pos": "DET",
            "lemma": "un",
            "has_context": "false",
            "is_title": "false"
        },
        {
            "id": 148,
            "form": "altro",
            "pos": "ADJ",
            "lemma": "altro",
            "has_context": "false",
            "is_title": "false"
        },
        {
            "id": 149,
            "form": "dei",
            "pos": "PRE",
            "lemma": "del",
            "has_context": "false",
            "is_title": "false"
        },
        {
            "id": 150,
            "form": "loro",
            "pos": "PRO",
            "lemma": "loro",
            "has_context": "false",
            "is_title": "false"
        },
        {
            "id": 151,
            "form": "sogni",
            "pos": "NOM",
            "lemma": "sogno",
            "has_context": "true",
            "is_title": "false"
        },
        {
            "id": 152,
            "form": "è",
            "pos": "VER",
            "lemma": "essere",
            "has_context": "false",
            "is_title": "false"
        },
        {
            "id": 153,
            "form": "quello",
            "pos": "PRO",
            "lemma": "quello",
            "has_context": "false",
            "is_title": "false"
        },
        {
            "id": 154,
            "form": "di",
            "pos": "PRE",
            "lemma": "di",
            "has_context": "false",
            "is_title": "false"
        },
        {
            "id": 155,
            "form": "viaggiare",
            "pos": "VER",
            "lemma": "viaggiare",
            "has_context": "false",
            "is_title": "false"
        },
        {
            "id": 156,
            "form": "per",
            "pos": "PRE",
            "lemma": "per",
            "has_context": "false",
            "is_title": "false"
        },
        {
            "id": 157,
            "form": "il",
            "pos": "DET",
            "lemma": "il",
            "has_context": "false",
            "is_title": "false"
        },
        {
            "id": 158,
            "form": "mondo",
            "pos": "NOM",
            "lemma": "mondo",
            "has_context": "false",
            "is_title": "false"
        },
        {
            "id": 159,
            "form": ".",
            "pos": "SENT",
            "lemma": ".",
            "has_context": "false",
            "is_title": "false"
        },
        {
            "id": 160,
            "form": "A",
            "pos": "PRE",
            "lemma": "a",
            "has_context": "false",
            "is_title": "false"
        },
        {
            "id": 161,
            "form": "loro",
            "pos": "PRO",
            "lemma": "loro",
            "has_context": "false",
            "is_title": "false"
        },
        {
            "id": 162,
            "form": "piacerebbe",
            "pos": "VER",
            "lemma": "piacere",
            "has_context": "false",
            "is_title": "false"
        },
        {
            "id": 163,
            "form": "vedere",
            "pos": "VER",
            "lemma": "vedere",
            "has_context": "false",
            "is_title": "false"
        },
        {
            "id": 164,
            "form": "tutte",
            "pos": "ADJ",
            "lemma": "tutto",
            "has_context": "false",
            "is_title": "false"
        },
        {
            "id": 165,
            "form": "le",
            "pos": "DET",
            "lemma": "il",
            "has_context": "false",
            "is_title": "false"
        },
        {
            "id": 166,
            "form": "capitali",
            "pos": "NOM",
            "lemma": "capitale",
            "has_context": "true",
            "is_title": "false"
        },
        {
            "id": 167,
            "form": "europee",
            "pos": "ADJ",
            "lemma": "europeo",
            "has_context": "true",
            "is_title": "false"
        },
        {
            "id": 168,
            "form": ".",
            "pos": "SENT",
            "lemma": ".",
            "has_context": "false",
            "is_title": "false"
        },
        {
            "id": 169,
            "form": "Vorrebbero",
            "pos": "VER",
            "lemma": "volere",
            "has_context": "false",
            "is_title": "false"
        },
        {
            "id": 170,
            "form": "anche",
            "pos": "CON",
            "lemma": "anche",
            "has_context": "false",
            "is_title": "false"
        },
        {
            "id": 171,
            "form": "viaggiare",
            "pos": "VER",
            "lemma": "viaggiare",
            "has_context": "false",
            "is_title": "false"
        },
        {
            "id": 172,
            "form": "in",
            "pos": "PRE",
            "lemma": "in",
            "has_context": "false",
            "is_title": "false"
        },
        {
            "id": 173,
            "form": "Asia",
            "pos": "NPR",
            "lemma": "Asia",
            "has_context": "false",
            "is_title": "false"
        },
        {
            "id": 174,
            "form": "e",
            "pos": "CON",
            "lemma": "e",
            "has_context": "false",
            "is_title": "false"
        },
        {
            "id": 175,
            "form": "in",
            "pos": "PRE",
            "lemma": "in",
            "has_context": "false",
            "is_title": "false"
        },
        {
            "id": 176,
            "form": "Africa",
            "pos": "NPR",
            "lemma": "Africa",
            "has_context": "false",
            "is_title": "false"
        },
        {
            "id": 177,
            "form": "per",
            "pos": "PRE",
            "lemma": "per",
            "has_context": "false",
            "is_title": "false"
        },
        {
            "id": 178,
            "form": "vedere",
            "pos": "VER",
            "lemma": "vedere",
            "has_context": "false",
            "is_title": "false"
        },
        {
            "id": 179,
            "form": "le",
            "pos": "DET",
            "lemma": "il",
            "has_context": "false",
            "is_title": "false"
        },
        {
            "id": 180,
            "form": "città",
            "pos": "NOM",
            "lemma": "città",
            "has_context": "false",
            "is_title": "false"
        },
        {
            "id": 181,
            "form": "e",
            "pos": "CON",
            "lemma": "e",
            "has_context": "false",
            "is_title": "false"
        },
        {
            "id": 182,
            "form": "per",
            "pos": "PRE",
            "lemma": "per",
            "has_context": "false",
            "is_title": "false"
        },
        {
            "id": 183,
            "form": "imparare",
            "pos": "VER",
            "lemma": "imparare",
            "has_context": "false",
            "is_title": "false"
        },
        {
            "id": 184,
            "form": "di",
            "pos": "PRE",
            "lemma": "di",
            "has_context": "false",
            "is_title": "false"
        },
        {
            "id": 185,
            "form": "più",
            "pos": "ADV",
            "lemma": "più",
            "has_context": "false",
            "is_title": "false"
        },
        {
            "id": 186,
            "form": "sui",
            "pos": "PRE",
            "lemma": "sul",
            "has_context": "false",
            "is_title": "false"
        },
        {
            "id": 187,
            "form": "Paesi",
            "pos": "NOM",
            "lemma": "paese",
            "has_context": "true",
            "is_title": "false"
        },
        {
            "id": 188,
            "form": "e",
            "pos": "CON",
            "lemma": "e",
            "has_context": "false",
            "is_title": "false"
        },
        {
            "id": 189,
            "form": "sulle",
            "pos": "PRE",
            "lemma": "sul",
            "has_context": "false",
            "is_title": "false"
        },
        {
            "id": 190,
            "form": "culture",
            "pos": "NOM",
            "lemma": "cultura",
            "has_context": "false",
            "is_title": "false"
        },
        {
            "id": 191,
            "form": "lontane",
            "pos": "ADJ",
            "lemma": "lontano",
            "has_context": "false",
            "is_title": "false"
        },
        {
            "id": 192,
            "form": ".",
            "pos": "SENT",
            "lemma": ".",
            "has_context": "false",
            "is_title": "false"
        },
        {
            "id": 193,
            "form": "Tra",
            "pos": "PRE",
            "lemma": "tra",
            "has_context": "false",
            "is_title": "false"
        },
        {
            "id": 194,
            "form": "qualche",
            "pos": "ADJ",
            "lemma": "qualche",
            "has_context": "false",
            "is_title": "false"
        },
        {
            "id": 195,
            "form": "anno",
            "pos": "NOM",
            "lemma": "anno",
            "has_context": "false",
            "is_title": "false"
        },
        {
            "id": 196,
            "form": "Mario",
            "pos": "NPR",
            "lemma": "Mario",
            "has_context": "false",
            "is_title": "false"
        },
        {
            "id": 197,
            "form": "e",
            "pos": "CON",
            "lemma": "e",
            "has_context": "false",
            "is_title": "false"
        },
        {
            "id": 198,
            "form": "Clara",
            "pos": "NPR",
            "lemma": "Clara",
            "has_context": "false",
            "is_title": "false"
        },
        {
            "id": 199,
            "form": "vorrebbero",
            "pos": "VER",
            "lemma": "volere",
            "has_context": "false",
            "is_title": "false"
        },
        {
            "id": 200,
            "form": "anche",
            "pos": "CON",
            "lemma": "anche",
            "has_context": "false",
            "is_title": "false"
        },
        {
            "id": 201,
            "form": "avere",
            "pos": "VER",
            "lemma": "avere",
            "has_context": "false",
            "is_title": "false"
        },
        {
            "id": 202,
            "form": "dei",
            "pos": "PRE",
            "lemma": "del",
            "has_context": "false",
            "is_title": "false"
        },
        {
            "id": 203,
            "form": "figli",
            "pos": "NOM",
            "lemma": "figlio",
            "has_context": "false",
            "is_title": "false"
        },
        {
            "id": 204,
            "form": ".",
            "pos": "SENT",
            "lemma": ".",
            "has_context": "false",
            "is_title": "false"
        },
        {
            "id": 205,
            "form": "A",
            "pos": "PRE",
            "lemma": "a",
            "has_context": "false",
            "is_title": "false"
        },
        {
            "id": 206,
            "form": "loro",
            "pos": "PRO",
            "lemma": "loro",
            "has_context": "false",
            "is_title": "false"
        },
        {
            "id": 207,
            "form": "piacerebbe",
            "pos": "VER",
            "lemma": "piacere",
            "has_context": "false",
            "is_title": "false"
        },
        {
            "id": 208,
            "form": "avere",
            "pos": "VER",
            "lemma": "avere",
            "has_context": "false",
            "is_title": "false"
        },
        {
            "id": 209,
            "form": "una",
            "pos": "DET",
            "lemma": "una",
            "has_context": "false",
            "is_title": "false"
        },
        {
            "id": 210,
            "form": "famiglia",
            "pos": "NOM",
            "lemma": "famiglia",
            "has_context": "false",
            "is_title": "false"
        },
        {
            "id": 211,
            "form": "numerosa",
            "pos": "ADJ",
            "lemma": "numeroso",
            "has_context": "true",
            "is_title": "false"
        },
        {
            "id": 212,
            "form": ",",
            "pos": "PON",
            "lemma": ",",
            "has_context": "false",
            "is_title": "false"
        },
        {
            "id": 213,
            "form": "per",
            "pos": "PRE",
            "lemma": "per",
            "has_context": "false",
            "is_title": "false"
        },
        {
            "id": 214,
            "form": "questo",
            "pos": "PRO",
            "lemma": "questo",
            "has_context": "false",
            "is_title": "false"
        },
        {
            "id": 215,
            "form": "vorrebbero",
            "pos": "VER",
            "lemma": "volere",
            "has_context": "false",
            "is_title": "false"
        },
        {
            "id": 216,
            "form": "almeno",
            "pos": "ADV",
            "lemma": "almeno",
            "has_context": "true",
            "is_title": "false"
        },
        {
            "id": 217,
            "form": "tre",
            "pos": "ADJ",
            "lemma": "tre",
            "has_context": "false",
            "is_title": "false"
        },
        {
            "id": 218,
            "form": "bambini",
            "pos": "NOM",
            "lemma": "bambino",
            "has_context": "false",
            "is_title": "false"
        },
        {
            "id": 219,
            "form": "!",
            "pos": "SENT",
            "lemma": "!",
            "has_context": "false",
            "is_title": "false"
        }
    ]
