    [
        {
            "id": 1,
            "form": "I",
            "pos": "DET",
            "lemma": "il",
            "has_context": "false",
            "is_title": "true"
        },
        {
            "id": 2,
            "form": "miei",
            "pos": "PRO",
            "lemma": "mio",
            "has_context": "false",
            "is_title": "true"
        },
        {
            "id": 3,
            "form": "genitori",
            "pos": "NOM",
            "lemma": "genitore",
            "has_context": "false",
            "is_title": "true"
        },
        {
            "id": 4,
            "form": "Ieri",
            "pos": "ADV",
            "lemma": "ieri",
            "has_context": "false",
            "is_title": "false"
        },
        {
            "id": 5,
            "form": "io",
            "pos": "PRO",
            "lemma": "io",
            "has_context": "false",
            "is_title": "false"
        },
        {
            "id": 6,
            "form": "e",
            "pos": "CON",
            "lemma": "e",
            "has_context": "false",
            "is_title": "false"
        },
        {
            "id": 7,
            "form": "mio",
            "pos": "ADJ",
            "lemma": "mio",
            "has_context": "false",
            "is_title": "false"
        },
        {
            "id": 8,
            "form": "fratello",
            "pos": "NOM",
            "lemma": "fratello",
            "has_context": "false",
            "is_title": "false"
        },
        {
            "id": 9,
            "form": "abbiamo",
            "pos": "VER",
            "lemma": "avere",
            "has_context": "false",
            "is_title": "false"
        },
        {
            "id": 10,
            "form": "incontrato",
            "pos": "VER",
            "lemma": "incontrare",
            "has_context": "false",
            "is_title": "false"
        },
        {
            "id": 11,
            "form": "nostra",
            "pos": "ADJ",
            "lemma": "nostro",
            "has_context": "false",
            "is_title": "false"
        },
        {
            "id": 12,
            "form": "zia",
            "pos": "NOM",
            "lemma": "zia",
            "has_context": "false",
            "is_title": "false"
        },
        {
            "id": 13,
            "form": "in",
            "pos": "PRE",
            "lemma": "in",
            "has_context": "false",
            "is_title": "false"
        },
        {
            "id": 14,
            "form": "città",
            "pos": "NOM",
            "lemma": "città",
            "has_context": "false",
            "is_title": "false"
        },
        {
            "id": 15,
            "form": ".",
            "pos": "SENT",
            "lemma": ".",
            "has_context": "false",
            "is_title": "false"
        },
        {
            "id": 16,
            "form": "Lei",
            "pos": "PRO",
            "lemma": "lei",
            "has_context": "false",
            "is_title": "false"
        },
        {
            "id": 17,
            "form": "ci",
            "pos": "PRO",
            "lemma": "ci",
            "has_context": "false",
            "is_title": "false"
        },
        {
            "id": 18,
            "form": "ha",
            "pos": "VER",
            "lemma": "avere",
            "has_context": "false",
            "is_title": "false"
        },
        {
            "id": 19,
            "form": "fermato",
            "pos": "VER",
            "lemma": "fermare",
            "has_context": "true",
            "is_title": "false"
        },
        {
            "id": 20,
            "form": "e",
            "pos": "CON",
            "lemma": "e",
            "has_context": "false",
            "is_title": "false"
        },
        {
            "id": 21,
            "form": "ci",
            "pos": "PRO",
            "lemma": "ci",
            "has_context": "false",
            "is_title": "false"
        },
        {
            "id": 22,
            "form": "ha",
            "pos": "VER",
            "lemma": "avere",
            "has_context": "false",
            "is_title": "false"
        },
        {
            "id": 23,
            "form": "raccontato",
            "pos": "VER",
            "lemma": "raccontare",
            "has_context": "true",
            "is_title": "false"
        },
        {
            "id": 24,
            "form": "che",
            "pos": "CON",
            "lemma": "che",
            "has_context": "false",
            "is_title": "false"
        },
        {
            "id": 25,
            "form": "un",
            "pos": "DET",
            "lemma": "un",
            "has_context": "false",
            "is_title": "false"
        },
        {
            "id": 26,
            "form": "suo",
            "pos": "ADJ",
            "lemma": "suo",
            "has_context": "false",
            "is_title": "false"
        },
        {
            "id": 27,
            "form": "amico",
            "pos": "NOM",
            "lemma": "amico",
            "has_context": "false",
            "is_title": "false"
        },
        {
            "id": 28,
            "form": "sta",
            "pos": "VER",
            "lemma": "stare",
            "has_context": "false",
            "is_title": "false"
        },
        {
            "id": 29,
            "form": "scrivendo",
            "pos": "VER",
            "lemma": "scrivere",
            "has_context": "false",
            "is_title": "false"
        },
        {
            "id": 30,
            "form": "un",
            "pos": "DET",
            "lemma": "un",
            "has_context": "false",
            "is_title": "false"
        },
        {
            "id": 31,
            "form": "articolo",
            "pos": "NOM",
            "lemma": "articolo",
            "has_context": "false",
            "is_title": "false"
        },
        {
            "id": 32,
            "form": "sui",
            "pos": "PRE",
            "lemma": "sul",
            "has_context": "false",
            "is_title": "false"
        },
        {
            "id": 33,
            "form": "matrimoni",
            "pos": "NOM",
            "lemma": "matrimonio",
            "has_context": "false",
            "is_title": "false"
        },
        {
            "id": 34,
            "form": "fra",
            "pos": "PRE",
            "lemma": "fra",
            "has_context": "false",
            "is_title": "false"
        },
        {
            "id": 35,
            "form": "persone",
            "pos": "NOM",
            "lemma": "persona",
            "has_context": "false",
            "is_title": "false"
        },
        {
            "id": 36,
            "form": "di",
            "pos": "PRE",
            "lemma": "di",
            "has_context": "false",
            "is_title": "false"
        },
        {
            "id": 37,
            "form": "nazionalità",
            "pos": "NOM",
            "lemma": "nazionalità",
            "has_context": "false",
            "is_title": "false"
        },
        {
            "id": 38,
            "form": "diversa",
            "pos": "ADJ",
            "lemma": "diverso",
            "has_context": "false",
            "is_title": "false"
        },
        {
            "id": 39,
            "form": ".",
            "pos": "SENT",
            "lemma": ".",
            "has_context": "false",
            "is_title": "false"
        },
        {
            "id": 40,
            "form": "Questo",
            "pos": "ADJ",
            "lemma": "questo",
            "has_context": "false",
            "is_title": "false"
        },
        {
            "id": 41,
            "form": "amico",
            "pos": "NOM",
            "lemma": "amico",
            "has_context": "false",
            "is_title": "false"
        },
        {
            "id": 42,
            "form": "le",
            "pos": "PRO",
            "lemma": "le",
            "has_context": "false",
            "is_title": "false"
        },
        {
            "id": 43,
            "form": "ha",
            "pos": "VER",
            "lemma": "avere",
            "has_context": "false",
            "is_title": "false"
        },
        {
            "id": 44,
            "form": "chiesto",
            "pos": "VER",
            "lemma": "chiedere",
            "has_context": "false",
            "is_title": "false"
        },
        {
            "id": 45,
            "form": "se",
            "pos": "CON",
            "lemma": "se",
            "has_context": "false",
            "is_title": "false"
        },
        {
            "id": 46,
            "form": "conosceva",
            "pos": "VER",
            "lemma": "conoscere",
            "has_context": "false",
            "is_title": "false"
        },
        {
            "id": 47,
            "form": "qualcuno",
            "pos": "PRO",
            "lemma": "qualcuno",
            "has_context": "false",
            "is_title": "false"
        },
        {
            "id": 48,
            "form": "da",
            "pos": "PRE",
            "lemma": "da",
            "has_context": "false",
            "is_title": "false"
        },
        {
            "id": 49,
            "form": "poter",
            "pos": "VER",
            "lemma": "potere",
            "has_context": "false",
            "is_title": "false"
        },
        {
            "id": 50,
            "form": "intervistare",
            "pos": "VER",
            "lemma": "intervistare",
            "has_context": "true",
            "is_title": "false"
        },
        {
            "id": 51,
            "form": "e",
            "pos": "CON",
            "lemma": "e",
            "has_context": "false",
            "is_title": "false"
        },
        {
            "id": 52,
            "form": "subito",
            "pos": "ADV",
            "lemma": "subito",
            "has_context": "false",
            "is_title": "false"
        },
        {
            "id": 53,
            "form": "le",
            "pos": "PRO",
            "lemma": "le",
            "has_context": "false",
            "is_title": "false"
        },
        {
            "id": 54,
            "form": "è",
            "pos": "VER",
            "lemma": "essere",
            "has_context": "false",
            "is_title": "false"
        },
        {
            "id": 55,
            "form": "venuto",
            "pos": "VER",
            "lemma": "venire",
            "has_context": "false",
            "is_title": "false"
        },
        {
            "id": 56,
            "form": "in",
            "pos": "PRE",
            "lemma": "in",
            "has_context": "false",
            "is_title": "false"
        },
        {
            "id": 57,
            "form": "mente",
            "pos": "NOM",
            "lemma": "mente",
            "has_context": "true",
            "is_title": "false"
        },
        {
            "id": 58,
            "form": "nostro",
            "pos": "ADJ",
            "lemma": "nostro",
            "has_context": "false",
            "is_title": "false"
        },
        {
            "id": 59,
            "form": "padre",
            "pos": "NOM",
            "lemma": "padre",
            "has_context": "false",
            "is_title": "false"
        },
        {
            "id": 60,
            "form": ".",
            "pos": "SENT",
            "lemma": ".",
            "has_context": "false",
            "is_title": "false"
        },
        {
            "id": 61,
            "form": "Vi",
            "pos": "PRO",
            "lemma": "vi",
            "has_context": "false",
            "is_title": "false"
        },
        {
            "id": 62,
            "form": "racconto",
            "pos": "NOM",
            "lemma": "racconto",
            "has_context": "true",
            "is_title": "false"
        },
        {
            "id": 63,
            "form": "dei",
            "pos": "PRE",
            "lemma": "del",
            "has_context": "false",
            "is_title": "false"
        },
        {
            "id": 64,
            "form": "miei",
            "pos": "ADJ",
            "lemma": "mio",
            "has_context": "false",
            "is_title": "false"
        },
        {
            "id": 65,
            "form": "genitori",
            "pos": "NOM",
            "lemma": "genitore",
            "has_context": "false",
            "is_title": "false"
        },
        {
            "id": 66,
            "form": "e",
            "pos": "CON",
            "lemma": "e",
            "has_context": "false",
            "is_title": "false"
        },
        {
            "id": 67,
            "form": "di",
            "pos": "PRE",
            "lemma": "di",
            "has_context": "false",
            "is_title": "false"
        },
        {
            "id": 68,
            "form": "come",
            "pos": "PRE",
            "lemma": "come",
            "has_context": "false",
            "is_title": "false"
        },
        {
            "id": 69,
            "form": "si",
            "pos": "PRO",
            "lemma": "si",
            "has_context": "false",
            "is_title": "false"
        },
        {
            "id": 70,
            "form": "sono",
            "pos": "VER",
            "lemma": "essere",
            "has_context": "false",
            "is_title": "false"
        },
        {
            "id": 71,
            "form": "incontrati",
            "pos": "VER",
            "lemma": "incontrare",
            "has_context": "false",
            "is_title": "false"
        },
        {
            "id": 72,
            "form": "se",
            "pos": "CON",
            "lemma": "se",
            "has_context": "false",
            "is_title": "false"
        },
        {
            "id": 73,
            "form": "vi",
            "pos": "PRO",
            "lemma": "vi",
            "has_context": "false",
            "is_title": "false"
        },
        {
            "id": 74,
            "form": "va",
            "pos": "VER",
            "lemma": "andare",
            "has_context": "false",
            "is_title": "false"
        },
        {
            "id": 75,
            "form": "di",
            "pos": "PRE",
            "lemma": "di",
            "has_context": "false",
            "is_title": "false"
        },
        {
            "id": 76,
            "form": "ascoltare",
            "pos": "VER",
            "lemma": "ascoltare",
            "has_context": "false",
            "is_title": "false"
        },
        {
            "id": 77,
            "form": ".",
            "pos": "SENT",
            "lemma": ".",
            "has_context": "false",
            "is_title": "false"
        },
        {
            "id": 78,
            "form": "Mia",
            "pos": "ADJ",
            "lemma": "mio",
            "has_context": "false",
            "is_title": "false"
        },
        {
            "id": 79,
            "form": "madre",
            "pos": "NOM",
            "lemma": "madre",
            "has_context": "false",
            "is_title": "false"
        },
        {
            "id": 80,
            "form": "è",
            "pos": "VER",
            "lemma": "essere",
            "has_context": "false",
            "is_title": "false"
        },
        {
            "id": 81,
            "form": "svedese",
            "pos": "ADJ",
            "lemma": "svedese",
            "has_context": "false",
            "is_title": "false"
        },
        {
            "id": 82,
            "form": "e",
            "pos": "CON",
            "lemma": "e",
            "has_context": "false",
            "is_title": "false"
        },
        {
            "id": 83,
            "form": "da",
            "pos": "PRE",
            "lemma": "da",
            "has_context": "false",
            "is_title": "false"
        },
        {
            "id": 84,
            "form": "giovane",
            "pos": "ADJ",
            "lemma": "giovane",
            "has_context": "false",
            "is_title": "false"
        },
        {
            "id": 85,
            "form": "viaggiava",
            "pos": "VER",
            "lemma": "viaggiare",
            "has_context": "false",
            "is_title": "false"
        },
        {
            "id": 86,
            "form": "spesso",
            "pos": "ADV",
            "lemma": "spesso",
            "has_context": "false",
            "is_title": "false"
        },
        {
            "id": 87,
            "form": "per",
            "pos": "PRE",
            "lemma": "per",
            "has_context": "false",
            "is_title": "false"
        },
        {
            "id": 88,
            "form": "le",
            "pos": "DET",
            "lemma": "il",
            "has_context": "false",
            "is_title": "false"
        },
        {
            "id": 89,
            "form": "vacanze",
            "pos": "NOM",
            "lemma": "vacanza",
            "has_context": "false",
            "is_title": "false"
        },
        {
            "id": 90,
            "form": "estive",
            "pos": "ADJ",
            "lemma": "estivo",
            "has_context": "true",
            "is_title": "false"
        },
        {
            "id": 91,
            "form": ".",
            "pos": "SENT",
            "lemma": ".",
            "has_context": "false",
            "is_title": "false"
        },
        {
            "id": 92,
            "form": "Un",
            "pos": "DET",
            "lemma": "un",
            "has_context": "false",
            "is_title": "false"
        },
        {
            "id": 93,
            "form": "anno",
            "pos": "NOM",
            "lemma": "anno",
            "has_context": "false",
            "is_title": "false"
        },
        {
            "id": 94,
            "form": "è",
            "pos": "VER",
            "lemma": "essere",
            "has_context": "false",
            "is_title": "false"
        },
        {
            "id": 95,
            "form": "andata",
            "pos": "VER",
            "lemma": "andare",
            "has_context": "false",
            "is_title": "false"
        },
        {
            "id": 96,
            "form": "a",
            "pos": "PRE",
            "lemma": "a",
            "has_context": "false",
            "is_title": "false"
        },
        {
            "id": 97,
            "form": "Rimini",
            "pos": "NPR",
            "lemma": "Rimini",
            "has_context": "false",
            "is_title": "false"
        },
        {
            "id": 98,
            "form": "per",
            "pos": "PRE",
            "lemma": "per",
            "has_context": "false",
            "is_title": "false"
        },
        {
            "id": 99,
            "form": "due",
            "pos": "ADJ",
            "lemma": "due",
            "has_context": "false",
            "is_title": "false"
        },
        {
            "id": 100,
            "form": "settimane",
            "pos": "NOM",
            "lemma": "settimana",
            "has_context": "false",
            "is_title": "false"
        },
        {
            "id": 101,
            "form": "e",
            "pos": "CON",
            "lemma": "e",
            "has_context": "false",
            "is_title": "false"
        },
        {
            "id": 102,
            "form": "ha",
            "pos": "VER",
            "lemma": "avere",
            "has_context": "false",
            "is_title": "false"
        },
        {
            "id": 103,
            "form": "incontrato",
            "pos": "VER",
            "lemma": "incontrare",
            "has_context": "false",
            "is_title": "false"
        },
        {
            "id": 104,
            "form": "mio",
            "pos": "ADJ",
            "lemma": "mio",
            "has_context": "false",
            "is_title": "false"
        },
        {
            "id": 105,
            "form": "padre",
            "pos": "NOM",
            "lemma": "padre",
            "has_context": "false",
            "is_title": "false"
        },
        {
            "id": 106,
            "form": ".",
            "pos": "SENT",
            "lemma": ".",
            "has_context": "false",
            "is_title": "false"
        },
        {
            "id": 107,
            "form": "Voi",
            "pos": "PRO",
            "lemma": "voi",
            "has_context": "false",
            "is_title": "false"
        },
        {
            "id": 108,
            "form": "penserete",
            "pos": "VER",
            "lemma": "pensare",
            "has_context": "false",
            "is_title": "false"
        },
        {
            "id": 109,
            "form": "che",
            "pos": "CON",
            "lemma": "che",
            "has_context": "false",
            "is_title": "false"
        },
        {
            "id": 110,
            "form": "lo",
            "pos": "PRO",
            "lemma": "lo",
            "has_context": "false",
            "is_title": "false"
        },
        {
            "id": 111,
            "form": "ha",
            "pos": "VER",
            "lemma": "avere",
            "has_context": "false",
            "is_title": "false"
        },
        {
            "id": 112,
            "form": "incontrato",
            "pos": "VER",
            "lemma": "incontrare",
            "has_context": "false",
            "is_title": "false"
        },
        {
            "id": 113,
            "form": "in",
            "pos": "PRE",
            "lemma": "in",
            "has_context": "false",
            "is_title": "false"
        },
        {
            "id": 114,
            "form": "spiaggia",
            "pos": "NOM",
            "lemma": "spiaggia",
            "has_context": "false",
            "is_title": "false"
        },
        {
            "id": 115,
            "form": ",",
            "pos": "PON",
            "lemma": ",",
            "has_context": "false",
            "is_title": "false"
        },
        {
            "id": 116,
            "form": "ma",
            "pos": "CON",
            "lemma": "ma",
            "has_context": "false",
            "is_title": "false"
        },
        {
            "id": 117,
            "form": "non",
            "pos": "ADV",
            "lemma": "non",
            "has_context": "false",
            "is_title": "false"
        },
        {
            "id": 118,
            "form": "è",
            "pos": "VER",
            "lemma": "essere",
            "has_context": "false",
            "is_title": "false"
        },
        {
            "id": 119,
            "form": "così",
            "pos": "ADV",
            "lemma": "così",
            "has_context": "false",
            "is_title": "false"
        },
        {
            "id": 120,
            "form": ":",
            "pos": "PON",
            "lemma": ":",
            "has_context": "false",
            "is_title": "false"
        },
        {
            "id": 121,
            "form": "lo",
            "pos": "PRO",
            "lemma": "lo",
            "has_context": "false",
            "is_title": "false"
        },
        {
            "id": 122,
            "form": "ha",
            "pos": "VER",
            "lemma": "avere",
            "has_context": "false",
            "is_title": "false"
        },
        {
            "id": 123,
            "form": "conosciuto",
            "pos": "VER",
            "lemma": "conoscere",
            "has_context": "false",
            "is_title": "false"
        },
        {
            "id": 124,
            "form": "in",
            "pos": "PRE",
            "lemma": "in",
            "has_context": "false",
            "is_title": "false"
        },
        {
            "id": 125,
            "form": "discoteca",
            "pos": "NOM",
            "lemma": "discoteca",
            "has_context": "false",
            "is_title": "false"
        },
        {
            "id": 126,
            "form": "!",
            "pos": "SENT",
            "lemma": "!",
            "has_context": "false",
            "is_title": "false"
        },
        {
            "id": 127,
            "form": "La",
            "pos": "DET",
            "lemma": "il",
            "has_context": "false",
            "is_title": "false"
        },
        {
            "id": 128,
            "form": "sera",
            "pos": "NOM",
            "lemma": "sera",
            "has_context": "false",
            "is_title": "false"
        },
        {
            "id": 129,
            "form": "stessa",
            "pos": "ADJ",
            "lemma": "stesso",
            "has_context": "false",
            "is_title": "false"
        },
        {
            "id": 130,
            "form": "lui",
            "pos": "PRO",
            "lemma": "lui",
            "has_context": "false",
            "is_title": "false"
        },
        {
            "id": 131,
            "form": "le",
            "pos": "PRO",
            "lemma": "le",
            "has_context": "false",
            "is_title": "false"
        },
        {
            "id": 132,
            "form": "ha",
            "pos": "VER",
            "lemma": "avere",
            "has_context": "false",
            "is_title": "false"
        },
        {
            "id": 133,
            "form": "chiesto",
            "pos": "VER",
            "lemma": "chiedere",
            "has_context": "false",
            "is_title": "false"
        },
        {
            "id": 134,
            "form": "l’",
            "pos": "DET",
            "lemma": "il",
            "has_context": "false",
            "is_title": "false"
        },
        {
            "id": 135,
            "form": "indirizzo",
            "pos": "NOM",
            "lemma": "indirizzo",
            "has_context": "false",
            "is_title": "false"
        },
        {
            "id": 136,
            "form": "e",
            "pos": "CON",
            "lemma": "e",
            "has_context": "false",
            "is_title": "false"
        },
        {
            "id": 137,
            "form": "appena",
            "pos": "ADV",
            "lemma": "appena",
            "has_context": "false",
            "is_title": "false"
        },
        {
            "id": 138,
            "form": "è",
            "pos": "VER",
            "lemma": "essere",
            "has_context": "false",
            "is_title": "false"
        },
        {
            "id": 139,
            "form": "partita",
            "pos": "VER",
            "lemma": "partire",
            "has_context": "false",
            "is_title": "false"
        },
        {
            "id": 140,
            "form": "le",
            "pos": "PRO",
            "lemma": "le",
            "has_context": "false",
            "is_title": "false"
        },
        {
            "id": 141,
            "form": "ha",
            "pos": "VER",
            "lemma": "avere",
            "has_context": "false",
            "is_title": "false"
        },
        {
            "id": 142,
            "form": "scritto",
            "pos": "VER",
            "lemma": "scrivere",
            "has_context": "false",
            "is_title": "false"
        },
        {
            "id": 143,
            "form": "una",
            "pos": "DET",
            "lemma": "una",
            "has_context": "false",
            "is_title": "false"
        },
        {
            "id": 144,
            "form": "lettera",
            "pos": "NOM",
            "lemma": "lettera",
            "has_context": "false",
            "is_title": "false"
        },
        {
            "id": 145,
            "form": ".",
            "pos": "SENT",
            "lemma": ".",
            "has_context": "false",
            "is_title": "false"
        },
        {
            "id": 146,
            "form": "Non",
            "pos": "ADV",
            "lemma": "non",
            "has_context": "false",
            "is_title": "false"
        },
        {
            "id": 147,
            "form": "c’",
            "pos": "ADV",
            "lemma": "ci",
            "has_context": "false",
            "is_title": "false"
        },
        {
            "id": 148,
            "form": "è",
            "pos": "VER",
            "lemma": "essere",
            "has_context": "false",
            "is_title": "false"
        },
        {
            "id": 149,
            "form": "bisogno",
            "pos": "NOM",
            "lemma": "bisogno",
            "has_context": "false",
            "is_title": "false"
        },
        {
            "id": 150,
            "form": "che",
            "pos": "PRO",
            "lemma": "che",
            "has_context": "false",
            "is_title": "false"
        },
        {
            "id": 151,
            "form": "vi",
            "pos": "PRO",
            "lemma": "vi",
            "has_context": "false",
            "is_title": "false"
        },
        {
            "id": 152,
            "form": "racconti",
            "pos": "VER",
            "lemma": "raccontare",
            "has_context": "true",
            "is_title": "false"
        },
        {
            "id": 153,
            "form": "cosa",
            "pos": "PRO",
            "lemma": "cosa",
            "has_context": "false",
            "is_title": "false"
        },
        {
            "id": 154,
            "form": "è",
            "pos": "VER",
            "lemma": "essere",
            "has_context": "false",
            "is_title": "false"
        },
        {
            "id": 155,
            "form": "successo",
            "pos": "VER",
            "lemma": "succedere",
            "has_context": "false",
            "is_title": "false"
        },
        {
            "id": 156,
            "form": ",",
            "pos": "PON",
            "lemma": ",",
            "has_context": "false",
            "is_title": "false"
        },
        {
            "id": 157,
            "form": "probabilmente",
            "pos": "ADV",
            "lemma": "probabilmente",
            "has_context": "false",
            "is_title": "false"
        },
        {
            "id": 158,
            "form": "lo",
            "pos": "PRO",
            "lemma": "lo",
            "has_context": "false",
            "is_title": "false"
        },
        {
            "id": 159,
            "form": "potete",
            "pos": "VER",
            "lemma": "potere",
            "has_context": "false",
            "is_title": "false"
        },
        {
            "id": 160,
            "form": "immaginare",
            "pos": "VER",
            "lemma": "immaginare",
            "has_context": "true",
            "is_title": "false"
        },
        {
            "id": 161,
            "form": ".",
            "pos": "SENT",
            "lemma": ".",
            "has_context": "false",
            "is_title": "false"
        },
        {
            "id": 162,
            "form": "Si",
            "pos": "PRO",
            "lemma": "si",
            "has_context": "false",
            "is_title": "false"
        },
        {
            "id": 163,
            "form": "sono",
            "pos": "VER",
            "lemma": "essere",
            "has_context": "false",
            "is_title": "false"
        },
        {
            "id": 164,
            "form": "innamorati",
            "pos": "VER",
            "lemma": "innamorare",
            "has_context": "true",
            "is_title": "false"
        },
        {
            "id": 165,
            "form": "e",
            "pos": "CON",
            "lemma": "e",
            "has_context": "false",
            "is_title": "false"
        },
        {
            "id": 166,
            "form": "da",
            "pos": "PRE",
            "lemma": "da",
            "has_context": "false",
            "is_title": "false"
        },
        {
            "id": 167,
            "form": "allora",
            "pos": "ADV",
            "lemma": "allora",
            "has_context": "false",
            "is_title": "false"
        },
        {
            "id": 168,
            "form": "non",
            "pos": "ADV",
            "lemma": "non",
            "has_context": "false",
            "is_title": "false"
        },
        {
            "id": 169,
            "form": "si",
            "pos": "PRO",
            "lemma": "si",
            "has_context": "false",
            "is_title": "false"
        },
        {
            "id": 170,
            "form": "sono",
            "pos": "VER",
            "lemma": "essere",
            "has_context": "false",
            "is_title": "false"
        },
        {
            "id": 171,
            "form": "più",
            "pos": "ADV",
            "lemma": "più",
            "has_context": "false",
            "is_title": "false"
        },
        {
            "id": 172,
            "form": "lasciati",
            "pos": "VER",
            "lemma": "lasciare",
            "has_context": "false",
            "is_title": "false"
        },
        {
            "id": 173,
            "form": ".",
            "pos": "SENT",
            "lemma": ".",
            "has_context": "false",
            "is_title": "false"
        },
        {
            "id": 174,
            "form": "Nel",
            "pos": "PRE",
            "lemma": "nel",
            "has_context": "false",
            "is_title": "false"
        },
        {
            "id": 175,
            "form": "corso",
            "pos": "NOM",
            "lemma": "corso",
            "has_context": "false",
            "is_title": "false"
        },
        {
            "id": 176,
            "form": "degli",
            "pos": "PRE",
            "lemma": "del",
            "has_context": "false",
            "is_title": "false"
        },
        {
            "id": 177,
            "form": "anni",
            "pos": "NOM",
            "lemma": "anno",
            "has_context": "false",
            "is_title": "false"
        },
        {
            "id": 178,
            "form": "ci",
            "pos": "PRO",
            "lemma": "ci",
            "has_context": "false",
            "is_title": "false"
        },
        {
            "id": 179,
            "form": "hanno",
            "pos": "VER",
            "lemma": "avere",
            "has_context": "false",
            "is_title": "false"
        },
        {
            "id": 180,
            "form": "raccontato",
            "pos": "VER",
            "lemma": "raccontare",
            "has_context": "true",
            "is_title": "false"
        },
        {
            "id": 181,
            "form": "la",
            "pos": "DET",
            "lemma": "il",
            "has_context": "false",
            "is_title": "false"
        },
        {
            "id": 182,
            "form": "loro",
            "pos": "ADJ",
            "lemma": "loro",
            "has_context": "false",
            "is_title": "false"
        },
        {
            "id": 183,
            "form": "storia",
            "pos": "NOM",
            "lemma": "storia",
            "has_context": "false",
            "is_title": "false"
        },
        {
            "id": 184,
            "form": "tante",
            "pos": "ADJ",
            "lemma": "tanto",
            "has_context": "false",
            "is_title": "false"
        },
        {
            "id": 185,
            "form": "volte",
            "pos": "NOM",
            "lemma": "volta",
            "has_context": "false",
            "is_title": "false"
        },
        {
            "id": 186,
            "form": "e",
            "pos": "CON",
            "lemma": "e",
            "has_context": "false",
            "is_title": "false"
        },
        {
            "id": 187,
            "form": "ogni",
            "pos": "ADJ",
            "lemma": "ogni",
            "has_context": "false",
            "is_title": "false"
        },
        {
            "id": 188,
            "form": "volta",
            "pos": "NOM",
            "lemma": "volta",
            "has_context": "false",
            "is_title": "false"
        },
        {
            "id": 189,
            "form": "aggiungevano",
            "pos": "VER",
            "lemma": "aggiungere",
            "has_context": "true",
            "is_title": "false"
        },
        {
            "id": 190,
            "form": "dettagli",
            "pos": "NOM",
            "lemma": "dettaglio",
            "has_context": "true",
            "is_title": "false"
        },
        {
            "id": 191,
            "form": "nuovi",
            "pos": "ADJ",
            "lemma": "nuovo",
            "has_context": "false",
            "is_title": "false"
        },
        {
            "id": 192,
            "form": ":",
            "pos": "PON",
            "lemma": ":",
            "has_context": "false",
            "is_title": "false"
        },
        {
            "id": 193,
            "form": "il",
            "pos": "DET",
            "lemma": "il",
            "has_context": "false",
            "is_title": "false"
        },
        {
            "id": 194,
            "form": "posto",
            "pos": "NOM",
            "lemma": "posto",
            "has_context": "false",
            "is_title": "false"
        },
        {
            "id": 195,
            "form": "dove",
            "pos": "PRO",
            "lemma": "dove",
            "has_context": "false",
            "is_title": "false"
        },
        {
            "id": 196,
            "form": "si",
            "pos": "PRO",
            "lemma": "si",
            "has_context": "false",
            "is_title": "false"
        },
        {
            "id": 197,
            "form": "sono",
            "pos": "VER",
            "lemma": "essere",
            "has_context": "false",
            "is_title": "false"
        },
        {
            "id": 198,
            "form": "incontrati",
            "pos": "VER",
            "lemma": "incontrare",
            "has_context": "false",
            "is_title": "false"
        },
        {
            "id": 199,
            "form": ",",
            "pos": "PON",
            "lemma": ",",
            "has_context": "false",
            "is_title": "false"
        },
        {
            "id": 200,
            "form": "le",
            "pos": "DET",
            "lemma": "il",
            "has_context": "false",
            "is_title": "false"
        },
        {
            "id": 201,
            "form": "lettere",
            "pos": "NOM",
            "lemma": "lettera",
            "has_context": "false",
            "is_title": "false"
        },
        {
            "id": 202,
            "form": "che",
            "pos": "PRO",
            "lemma": "che",
            "has_context": "false",
            "is_title": "false"
        },
        {
            "id": 203,
            "form": "lei",
            "pos": "PRO",
            "lemma": "lei",
            "has_context": "false",
            "is_title": "false"
        },
        {
            "id": 204,
            "form": "gli",
            "pos": "PRO",
            "lemma": "gli",
            "has_context": "false",
            "is_title": "false"
        },
        {
            "id": 205,
            "form": "inviava",
            "pos": "VER",
            "lemma": "inviare",
            "has_context": "true",
            "is_title": "false"
        },
        {
            "id": 206,
            "form": ",",
            "pos": "PON",
            "lemma": ",",
            "has_context": "false",
            "is_title": "false"
        },
        {
            "id": 207,
            "form": "i",
            "pos": "DET",
            "lemma": "il",
            "has_context": "false",
            "is_title": "false"
        },
        {
            "id": 208,
            "form": "regali",
            "pos": "NOM",
            "lemma": "regalo",
            "has_context": "false",
            "is_title": "false"
        },
        {
            "id": 209,
            "form": "che",
            "pos": "PRO",
            "lemma": "che",
            "has_context": "false",
            "is_title": "false"
        },
        {
            "id": 210,
            "form": "lui",
            "pos": "PRO",
            "lemma": "lui",
            "has_context": "false",
            "is_title": "false"
        },
        {
            "id": 211,
            "form": "le",
            "pos": "PRO",
            "lemma": "le",
            "has_context": "false",
            "is_title": "false"
        },
        {
            "id": 212,
            "form": "spediva",
            "pos": "VER",
            "lemma": "spedire",
            "has_context": "false",
            "is_title": "false"
        },
        {
            "id": 213,
            "form": ",",
            "pos": "PON",
            "lemma": ",",
            "has_context": "false",
            "is_title": "false"
        },
        {
            "id": 214,
            "form": "le",
            "pos": "DET",
            "lemma": "il",
            "has_context": "false",
            "is_title": "false"
        },
        {
            "id": 215,
            "form": "telefonate",
            "pos": "NOM",
            "lemma": "telefonata",
            "has_context": "false",
            "is_title": "false"
        },
        {
            "id": 216,
            "form": "che",
            "pos": "PRO",
            "lemma": "che",
            "has_context": "false",
            "is_title": "false"
        },
        {
            "id": 217,
            "form": "lei",
            "pos": "PRO",
            "lemma": "lei",
            "has_context": "false",
            "is_title": "false"
        },
        {
            "id": 218,
            "form": "gli",
            "pos": "PRO",
            "lemma": "gli",
            "has_context": "false",
            "is_title": "false"
        },
        {
            "id": 219,
            "form": "faceva",
            "pos": "VER",
            "lemma": "fare",
            "has_context": "false",
            "is_title": "false"
        },
        {
            "id": 220,
            "form": "...",
            "pos": "PON",
            "lemma": "...",
            "has_context": "false",
            "is_title": "false"
        },
        {
            "id": 221,
            "form": "e",
            "pos": "CON",
            "lemma": "e",
            "has_context": "false",
            "is_title": "false"
        },
        {
            "id": 222,
            "form": "infine",
            "pos": "ADV",
            "lemma": "infine",
            "has_context": "true",
            "is_title": "false"
        },
        {
            "id": 223,
            "form": "l’",
            "pos": "DET",
            "lemma": "il",
            "has_context": "false",
            "is_title": "false"
        },
        {
            "id": 224,
            "form": "occasione",
            "pos": "NOM",
            "lemma": "occasione",
            "has_context": "true",
            "is_title": "false"
        },
        {
            "id": 225,
            "form": "in",
            "pos": "PRE",
            "lemma": "in",
            "has_context": "false",
            "is_title": "false"
        },
        {
            "id": 226,
            "form": "cui",
            "pos": "PRO",
            "lemma": "cui",
            "has_context": "false",
            "is_title": "false"
        },
        {
            "id": 227,
            "form": "lui",
            "pos": "PRO",
            "lemma": "lui",
            "has_context": "false",
            "is_title": "false"
        },
        {
            "id": 228,
            "form": "le",
            "pos": "PRO",
            "lemma": "le",
            "has_context": "false",
            "is_title": "false"
        },
        {
            "id": 229,
            "form": "ha",
            "pos": "VER",
            "lemma": "avere",
            "has_context": "false",
            "is_title": "false"
        },
        {
            "id": 230,
            "form": "chiesto",
            "pos": "VER",
            "lemma": "chiedere",
            "has_context": "false",
            "is_title": "false"
        },
        {
            "id": 231,
            "form": "di",
            "pos": "PRE",
            "lemma": "di",
            "has_context": "false",
            "is_title": "false"
        },
        {
            "id": 232,
            "form": "sposarlo",
            "pos": "VER",
            "lemma": "sposare",
            "has_context": "false",
            "is_title": "false"
        },
        {
            "id": 233,
            "form": ".",
            "pos": "SENT",
            "lemma": ".",
            "has_context": "false",
            "is_title": "false"
        },
        {
            "id": 234,
            "form": "Mia",
            "pos": "ADJ",
            "lemma": "mio",
            "has_context": "false",
            "is_title": "false"
        },
        {
            "id": 235,
            "form": "zia",
            "pos": "NOM",
            "lemma": "zia",
            "has_context": "false",
            "is_title": "false"
        },
        {
            "id": 236,
            "form": "così",
            "pos": "ADV",
            "lemma": "così",
            "has_context": "false",
            "is_title": "false"
        },
        {
            "id": 237,
            "form": "ha",
            "pos": "VER",
            "lemma": "avere",
            "has_context": "false",
            "is_title": "false"
        },
        {
            "id": 238,
            "form": "pensato",
            "pos": "VER",
            "lemma": "pensare",
            "has_context": "false",
            "is_title": "false"
        },
        {
            "id": 239,
            "form": "di",
            "pos": "PRE",
            "lemma": "di",
            "has_context": "false",
            "is_title": "false"
        },
        {
            "id": 240,
            "form": "telefonare",
            "pos": "VER",
            "lemma": "telefonare",
            "has_context": "false",
            "is_title": "false"
        },
        {
            "id": 241,
            "form": "a",
            "pos": "PRE",
            "lemma": "a",
            "has_context": "false",
            "is_title": "false"
        },
        {
            "id": 242,
            "form": "mio",
            "pos": "ADJ",
            "lemma": "mio",
            "has_context": "false",
            "is_title": "false"
        },
        {
            "id": 243,
            "form": "padre",
            "pos": "NOM",
            "lemma": "padre",
            "has_context": "false",
            "is_title": "false"
        },
        {
            "id": 244,
            "form": "e",
            "pos": "CON",
            "lemma": "e",
            "has_context": "false",
            "is_title": "false"
        },
        {
            "id": 245,
            "form": "chiedergli",
            "pos": "VER",
            "lemma": "chiedere",
            "has_context": "false",
            "is_title": "false"
        },
        {
            "id": 246,
            "form": "se",
            "pos": "CON",
            "lemma": "se",
            "has_context": "false",
            "is_title": "false"
        },
        {
            "id": 247,
            "form": "poteva",
            "pos": "VER",
            "lemma": "potere",
            "has_context": "false",
            "is_title": "false"
        },
        {
            "id": 248,
            "form": "organizzare",
            "pos": "VER",
            "lemma": "organizzare",
            "has_context": "false",
            "is_title": "false"
        },
        {
            "id": 249,
            "form": "un",
            "pos": "DET",
            "lemma": "un",
            "has_context": "false",
            "is_title": "false"
        },
        {
            "id": 250,
            "form": "incontro",
            "pos": "NOM",
            "lemma": "incontro",
            "has_context": "true",
            "is_title": "false"
        },
        {
            "id": 251,
            "form": "con",
            "pos": "PRE",
            "lemma": "con",
            "has_context": "false",
            "is_title": "false"
        },
        {
            "id": 252,
            "form": "il",
            "pos": "DET",
            "lemma": "il",
            "has_context": "false",
            "is_title": "false"
        },
        {
            "id": 253,
            "form": "giornalista",
            "pos": "NOM",
            "lemma": "giornalista",
            "has_context": "false",
            "is_title": "false"
        },
        {
            "id": 254,
            "form": "e",
            "pos": "CON",
            "lemma": "e",
            "has_context": "false",
            "is_title": "false"
        },
        {
            "id": 255,
            "form": "se",
            "pos": "PRO",
            "lemma": "se",
            "has_context": "false",
            "is_title": "false"
        },
        {
            "id": 256,
            "form": "aveva",
            "pos": "VER",
            "lemma": "avere",
            "has_context": "false",
            "is_title": "false"
        },
        {
            "id": 257,
            "form": "tempo",
            "pos": "NOM",
            "lemma": "tempo",
            "has_context": "false",
            "is_title": "false"
        },
        {
            "id": 258,
            "form": "di",
            "pos": "PRE",
            "lemma": "di",
            "has_context": "false",
            "is_title": "false"
        },
        {
            "id": 259,
            "form": "dargli",
            "pos": "VER",
            "lemma": "dare",
            "has_context": "false",
            "is_title": "false"
        },
        {
            "id": 260,
            "form": "una",
            "pos": "DET",
            "lemma": "una",
            "has_context": "false",
            "is_title": "false"
        },
        {
            "id": 261,
            "form": "mano",
            "pos": "NOM",
            "lemma": "mano",
            "has_context": "false",
            "is_title": "false"
        },
        {
            "id": 262,
            "form": "con",
            "pos": "PRE",
            "lemma": "con",
            "has_context": "false",
            "is_title": "false"
        },
        {
            "id": 263,
            "form": "la",
            "pos": "DET",
            "lemma": "il",
            "has_context": "false",
            "is_title": "false"
        },
        {
            "id": 264,
            "form": "sua",
            "pos": "ADJ",
            "lemma": "suo",
            "has_context": "false",
            "is_title": "false"
        },
        {
            "id": 265,
            "form": "ricerca",
            "pos": "NOM",
            "lemma": "ricerca",
            "has_context": "true",
            "is_title": "false"
        },
        {
            "id": 266,
            "form": "di",
            "pos": "PRE",
            "lemma": "di",
            "has_context": "false",
            "is_title": "false"
        },
        {
            "id": 267,
            "form": "coppie",
            "pos": "NOM",
            "lemma": "coppia",
            "has_context": "false",
            "is_title": "false"
        },
        {
            "id": 268,
            "form": "miste",
            "pos": "ADJ",
            "lemma": "misto",
            "has_context": "true",
            "is_title": "false"
        },
        {
            "id": 269,
            "form": ".",
            "pos": "SENT",
            "lemma": ".",
            "has_context": "false",
            "is_title": "false"
        },
        {
            "id": 270,
            "form": "Si",
            "pos": "PRO",
            "lemma": "si",
            "has_context": "false",
            "is_title": "false"
        },
        {
            "id": 271,
            "form": "incontreranno",
            "pos": "VER",
            "lemma": "incontrare",
            "has_context": "false",
            "is_title": "false"
        },
        {
            "id": 272,
            "form": "fra",
            "pos": "PRE",
            "lemma": "fra",
            "has_context": "false",
            "is_title": "false"
        },
        {
            "id": 273,
            "form": "qualche",
            "pos": "ADJ",
            "lemma": "qualche",
            "has_context": "false",
            "is_title": "false"
        },
        {
            "id": 274,
            "form": "giorno",
            "pos": "NOM",
            "lemma": "giorno",
            "has_context": "false",
            "is_title": "false"
        },
        {
            "id": 275,
            "form": "e",
            "pos": "CON",
            "lemma": "e",
            "has_context": "false",
            "is_title": "false"
        },
        {
            "id": 276,
            "form": "il",
            "pos": "DET",
            "lemma": "il",
            "has_context": "false",
            "is_title": "false"
        },
        {
            "id": 277,
            "form": "giornalista",
            "pos": "NOM",
            "lemma": "giornalista",
            "has_context": "false",
            "is_title": "false"
        },
        {
            "id": 278,
            "form": "lo",
            "pos": "PRO",
            "lemma": "lo",
            "has_context": "false",
            "is_title": "false"
        },
        {
            "id": 279,
            "form": "intervisterà",
            "pos": "VER",
            "lemma": "intervistare",
            "has_context": "true",
            "is_title": "false"
        },
        {
            "id": 280,
            "form": "per",
            "pos": "PRE",
            "lemma": "per",
            "has_context": "false",
            "is_title": "false"
        },
        {
            "id": 281,
            "form": "la",
            "pos": "DET",
            "lemma": "il",
            "has_context": "false",
            "is_title": "false"
        },
        {
            "id": 282,
            "form": "sua",
            "pos": "ADJ",
            "lemma": "suo",
            "has_context": "false",
            "is_title": "false"
        },
        {
            "id": 283,
            "form": "rubrica",
            "pos": "NOM",
            "lemma": "rubrica",
            "has_context": "true",
            "is_title": "false"
        },
        {
            "id": 284,
            "form": ",",
            "pos": "PON",
            "lemma": ",",
            "has_context": "false",
            "is_title": "false"
        },
        {
            "id": 285,
            "form": "gli",
            "pos": "PRO",
            "lemma": "gli",
            "has_context": "false",
            "is_title": "false"
        },
        {
            "id": 286,
            "form": "farà",
            "pos": "VER",
            "lemma": "fare",
            "has_context": "false",
            "is_title": "false"
        },
        {
            "id": 287,
            "form": "domande",
            "pos": "NOM",
            "lemma": "domanda",
            "has_context": "false",
            "is_title": "false"
        },
        {
            "id": 288,
            "form": "sulla",
            "pos": "PRE",
            "lemma": "sul",
            "has_context": "false",
            "is_title": "false"
        },
        {
            "id": 289,
            "form": "sua",
            "pos": "ADJ",
            "lemma": "suo",
            "has_context": "false",
            "is_title": "false"
        },
        {
            "id": 290,
            "form": "storia",
            "pos": "NOM",
            "lemma": "storia",
            "has_context": "false",
            "is_title": "false"
        },
        {
            "id": 291,
            "form": "e",
            "pos": "CON",
            "lemma": "e",
            "has_context": "false",
            "is_title": "false"
        },
        {
            "id": 292,
            "form": "il",
            "pos": "DET",
            "lemma": "il",
            "has_context": "false",
            "is_title": "false"
        },
        {
            "id": 293,
            "form": "suo",
            "pos": "ADJ",
            "lemma": "suo",
            "has_context": "false",
            "is_title": "false"
        },
        {
            "id": 294,
            "form": "matrimonio",
            "pos": "NOM",
            "lemma": "matrimonio",
            "has_context": "false",
            "is_title": "false"
        },
        {
            "id": 295,
            "form": "e",
            "pos": "CON",
            "lemma": "e",
            "has_context": "false",
            "is_title": "false"
        },
        {
            "id": 296,
            "form": "gli",
            "pos": "PRO",
            "lemma": "gli",
            "has_context": "false",
            "is_title": "false"
        },
        {
            "id": 297,
            "form": "farà",
            "pos": "VER",
            "lemma": "fare",
            "has_context": "false",
            "is_title": "false"
        },
        {
            "id": 298,
            "form": "anche",
            "pos": "CON",
            "lemma": "anche",
            "has_context": "false",
            "is_title": "false"
        },
        {
            "id": 299,
            "form": "una",
            "pos": "DET",
            "lemma": "una",
            "has_context": "false",
            "is_title": "false"
        },
        {
            "id": 300,
            "form": "foto",
            "pos": "NOM",
            "lemma": "foto",
            "has_context": "true",
            "is_title": "false"
        },
        {
            "id": 301,
            "form": ".",
            "pos": "SENT",
            "lemma": ".",
            "has_context": "false",
            "is_title": "false"
        },
        {
            "id": 302,
            "form": "Avrò",
            "pos": "VER",
            "lemma": "avere",
            "has_context": "false",
            "is_title": "false"
        },
        {
            "id": 303,
            "form": "i",
            "pos": "DET",
            "lemma": "il",
            "has_context": "false",
            "is_title": "false"
        },
        {
            "id": 304,
            "form": "miei",
            "pos": "ADJ",
            "lemma": "mio",
            "has_context": "false",
            "is_title": "false"
        },
        {
            "id": 305,
            "form": "genitori",
            "pos": "NOM",
            "lemma": "genitore",
            "has_context": "false",
            "is_title": "false"
        },
        {
            "id": 306,
            "form": "pubblicati",
            "pos": "VER",
            "lemma": "pubblicare",
            "has_context": "true",
            "is_title": "false"
        },
        {
            "id": 307,
            "form": "sul",
            "pos": "PRE",
            "lemma": "sul",
            "has_context": "false",
            "is_title": "false"
        },
        {
            "id": 308,
            "form": "giornale",
            "pos": "NOM",
            "lemma": "giornale",
            "has_context": "false",
            "is_title": "false"
        },
        {
            "id": 309,
            "form": "...",
            "pos": "PON",
            "lemma": "...",
            "has_context": "false",
            "is_title": "false"
        },
        {
            "id": 310,
            "form": ".",
            "pos": "SENT",
            "lemma": ".",
            "has_context": "false",
            "is_title": "false"
        },
        {
            "id": 311,
            "form": "Io",
            "pos": "PRO",
            "lemma": "io",
            "has_context": "false",
            "is_title": "false"
        },
        {
            "id": 312,
            "form": "e",
            "pos": "CON",
            "lemma": "e",
            "has_context": "false",
            "is_title": "false"
        },
        {
            "id": 313,
            "form": "mio",
            "pos": "ADJ",
            "lemma": "mio",
            "has_context": "false",
            "is_title": "false"
        },
        {
            "id": 314,
            "form": "fratello",
            "pos": "NOM",
            "lemma": "fratello",
            "has_context": "false",
            "is_title": "false"
        },
        {
            "id": 315,
            "form": "speriamo",
            "pos": "VER",
            "lemma": "sperare",
            "has_context": "false",
            "is_title": "false"
        },
        {
            "id": 316,
            "form": "solo",
            "pos": "ADV",
            "lemma": "solo",
            "has_context": "false",
            "is_title": "false"
        },
        {
            "id": 317,
            "form": "che",
            "pos": "CON",
            "lemma": "che",
            "has_context": "false",
            "is_title": "false"
        },
        {
            "id": 318,
            "form": "non",
            "pos": "ADV",
            "lemma": "non",
            "has_context": "false",
            "is_title": "false"
        },
        {
            "id": 319,
            "form": "ci",
            "pos": "PRO",
            "lemma": "ci",
            "has_context": "false",
            "is_title": "false"
        },
        {
            "id": 320,
            "form": "chiederanno",
            "pos": "VER",
            "lemma": "chiedere",
            "has_context": "false",
            "is_title": "false"
        },
        {
            "id": 321,
            "form": "di",
            "pos": "PRE",
            "lemma": "di",
            "has_context": "false",
            "is_title": "false"
        },
        {
            "id": 322,
            "form": "essere",
            "pos": "VER",
            "lemma": "essere",
            "has_context": "false",
            "is_title": "false"
        },
        {
            "id": 323,
            "form": "presenti",
            "pos": "ADJ",
            "lemma": "presente",
            "has_context": "true",
            "is_title": "false"
        },
        {
            "id": 324,
            "form": "!",
            "pos": "SENT",
            "lemma": "!",
            "has_context": "false",
            "is_title": "false"
        }
    ]
