    [
        {
            "id": 1,
            "form": "Comunicare",
            "pos": "VER",
            "lemma": "comunicare",
            "has_context": "true",
            "is_title": "true"
        },
        {
            "id": 2,
            "form": "Ultimamente",
            "pos": "ADV",
            "lemma": "ultimamente",
            "has_context": "true",
            "is_title": "false"
        },
        {
            "id": 3,
            "form": "internet",
            "pos": "NOM",
            "lemma": "internet",
            "has_context": "false",
            "is_title": "false"
        },
        {
            "id": 4,
            "form": "è",
            "pos": "VER",
            "lemma": "essere",
            "has_context": "false",
            "is_title": "false"
        },
        {
            "id": 5,
            "form": "diventato",
            "pos": "VER",
            "lemma": "diventare",
            "has_context": "true",
            "is_title": "false"
        },
        {
            "id": 6,
            "form": "il",
            "pos": "DET",
            "lemma": "il",
            "has_context": "false",
            "is_title": "false"
        },
        {
            "id": 7,
            "form": "mezzo",
            "pos": "NOM",
            "lemma": "mezzo",
            "has_context": "false",
            "is_title": "false"
        },
        {
            "id": 8,
            "form": "di",
            "pos": "PRE",
            "lemma": "di",
            "has_context": "false",
            "is_title": "false"
        },
        {
            "id": 9,
            "form": "comunicazione",
            "pos": "NOM",
            "lemma": "comunicazione",
            "has_context": "true",
            "is_title": "false"
        },
        {
            "id": 10,
            "form": "preferito",
            "pos": "ADJ",
            "lemma": "preferito",
            "has_context": "true",
            "is_title": "false"
        },
        {
            "id": 11,
            "form": "dei",
            "pos": "PRE",
            "lemma": "del",
            "has_context": "false",
            "is_title": "false"
        },
        {
            "id": 12,
            "form": "giovani",
            "pos": "NOM",
            "lemma": "giovane",
            "has_context": "false",
            "is_title": "false"
        },
        {
            "id": 13,
            "form": "che",
            "pos": "PRO",
            "lemma": "che",
            "has_context": "false",
            "is_title": "false"
        },
        {
            "id": 14,
            "form": "lo",
            "pos": "PRO",
            "lemma": "lo",
            "has_context": "false",
            "is_title": "false"
        },
        {
            "id": 15,
            "form": "usano",
            "pos": "VER",
            "lemma": "usare",
            "has_context": "false",
            "is_title": "false"
        },
        {
            "id": 16,
            "form": "per",
            "pos": "PRE",
            "lemma": "per",
            "has_context": "false",
            "is_title": "false"
        },
        {
            "id": 17,
            "form": "rimanere",
            "pos": "VER",
            "lemma": "rimanere",
            "has_context": "false",
            "is_title": "false"
        },
        {
            "id": 18,
            "form": "in",
            "pos": "PRE",
            "lemma": "in",
            "has_context": "false",
            "is_title": "false"
        },
        {
            "id": 19,
            "form": "contatto",
            "pos": "NOM",
            "lemma": "contatto",
            "has_context": "true",
            "is_title": "false"
        },
        {
            "id": 20,
            "form": "con",
            "pos": "PRE",
            "lemma": "con",
            "has_context": "false",
            "is_title": "false"
        },
        {
            "id": 21,
            "form": "gli",
            "pos": "DET",
            "lemma": "il",
            "has_context": "false",
            "is_title": "false"
        },
        {
            "id": 22,
            "form": "amici",
            "pos": "NOM",
            "lemma": "amico",
            "has_context": "false",
            "is_title": "false"
        },
        {
            "id": 23,
            "form": "tramite",
            "pos": "PRE",
            "lemma": "tramite",
            "has_context": "false",
            "is_title": "false"
        },
        {
            "id": 24,
            "form": "le",
            "pos": "DET",
            "lemma": "il",
            "has_context": "false",
            "is_title": "false"
        },
        {
            "id": 25,
            "form": "e-mail",
            "pos": "NOM",
            "lemma": "e-mail",
            "has_context": "false",
            "is_title": "false"
        },
        {
            "id": 26,
            "form": "e",
            "pos": "CON",
            "lemma": "e",
            "has_context": "false",
            "is_title": "false"
        },
        {
            "id": 27,
            "form": "le",
            "pos": "DET",
            "lemma": "il",
            "has_context": "false",
            "is_title": "false"
        },
        {
            "id": 28,
            "form": "chat",
            "pos": "NOM",
            "lemma": "chat",
            "has_context": "false",
            "is_title": "false"
        },
        {
            "id": 29,
            "form": ".",
            "pos": "SENT",
            "lemma": ".",
            "has_context": "false",
            "is_title": "false"
        },
        {
            "id": 30,
            "form": "Tuttavia",
            "pos": "CON",
            "lemma": "tuttavia",
            "has_context": "false",
            "is_title": "false"
        },
        {
            "id": 31,
            "form": "internet",
            "pos": "NOM",
            "lemma": "internet",
            "has_context": "false",
            "is_title": "false"
        },
        {
            "id": 32,
            "form": "è",
            "pos": "VER",
            "lemma": "essere",
            "has_context": "false",
            "is_title": "false"
        },
        {
            "id": 33,
            "form": "un’",
            "pos": "DET",
            "lemma": "un",
            "has_context": "false",
            "is_title": "false"
        },
        {
            "id": 34,
            "form": "invenzione",
            "pos": "NOM",
            "lemma": "invenzione",
            "has_context": "true",
            "is_title": "false"
        },
        {
            "id": 35,
            "form": "molto",
            "pos": "ADV",
            "lemma": "molto",
            "has_context": "false",
            "is_title": "false"
        },
        {
            "id": 36,
            "form": "recente",
            "pos": "ADJ",
            "lemma": "recente",
            "has_context": "true",
            "is_title": "false"
        },
        {
            "id": 37,
            "form": ".",
            "pos": "SENT",
            "lemma": ".",
            "has_context": "false",
            "is_title": "false"
        },
        {
            "id": 38,
            "form": "Infatti",
            "pos": "CON",
            "lemma": "infatti",
            "has_context": "false",
            "is_title": "false"
        },
        {
            "id": 39,
            "form": "i",
            "pos": "DET",
            "lemma": "il",
            "has_context": "false",
            "is_title": "false"
        },
        {
            "id": 40,
            "form": "nostri",
            "pos": "PRO",
            "lemma": "nostro",
            "has_context": "false",
            "is_title": "false"
        },
        {
            "id": 41,
            "form": "genitori",
            "pos": "NOM",
            "lemma": "genitore",
            "has_context": "false",
            "is_title": "false"
        },
        {
            "id": 42,
            "form": "non",
            "pos": "ADV",
            "lemma": "non",
            "has_context": "false",
            "is_title": "false"
        },
        {
            "id": 43,
            "form": "avevano",
            "pos": "VER",
            "lemma": "avere",
            "has_context": "false",
            "is_title": "false"
        },
        {
            "id": 44,
            "form": "internet",
            "pos": "NOM",
            "lemma": "internet",
            "has_context": "false",
            "is_title": "false"
        },
        {
            "id": 45,
            "form": "né",
            "pos": "CON",
            "lemma": "né",
            "has_context": "false",
            "is_title": "false"
        },
        {
            "id": 46,
            "form": "il",
            "pos": "DET",
            "lemma": "il",
            "has_context": "false",
            "is_title": "false"
        },
        {
            "id": 47,
            "form": "computer",
            "pos": "NOM",
            "lemma": "computer",
            "has_context": "false",
            "is_title": "false"
        },
        {
            "id": 48,
            "form": "e",
            "pos": "CON",
            "lemma": "e",
            "has_context": "false",
            "is_title": "false"
        },
        {
            "id": 49,
            "form": "per",
            "pos": "PRE",
            "lemma": "per",
            "has_context": "false",
            "is_title": "false"
        },
        {
            "id": 50,
            "form": "parlare",
            "pos": "VER",
            "lemma": "parlare",
            "has_context": "false",
            "is_title": "false"
        },
        {
            "id": 51,
            "form": "usavano",
            "pos": "VER",
            "lemma": "usare",
            "has_context": "false",
            "is_title": "false"
        },
        {
            "id": 52,
            "form": "il",
            "pos": "DET",
            "lemma": "il",
            "has_context": "false",
            "is_title": "false"
        },
        {
            "id": 53,
            "form": "telefono",
            "pos": "NOM",
            "lemma": "telefono",
            "has_context": "false",
            "is_title": "false"
        },
        {
            "id": 54,
            "form": "che",
            "pos": "PRO",
            "lemma": "che",
            "has_context": "false",
            "is_title": "false"
        },
        {
            "id": 55,
            "form": "ogni",
            "pos": "ADJ",
            "lemma": "ogni",
            "has_context": "false",
            "is_title": "false"
        },
        {
            "id": 56,
            "form": "famiglia",
            "pos": "NOM",
            "lemma": "famiglia",
            "has_context": "false",
            "is_title": "false"
        },
        {
            "id": 57,
            "form": "aveva",
            "pos": "VER",
            "lemma": "avere",
            "has_context": "false",
            "is_title": "false"
        },
        {
            "id": 58,
            "form": "a",
            "pos": "PRE",
            "lemma": "a",
            "has_context": "false",
            "is_title": "false"
        },
        {
            "id": 59,
            "form": "casa",
            "pos": "NOM",
            "lemma": "casa",
            "has_context": "false",
            "is_title": "false"
        },
        {
            "id": 60,
            "form": ".",
            "pos": "SENT",
            "lemma": ".",
            "has_context": "false",
            "is_title": "false"
        },
        {
            "id": 61,
            "form": "Nell’",
            "pos": "PRE",
            "lemma": "nel",
            "has_context": "false",
            "is_title": "false"
        },
        {
            "id": 62,
            "form": "antichità",
            "pos": "NOM",
            "lemma": "antichità",
            "has_context": "true",
            "is_title": "false"
        },
        {
            "id": 63,
            "form": "si",
            "pos": "PRO",
            "lemma": "si",
            "has_context": "false",
            "is_title": "false"
        },
        {
            "id": 64,
            "form": "usava",
            "pos": "VER",
            "lemma": "usare",
            "has_context": "false",
            "is_title": "false"
        },
        {
            "id": 65,
            "form": "la",
            "pos": "DET",
            "lemma": "il",
            "has_context": "false",
            "is_title": "false"
        },
        {
            "id": 66,
            "form": "posta",
            "pos": "NOM",
            "lemma": "posta",
            "has_context": "false",
            "is_title": "false"
        },
        {
            "id": 67,
            "form": "per",
            "pos": "PRE",
            "lemma": "per",
            "has_context": "false",
            "is_title": "false"
        },
        {
            "id": 68,
            "form": "comunicare",
            "pos": "VER",
            "lemma": "comunicare",
            "has_context": "true",
            "is_title": "false"
        },
        {
            "id": 69,
            "form": ".",
            "pos": "SENT",
            "lemma": ".",
            "has_context": "false",
            "is_title": "false"
        },
        {
            "id": 70,
            "form": "Le",
            "pos": "DET",
            "lemma": "il",
            "has_context": "false",
            "is_title": "false"
        },
        {
            "id": 71,
            "form": "lettere",
            "pos": "NOM",
            "lemma": "lettera",
            "has_context": "false",
            "is_title": "false"
        },
        {
            "id": 72,
            "form": "potevano",
            "pos": "VER",
            "lemma": "potere",
            "has_context": "false",
            "is_title": "false"
        },
        {
            "id": 73,
            "form": "impiegare",
            "pos": "VER",
            "lemma": "impiegare",
            "has_context": "true",
            "is_title": "false"
        },
        {
            "id": 74,
            "form": "anche",
            "pos": "CON",
            "lemma": "anche",
            "has_context": "false",
            "is_title": "false"
        },
        {
            "id": 75,
            "form": "mesi",
            "pos": "NOM",
            "lemma": "mese",
            "has_context": "false",
            "is_title": "false"
        },
        {
            "id": 76,
            "form": "per",
            "pos": "PRE",
            "lemma": "per",
            "has_context": "false",
            "is_title": "false"
        },
        {
            "id": 77,
            "form": "arrivare",
            "pos": "VER",
            "lemma": "arrivare",
            "has_context": "false",
            "is_title": "false"
        },
        {
            "id": 78,
            "form": "al",
            "pos": "PRE",
            "lemma": "al",
            "has_context": "false",
            "is_title": "false"
        },
        {
            "id": 79,
            "form": "destinatario",
            "pos": "NOM",
            "lemma": "destinatario",
            "has_context": "true",
            "is_title": "false"
        },
        {
            "id": 80,
            "form": "e",
            "pos": "CON",
            "lemma": "e",
            "has_context": "false",
            "is_title": "false"
        },
        {
            "id": 81,
            "form": "la",
            "pos": "DET",
            "lemma": "il",
            "has_context": "false",
            "is_title": "false"
        },
        {
            "id": 82,
            "form": "comunicazione",
            "pos": "NOM",
            "lemma": "comunicazione",
            "has_context": "true",
            "is_title": "false"
        },
        {
            "id": 83,
            "form": "non",
            "pos": "ADV",
            "lemma": "non",
            "has_context": "false",
            "is_title": "false"
        },
        {
            "id": 84,
            "form": "era",
            "pos": "VER",
            "lemma": "essere",
            "has_context": "false",
            "is_title": "false"
        },
        {
            "id": 85,
            "form": "facile",
            "pos": "ADJ",
            "lemma": "facile",
            "has_context": "false",
            "is_title": "false"
        },
        {
            "id": 86,
            "form": ".",
            "pos": "SENT",
            "lemma": ".",
            "has_context": "false",
            "is_title": "false"
        },
        {
            "id": 87,
            "form": "Alla",
            "pos": "PRE",
            "lemma": "al",
            "has_context": "false",
            "is_title": "false"
        },
        {
            "id": 88,
            "form": "fine",
            "pos": "NOM",
            "lemma": "fine",
            "has_context": "false",
            "is_title": "false"
        },
        {
            "id": 89,
            "form": "del",
            "pos": "PRE",
            "lemma": "del",
            "has_context": "false",
            "is_title": "false"
        },
        {
            "id": 90,
            "form": "1800",
            "pos": "NUM",
            "lemma": "@card@",
            "has_context": "false",
            "is_title": "false"
        },
        {
            "id": 91,
            "form": ",",
            "pos": "PON",
            "lemma": ",",
            "has_context": "false",
            "is_title": "false"
        },
        {
            "id": 92,
            "form": "Bell",
            "pos": "NPR",
            "lemma": "Bell",
            "has_context": "false",
            "is_title": "false"
        },
        {
            "id": 93,
            "form": "inventò",
            "pos": "VER",
            "lemma": "inventare",
            "has_context": "true",
            "is_title": "false"
        },
        {
            "id": 94,
            "form": "il",
            "pos": "DET",
            "lemma": "il",
            "has_context": "false",
            "is_title": "false"
        },
        {
            "id": 95,
            "form": "telefono",
            "pos": "NOM",
            "lemma": "telefono",
            "has_context": "false",
            "is_title": "false"
        },
        {
            "id": 96,
            "form": "e",
            "pos": "CON",
            "lemma": "e",
            "has_context": "false",
            "is_title": "false"
        },
        {
            "id": 97,
            "form": "ci",
            "pos": "ADV",
            "lemma": "ci",
            "has_context": "false",
            "is_title": "false"
        },
        {
            "id": 98,
            "form": "fu",
            "pos": "VER",
            "lemma": "essere",
            "has_context": "false",
            "is_title": "false"
        },
        {
            "id": 99,
            "form": "una",
            "pos": "DET",
            "lemma": "una",
            "has_context": "false",
            "is_title": "false"
        },
        {
            "id": 100,
            "form": "rivoluzione",
            "pos": "NOM",
            "lemma": "rivoluzione",
            "has_context": "true",
            "is_title": "false"
        },
        {
            "id": 101,
            "form": "del",
            "pos": "PRE",
            "lemma": "del",
            "has_context": "false",
            "is_title": "false"
        },
        {
            "id": 102,
            "form": "modo",
            "pos": "NOM",
            "lemma": "modo",
            "has_context": "true",
            "is_title": "false"
        },
        {
            "id": 103,
            "form": "di",
            "pos": "PRE",
            "lemma": "di",
            "has_context": "false",
            "is_title": "false"
        },
        {
            "id": 104,
            "form": "comunicare",
            "pos": "VER",
            "lemma": "comunicare",
            "has_context": "true",
            "is_title": "false"
        },
        {
            "id": 105,
            "form": ".",
            "pos": "SENT",
            "lemma": ".",
            "has_context": "false",
            "is_title": "false"
        },
        {
            "id": 106,
            "form": "Col",
            "pos": "PRE",
            "lemma": "col",
            "has_context": "false",
            "is_title": "false"
        },
        {
            "id": 107,
            "form": "passare",
            "pos": "VER",
            "lemma": "passare",
            "has_context": "false",
            "is_title": "false"
        },
        {
            "id": 108,
            "form": "degli",
            "pos": "PRE",
            "lemma": "del",
            "has_context": "false",
            "is_title": "false"
        },
        {
            "id": 109,
            "form": "anni",
            "pos": "NOM",
            "lemma": "anno",
            "has_context": "false",
            "is_title": "false"
        },
        {
            "id": 110,
            "form": "tutti",
            "pos": "PRON",
            "lemma": "tutto",
            "has_context": "false",
            "is_title": "false"
        },
        {
            "id": 111,
            "form": "cominciarono",
            "pos": "VER",
            "lemma": "cominciare",
            "has_context": "false",
            "is_title": "false"
        },
        {
            "id": 112,
            "form": "ad",
            "pos": "PRE",
            "lemma": "ad",
            "has_context": "false",
            "is_title": "false"
        },
        {
            "id": 113,
            "form": "avere",
            "pos": "VER",
            "lemma": "avere",
            "has_context": "false",
            "is_title": "false"
        },
        {
            "id": 114,
            "form": "un",
            "pos": "DET",
            "lemma": "un",
            "has_context": "false",
            "is_title": "false"
        },
        {
            "id": 115,
            "form": "telefono",
            "pos": "NOM",
            "lemma": "telefono",
            "has_context": "false",
            "is_title": "false"
        },
        {
            "id": 116,
            "form": "in",
            "pos": "PRE",
            "lemma": "in",
            "has_context": "false",
            "is_title": "false"
        },
        {
            "id": 117,
            "form": "casa",
            "pos": "NOM",
            "lemma": "casa",
            "has_context": "false",
            "is_title": "false"
        },
        {
            "id": 118,
            "form": ".",
            "pos": "SENT",
            "lemma": ".",
            "has_context": "false",
            "is_title": "false"
        },
        {
            "id": 119,
            "form": "A",
            "pos": "PRE",
            "lemma": "a",
            "has_context": "false",
            "is_title": "false"
        },
        {
            "id": 120,
            "form": "metà",
            "pos": "NOM",
            "lemma": "metà",
            "has_context": "false",
            "is_title": "false"
        },
        {
            "id": 121,
            "form": "degli",
            "pos": "PRE",
            "lemma": "del",
            "has_context": "false",
            "is_title": "false"
        },
        {
            "id": 122,
            "form": "anni",
            "pos": "NOM",
            "lemma": "anno",
            "has_context": "false",
            "is_title": "false"
        },
        {
            "id": 123,
            "form": "settanta",
            "pos": "ADJ",
            "lemma": "settanta",
            "has_context": "false",
            "is_title": "false"
        },
        {
            "id": 124,
            "form": "nacque",
            "pos": "VER",
            "lemma": "nascere",
            "has_context": "false",
            "is_title": "false"
        },
        {
            "id": 125,
            "form": "il",
            "pos": "DET",
            "lemma": "il",
            "has_context": "false",
            "is_title": "false"
        },
        {
            "id": 126,
            "form": "primo",
            "pos": "ADJ",
            "lemma": "primo",
            "has_context": "false",
            "is_title": "false"
        },
        {
            "id": 127,
            "form": "computer",
            "pos": "NOM",
            "lemma": "computer",
            "has_context": "false",
            "is_title": "false"
        },
        {
            "id": 128,
            "form": ".",
            "pos": "SENT",
            "lemma": ".",
            "has_context": "false",
            "is_title": "false"
        },
        {
            "id": 129,
            "form": "Ma",
            "pos": "CON",
            "lemma": "ma",
            "has_context": "false",
            "is_title": "false"
        },
        {
            "id": 130,
            "form": "era",
            "pos": "VER",
            "lemma": "essere",
            "has_context": "false",
            "is_title": "false"
        },
        {
            "id": 131,
            "form": "un",
            "pos": "DET",
            "lemma": "un",
            "has_context": "false",
            "is_title": "false"
        },
        {
            "id": 132,
            "form": "computer",
            "pos": "NOM",
            "lemma": "computer",
            "has_context": "false",
            "is_title": "false"
        },
        {
            "id": 133,
            "form": "molto",
            "pos": "ADV",
            "lemma": "molto",
            "has_context": "false",
            "is_title": "false"
        },
        {
            "id": 134,
            "form": "pesante",
            "pos": "ADJ",
            "lemma": "pesante",
            "has_context": "false",
            "is_title": "false"
        },
        {
            "id": 135,
            "form": "e",
            "pos": "CON",
            "lemma": "e",
            "has_context": "false",
            "is_title": "false"
        },
        {
            "id": 136,
            "form": "molto",
            "pos": "ADV",
            "lemma": "molto",
            "has_context": "false",
            "is_title": "false"
        },
        {
            "id": 137,
            "form": "costoso",
            "pos": "ADJ",
            "lemma": "costoso",
            "has_context": "true",
            "is_title": "false"
        },
        {
            "id": 138,
            "form": ".",
            "pos": "SENT",
            "lemma": ".",
            "has_context": "false",
            "is_title": "false"
        },
        {
            "id": 139,
            "form": "Successivamente",
            "pos": "ADV",
            "lemma": "successivamente",
            "has_context": "true",
            "is_title": "false"
        },
        {
            "id": 140,
            "form": "i",
            "pos": "DET",
            "lemma": "il",
            "has_context": "false",
            "is_title": "false"
        },
        {
            "id": 141,
            "form": "computer",
            "pos": "NOM",
            "lemma": "computer",
            "has_context": "false",
            "is_title": "false"
        },
        {
            "id": 142,
            "form": "divennero",
            "pos": "VER",
            "lemma": "divenire",
            "has_context": "true",
            "is_title": "false"
        },
        {
            "id": 143,
            "form": "più",
            "pos": "ADV",
            "lemma": "più",
            "has_context": "false",
            "is_title": "false"
        },
        {
            "id": 144,
            "form": "piccoli",
            "pos": "ADJ",
            "lemma": "piccolo",
            "has_context": "false",
            "is_title": "false"
        },
        {
            "id": 145,
            "form": "ed",
            "pos": "CON",
            "lemma": "ed",
            "has_context": "false",
            "is_title": "false"
        },
        {
            "id": 146,
            "form": "economici",
            "pos": "ADJ",
            "lemma": "economico",
            "has_context": "true",
            "is_title": "false"
        },
        {
            "id": 147,
            "form": ".",
            "pos": "SENT",
            "lemma": ".",
            "has_context": "false",
            "is_title": "false"
        },
        {
            "id": 148,
            "form": "Internet",
            "pos": "NOM",
            "lemma": "Internet",
            "has_context": "false",
            "is_title": "false"
        },
        {
            "id": 149,
            "form": "nacque",
            "pos": "VER",
            "lemma": "nascere",
            "has_context": "false",
            "is_title": "false"
        },
        {
            "id": 150,
            "form": "alla",
            "pos": "PRE",
            "lemma": "al",
            "has_context": "false",
            "is_title": "false"
        },
        {
            "id": 151,
            "form": "fine",
            "pos": "NOM",
            "lemma": "fine",
            "has_context": "false",
            "is_title": "false"
        },
        {
            "id": 152,
            "form": "degli",
            "pos": "PRE",
            "lemma": "del",
            "has_context": "false",
            "is_title": "false"
        },
        {
            "id": 153,
            "form": "anni",
            "pos": "NOM",
            "lemma": "anno",
            "has_context": "false",
            "is_title": "false"
        },
        {
            "id": 154,
            "form": "settanta",
            "pos": "ADJ",
            "lemma": "settanta",
            "has_context": "false",
            "is_title": "false"
        },
        {
            "id": 155,
            "form": "e",
            "pos": "CON",
            "lemma": "e",
            "has_context": "false",
            "is_title": "false"
        },
        {
            "id": 156,
            "form": "divenne",
            "pos": "VER",
            "lemma": "divenire",
            "has_context": "true",
            "is_title": "false"
        },
        {
            "id": 157,
            "form": "disponibile",
            "pos": "ADJ",
            "lemma": "disponibile",
            "has_context": "true",
            "is_title": "false"
        },
        {
            "id": 158,
            "form": "per",
            "pos": "PRE",
            "lemma": "per",
            "has_context": "false",
            "is_title": "false"
        },
        {
            "id": 159,
            "form": "tutti",
            "pos": "PRO",
            "lemma": "tutto",
            "has_context": "false",
            "is_title": "false"
        },
        {
            "id": 160,
            "form": "solo",
            "pos": "ADV",
            "lemma": "solo",
            "has_context": "false",
            "is_title": "false"
        },
        {
            "id": 161,
            "form": "negli",
            "pos": "PRE",
            "lemma": "nel",
            "has_context": "false",
            "is_title": "false"
        },
        {
            "id": 162,
            "form": "anni",
            "pos": "NOM",
            "lemma": "anno",
            "has_context": "false",
            "is_title": "false"
        },
        {
            "id": 163,
            "form": "novanta",
            "pos": "ADJ",
            "lemma": "novanta",
            "has_context": "false",
            "is_title": "false"
        },
        {
            "id": 164,
            "form": ".",
            "pos": "SENT",
            "lemma": ".",
            "has_context": "false",
            "is_title": "false"
        },
        {
            "id": 165,
            "form": "In",
            "pos": "PRE",
            "lemma": "in",
            "has_context": "false",
            "is_title": "false"
        },
        {
            "id": 166,
            "form": "pochi",
            "pos": "ADJ",
            "lemma": "poco",
            "has_context": "false",
            "is_title": "false"
        },
        {
            "id": 167,
            "form": "anni",
            "pos": "NOM",
            "lemma": "anno",
            "has_context": "false",
            "is_title": "false"
        },
        {
            "id": 168,
            "form": "internet",
            "pos": "NOM",
            "lemma": "internet",
            "has_context": "false",
            "is_title": "false"
        },
        {
            "id": 169,
            "form": "si",
            "pos": "PRO",
            "lemma": "si",
            "has_context": "false",
            "is_title": "false"
        },
        {
            "id": 170,
            "form": "diffuse",
            "pos": "VER",
            "lemma": "diffondere",
            "has_context": "true",
            "is_title": "false"
        },
        {
            "id": 171,
            "form": "in",
            "pos": "PRE",
            "lemma": "in",
            "has_context": "false",
            "is_title": "false"
        },
        {
            "id": 172,
            "form": "tutte",
            "pos": "ADJ",
            "lemma": "tutto",
            "has_context": "false",
            "is_title": "false"
        },
        {
            "id": 173,
            "form": "le",
            "pos": "DET",
            "lemma": "il",
            "has_context": "false",
            "is_title": "false"
        },
        {
            "id": 174,
            "form": "case",
            "pos": "NOM",
            "lemma": "casa",
            "has_context": "false",
            "is_title": "false"
        },
        {
            "id": 175,
            "form": ".",
            "pos": "SENT",
            "lemma": ".",
            "has_context": "false",
            "is_title": "false"
        },
        {
            "id": 176,
            "form": "Tramite",
            "pos": "PRE",
            "lemma": "tramite",
            "has_context": "false",
            "is_title": "false"
        },
        {
            "id": 177,
            "form": "questo",
            "pos": "ADJ",
            "lemma": "questo",
            "has_context": "false",
            "is_title": "false"
        },
        {
            "id": 178,
            "form": "utile",
            "pos": "ADJ",
            "lemma": "utile",
            "has_context": "false",
            "is_title": "false"
        },
        {
            "id": 179,
            "form": "strumento",
            "pos": "NOM",
            "lemma": "strumento",
            "has_context": "true",
            "is_title": "false"
        },
        {
            "id": 180,
            "form": "divenne",
            "pos": "VER",
            "lemma": "divenire",
            "has_context": "true",
            "is_title": "false"
        },
        {
            "id": 181,
            "form": "più",
            "pos": "ADV",
            "lemma": "più",
            "has_context": "false",
            "is_title": "false"
        },
        {
            "id": 182,
            "form": "facile",
            "pos": "ADJ",
            "lemma": "facile",
            "has_context": "false",
            "is_title": "false"
        },
        {
            "id": 183,
            "form": "comunicare",
            "pos": "VER",
            "lemma": "comunicare",
            "has_context": "true",
            "is_title": "false"
        },
        {
            "id": 184,
            "form": "soprattutto",
            "pos": "ADV",
            "lemma": "soprattutto",
            "has_context": "true",
            "is_title": "false"
        },
        {
            "id": 185,
            "form": "con",
            "pos": "PRE",
            "lemma": "con",
            "has_context": "false",
            "is_title": "false"
        },
        {
            "id": 186,
            "form": "persone",
            "pos": "NOM",
            "lemma": "persona",
            "has_context": "false",
            "is_title": "false"
        },
        {
            "id": 187,
            "form": "che",
            "pos": "PRO",
            "lemma": "che",
            "has_context": "false",
            "is_title": "false"
        },
        {
            "id": 188,
            "form": "vivono",
            "pos": "VER",
            "lemma": "vivere",
            "has_context": "false",
            "is_title": "false"
        },
        {
            "id": 189,
            "form": "molto",
            "pos": "ADV",
            "lemma": "molto",
            "has_context": "false",
            "is_title": "false"
        },
        {
            "id": 190,
            "form": "lontano",
            "pos": "ADJ",
            "lemma": "lontano",
            "has_context": "false",
            "is_title": "false"
        },
        {
            "id": 191,
            "form": ".",
            "pos": "SENT",
            "lemma": ".",
            "has_context": "false",
            "is_title": "false"
        },
        {
            "id": 192,
            "form": "Internet",
            "pos": "NPR",
            "lemma": "Internet",
            "has_context": "false",
            "is_title": "false"
        },
        {
            "id": 193,
            "form": "fu",
            "pos": "VER",
            "lemma": "essere",
            "has_context": "false",
            "is_title": "false"
        },
        {
            "id": 194,
            "form": "una",
            "pos": "DET",
            "lemma": "una",
            "has_context": "false",
            "is_title": "false"
        },
        {
            "id": 195,
            "form": "rivoluzione",
            "pos": "NOM",
            "lemma": "rivoluzione",
            "has_context": "true",
            "is_title": "false"
        },
        {
            "id": 196,
            "form": ",",
            "pos": "PON",
            "lemma": ",",
            "has_context": "false",
            "is_title": "false"
        },
        {
            "id": 197,
            "form": "perché",
            "pos": "CON",
            "lemma": "perché",
            "has_context": "false",
            "is_title": "false"
        },
        {
            "id": 198,
            "form": "ha",
            "pos": "VER",
            "lemma": "avere",
            "has_context": "false",
            "is_title": "false"
        },
        {
            "id": 199,
            "form": "permesso",
            "pos": "VER",
            "lemma": "permettere",
            "has_context": "true",
            "is_title": "false"
        },
        {
            "id": 200,
            "form": "non",
            "pos": "ADV",
            "lemma": "non",
            "has_context": "false",
            "is_title": "false"
        },
        {
            "id": 201,
            "form": "solo",
            "pos": "ADV",
            "lemma": "solo",
            "has_context": "false",
            "is_title": "false"
        },
        {
            "id": 202,
            "form": "di",
            "pos": "PRE",
            "lemma": "di",
            "has_context": "false",
            "is_title": "false"
        },
        {
            "id": 203,
            "form": "inviare",
            "pos": "VER",
            "lemma": "inviare",
            "has_context": "true",
            "is_title": "false"
        },
        {
            "id": 204,
            "form": "messaggi",
            "pos": "NOM",
            "lemma": "messaggio",
            "has_context": "false",
            "is_title": "false"
        },
        {
            "id": 205,
            "form": "in",
            "pos": "PRE",
            "lemma": "in",
            "has_context": "false",
            "is_title": "false"
        },
        {
            "id": 206,
            "form": "poco",
            "pos": "ADJ",
            "lemma": "poco",
            "has_context": "false",
            "is_title": "false"
        },
        {
            "id": 207,
            "form": "tempo",
            "pos": "NOM",
            "lemma": "tempo",
            "has_context": "false",
            "is_title": "false"
        },
        {
            "id": 208,
            "form": "in",
            "pos": "PRE",
            "lemma": "in",
            "has_context": "false",
            "is_title": "false"
        },
        {
            "id": 209,
            "form": "tutto",
            "pos": "ADJ",
            "lemma": "tutto",
            "has_context": "false",
            "is_title": "false"
        },
        {
            "id": 210,
            "form": "il",
            "pos": "DET",
            "lemma": "il",
            "has_context": "false",
            "is_title": "false"
        },
        {
            "id": 211,
            "form": "mondo",
            "pos": "NOM",
            "lemma": "mondo",
            "has_context": "false",
            "is_title": "false"
        },
        {
            "id": 212,
            "form": ",",
            "pos": "PON",
            "lemma": ",",
            "has_context": "false",
            "is_title": "false"
        },
        {
            "id": 213,
            "form": "ma",
            "pos": "CON",
            "lemma": "ma",
            "has_context": "false",
            "is_title": "false"
        },
        {
            "id": 214,
            "form": "anche",
            "pos": "CON",
            "lemma": "anche",
            "has_context": "false",
            "is_title": "false"
        },
        {
            "id": 215,
            "form": "di",
            "pos": "PRE",
            "lemma": "di",
            "has_context": "false",
            "is_title": "false"
        },
        {
            "id": 216,
            "form": "condividere",
            "pos": "VER",
            "lemma": "condividere",
            "has_context": "true",
            "is_title": "false"
        },
        {
            "id": 217,
            "form": "foto",
            "pos": "NOM",
            "lemma": "foto",
            "has_context": "true",
            "is_title": "false"
        },
        {
            "id": 218,
            "form": "e",
            "pos": "CON",
            "lemma": "e",
            "has_context": "false",
            "is_title": "false"
        },
        {
            "id": 219,
            "form": "video",
            "pos": "NOM",
            "lemma": "video",
            "has_context": "false",
            "is_title": "false"
        },
        {
            "id": 220,
            "form": "con",
            "pos": "PRE",
            "lemma": "con",
            "has_context": "false",
            "is_title": "false"
        },
        {
            "id": 221,
            "form": "gli",
            "pos": "DET",
            "lemma": "il",
            "has_context": "false",
            "is_title": "false"
        },
        {
            "id": 222,
            "form": "amici",
            "pos": "NOM",
            "lemma": "amico",
            "has_context": "false",
            "is_title": "false"
        },
        {
            "id": 223,
            "form": ".",
            "pos": "SENT",
            "lemma": ".",
            "has_context": "false",
            "is_title": "false"
        }
    ]
