    [
        {
            "id": 1,
            "form": "Una",
            "pos": "DET",
            "lemma": "una",
            "has_context": "false",
            "is_title": "true"
        },
        {
            "id": 2,
            "form": "lettera",
            "pos": "NOM",
            "lemma": "lettera",
            "has_context": "false",
            "is_title": "true"
        },
        {
            "id": 3,
            "form": "da",
            "pos": "PRE",
            "lemma": "da",
            "has_context": "false",
            "is_title": "true"
        },
        {
            "id": 4,
            "form": "Roma",
            "pos": "NPR",
            "lemma": "Roma",
            "has_context": "false",
            "is_title": "true"
        },
        {
            "id": 5,
            "form": "Cara",
            "pos": "ADJ",
            "lemma": "caro",
            "has_context": "false",
            "is_title": "false"
        },
        {
            "id": 6,
            "form": "Leila",
            "pos": "NPR",
            "lemma": "Leila",
            "has_context": "false",
            "is_title": "false"
        },
        {
            "id": 7,
            "form": ",",
            "pos": "PON",
            "lemma": ",",
            "has_context": "false",
            "is_title": "false"
        },
        {
            "id": 8,
            "form": "Sono",
            "pos": "VER",
            "lemma": "essere",
            "has_context": "false",
            "is_title": "false"
        },
        {
            "id": 9,
            "form": "appena",
            "pos": "ADV",
            "lemma": "appena",
            "has_context": "false",
            "is_title": "false"
        },
        {
            "id": 10,
            "form": "arrivato",
            "pos": "VER",
            "lemma": "arrivare",
            "has_context": "false",
            "is_title": "false"
        },
        {
            "id": 11,
            "form": "in",
            "pos": "PRE",
            "lemma": "in",
            "has_context": "false",
            "is_title": "false"
        },
        {
            "id": 12,
            "form": "Italia",
            "pos": "NPR",
            "lemma": "Italia",
            "has_context": "false",
            "is_title": "false"
        },
        {
            "id": 13,
            "form": "ed",
            "pos": "CON",
            "lemma": "ed",
            "has_context": "false",
            "is_title": "false"
        },
        {
            "id": 14,
            "form": "è",
            "pos": "VER",
            "lemma": "essere",
            "has_context": "false",
            "is_title": "false"
        },
        {
            "id": 15,
            "form": "un",
            "pos": "DET",
            "lemma": "un",
            "has_context": "false",
            "is_title": "false"
        },
        {
            "id": 16,
            "form": "luogo",
            "pos": "NOM",
            "lemma": "luogo",
            "has_context": "false",
            "is_title": "false"
        },
        {
            "id": 17,
            "form": "davvero",
            "pos": "ADV",
            "lemma": "davvero",
            "has_context": "true",
            "is_title": "false"
        },
        {
            "id": 18,
            "form": "incantevole",
            "pos": "ADJ",
            "lemma": "incantevole",
            "has_context": "true",
            "is_title": "false"
        },
        {
            "id": 19,
            "form": ".",
            "pos": "SENT",
            "lemma": ".",
            "has_context": "false",
            "is_title": "false"
        },
        {
            "id": 20,
            "form": "Ieri",
            "pos": "ADV",
            "lemma": "ieri",
            "has_context": "false",
            "is_title": "false"
        },
        {
            "id": 21,
            "form": "ho",
            "pos": "VER",
            "lemma": "avere",
            "has_context": "false",
            "is_title": "false"
        },
        {
            "id": 22,
            "form": "visitato",
            "pos": "VER",
            "lemma": "visitare",
            "has_context": "false",
            "is_title": "false"
        },
        {
            "id": 23,
            "form": "il",
            "pos": "DET",
            "lemma": "il",
            "has_context": "false",
            "is_title": "false"
        },
        {
            "id": 24,
            "form": "centro",
            "pos": "NOM",
            "lemma": "centro",
            "has_context": "false",
            "is_title": "false"
        },
        {
            "id": 25,
            "form": "di",
            "pos": "PRE",
            "lemma": "di",
            "has_context": "false",
            "is_title": "false"
        },
        {
            "id": 26,
            "form": "Roma",
            "pos": "NPR",
            "lemma": "Roma",
            "has_context": "false",
            "is_title": "false"
        },
        {
            "id": 27,
            "form": "e",
            "pos": "CON",
            "lemma": "e",
            "has_context": "false",
            "is_title": "false"
        },
        {
            "id": 28,
            "form": "devo",
            "pos": "VER",
            "lemma": "dovere",
            "has_context": "false",
            "is_title": "false"
        },
        {
            "id": 29,
            "form": "dire",
            "pos": "VER",
            "lemma": "dire",
            "has_context": "false",
            "is_title": "false"
        },
        {
            "id": 30,
            "form": "che",
            "pos": "CON",
            "lemma": "che",
            "has_context": "false",
            "is_title": "false"
        },
        {
            "id": 31,
            "form": "è",
            "pos": "VER",
            "lemma": "essere",
            "has_context": "false",
            "is_title": "false"
        },
        {
            "id": 32,
            "form": "davvero",
            "pos": "ADV",
            "lemma": "davvero",
            "has_context": "true",
            "is_title": "false"
        },
        {
            "id": 33,
            "form": "una",
            "pos": "DET",
            "lemma": "una",
            "has_context": "false",
            "is_title": "false"
        },
        {
            "id": 34,
            "form": "città",
            "pos": "NOM",
            "lemma": "città",
            "has_context": "false",
            "is_title": "false"
        },
        {
            "id": 35,
            "form": "con",
            "pos": "PRE",
            "lemma": "con",
            "has_context": "false",
            "is_title": "false"
        },
        {
            "id": 36,
            "form": "molti",
            "pos": "ADJ",
            "lemma": "molto",
            "has_context": "false",
            "is_title": "false"
        },
        {
            "id": 37,
            "form": "monumenti",
            "pos": "NOM",
            "lemma": "monumento",
            "has_context": "false",
            "is_title": "false"
        },
        {
            "id": 38,
            "form": "antichi",
            "pos": "ADJ",
            "lemma": "antico",
            "has_context": "false",
            "is_title": "false"
        },
        {
            "id": 39,
            "form": ",",
            "pos": "PON",
            "lemma": ",",
            "has_context": "false",
            "is_title": "false"
        },
        {
            "id": 40,
            "form": "infatti",
            "pos": "ADV",
            "lemma": "infatti",
            "has_context": "false",
            "is_title": "false"
        },
        {
            "id": 41,
            "form": "sono",
            "pos": "VER",
            "lemma": "essere",
            "has_context": "false",
            "is_title": "false"
        },
        {
            "id": 42,
            "form": "risalenti",
            "pos": "VER",
            "lemma": "risalire",
            "has_context": "true",
            "is_title": "false"
        },
        {
            "id": 43,
            "form": "all'",
            "pos": "PRE",
            "lemma": "al",
            "has_context": "false",
            "is_title": "false"
        },
        {
            "id": 44,
            "form": "epoca",
            "pos": "NOM",
            "lemma": "epoca",
            "has_context": "true",
            "is_title": "false"
        },
        {
            "id": 45,
            "form": "romana",
            "pos": "ADJ",
            "lemma": "romano",
            "has_context": "true",
            "is_title": "false"
        },
        {
            "id": 46,
            "form": ".",
            "pos": "SENT",
            "lemma": ".",
            "has_context": "false",
            "is_title": "false"
        },
        {
            "id": 47,
            "form": "Ho",
            "pos": "VER",
            "lemma": "avere",
            "has_context": "false",
            "is_title": "false"
        },
        {
            "id": 48,
            "form": "visto",
            "pos": "VER",
            "lemma": "vedere",
            "has_context": "false",
            "is_title": "false"
        },
        {
            "id": 49,
            "form": "il",
            "pos": "DET",
            "lemma": "il",
            "has_context": "false",
            "is_title": "false"
        },
        {
            "id": 50,
            "form": "Colosseo",
            "pos": "NPR",
            "lemma": "Colosseo",
            "has_context": "false",
            "is_title": "false"
        },
        {
            "id": 51,
            "form": "e",
            "pos": "CON",
            "lemma": "e",
            "has_context": "false",
            "is_title": "false"
        },
        {
            "id": 52,
            "form": "devo",
            "pos": "VER",
            "lemma": "dovere",
            "has_context": "false",
            "is_title": "false"
        },
        {
            "id": 53,
            "form": "ammettere",
            "pos": "VER",
            "lemma": "ammettere",
            "has_context": "true",
            "is_title": "false"
        },
        {
            "id": 54,
            "form": "che",
            "pos": "CON",
            "lemma": "che",
            "has_context": "false",
            "is_title": "false"
        },
        {
            "id": 55,
            "form": "pensavo",
            "pos": "VER",
            "lemma": "pensare",
            "has_context": "false",
            "is_title": "false"
        },
        {
            "id": 56,
            "form": "fosse",
            "pos": "VER",
            "lemma": "essere",
            "has_context": "false",
            "is_title": "false"
        },
        {
            "id": 57,
            "form": "più",
            "pos": "ADV",
            "lemma": "più",
            "has_context": "false",
            "is_title": "false"
        },
        {
            "id": 58,
            "form": "piccolo",
            "pos": "ADJ",
            "lemma": "piccolo",
            "has_context": "false",
            "is_title": "false"
        },
        {
            "id": 59,
            "form": ",",
            "pos": "PON",
            "lemma": ",",
            "has_context": "false",
            "is_title": "false"
        },
        {
            "id": 60,
            "form": "invece",
            "pos": "CON",
            "lemma": "invece",
            "has_context": "false",
            "is_title": "false"
        },
        {
            "id": 61,
            "form": "è",
            "pos": "VER",
            "lemma": "essere",
            "has_context": "false",
            "is_title": "false"
        },
        {
            "id": 62,
            "form": "grande",
            "pos": "ADJ",
            "lemma": "grande",
            "has_context": "false",
            "is_title": "false"
        },
        {
            "id": 63,
            "form": "ed",
            "pos": "CON",
            "lemma": "ed",
            "has_context": "false",
            "is_title": "false"
        },
        {
            "id": 64,
            "form": "è",
            "pos": "VER",
            "lemma": "essere",
            "has_context": "false",
            "is_title": "false"
        },
        {
            "id": 65,
            "form": "davvero",
            "pos": "ADV",
            "lemma": "davvero",
            "has_context": "true",
            "is_title": "false"
        },
        {
            "id": 66,
            "form": "un",
            "pos": "DET",
            "lemma": "un",
            "has_context": "false",
            "is_title": "false"
        },
        {
            "id": 67,
            "form": "bel",
            "pos": "ADJ",
            "lemma": "bello",
            "has_context": "false",
            "is_title": "false"
        },
        {
            "id": 68,
            "form": "monumento",
            "pos": "NOM",
            "lemma": "monumento",
            "has_context": "false",
            "is_title": "false"
        },
        {
            "id": 69,
            "form": ",",
            "pos": "PON",
            "lemma": ",",
            "has_context": "false",
            "is_title": "false"
        },
        {
            "id": 70,
            "form": "peccato",
            "pos": "NOM",
            "lemma": "peccato",
            "has_context": "false",
            "is_title": "false"
        },
        {
            "id": 71,
            "form": "che",
            "pos": "con",
            "lemma": "che",
            "has_context": "false",
            "is_title": "false"
        },
        {
            "id": 72,
            "form": "non",
            "pos": "ADV",
            "lemma": "non",
            "has_context": "false",
            "is_title": "false"
        },
        {
            "id": 73,
            "form": "sono",
            "pos": "VER",
            "lemma": "essere",
            "has_context": "false",
            "is_title": "false"
        },
        {
            "id": 74,
            "form": "riuscito",
            "pos": "VER",
            "lemma": "riuscire",
            "has_context": "true",
            "is_title": "false"
        },
        {
            "id": 75,
            "form": "ad",
            "pos": "PRE",
            "lemma": "ad",
            "has_context": "false",
            "is_title": "false"
        },
        {
            "id": 76,
            "form": "entrare",
            "pos": "VER",
            "lemma": "entrare",
            "has_context": "false",
            "is_title": "false"
        },
        {
            "id": 77,
            "form": ".",
            "pos": "SENT",
            "lemma": ".",
            "has_context": "false",
            "is_title": "false"
        },
        {
            "id": 78,
            "form": "Ieri",
            "pos": "ADV",
            "lemma": "ieri",
            "has_context": "false",
            "is_title": "false"
        },
        {
            "id": 79,
            "form": "sono",
            "pos": "VER",
            "lemma": "essere",
            "has_context": "false",
            "is_title": "false"
        },
        {
            "id": 80,
            "form": "andato",
            "pos": "VER",
            "lemma": "andare",
            "has_context": "false",
            "is_title": "false"
        },
        {
            "id": 81,
            "form": "con",
            "pos": "PRE",
            "lemma": "con",
            "has_context": "false",
            "is_title": "false"
        },
        {
            "id": 82,
            "form": "dei",
            "pos": "PRE",
            "lemma": "del",
            "has_context": "false",
            "is_title": "false"
        },
        {
            "id": 83,
            "form": "miei",
            "pos": "ADJ",
            "lemma": "mio",
            "has_context": "false",
            "is_title": "false"
        },
        {
            "id": 84,
            "form": "amici",
            "pos": "NOM",
            "lemma": "amico",
            "has_context": "false",
            "is_title": "false"
        },
        {
            "id": 85,
            "form": "a",
            "pos": "PRE",
            "lemma": "a",
            "has_context": "false",
            "is_title": "false"
        },
        {
            "id": 86,
            "form": "mangiare",
            "pos": "VER",
            "lemma": "mangiare",
            "has_context": "false",
            "is_title": "false"
        },
        {
            "id": 87,
            "form": "in",
            "pos": "PRE",
            "lemma": "in",
            "has_context": "false",
            "is_title": "false"
        },
        {
            "id": 88,
            "form": "un",
            "pos": "DET",
            "lemma": "un",
            "has_context": "false",
            "is_title": "false"
        },
        {
            "id": 89,
            "form": "ristorante",
            "pos": "NOM",
            "lemma": "ristorante",
            "has_context": "false",
            "is_title": "false"
        },
        {
            "id": 90,
            "form": "in",
            "pos": "PRE",
            "lemma": "in",
            "has_context": "false",
            "is_title": "false"
        },
        {
            "id": 91,
            "form": "cui",
            "pos": "PRO",
            "lemma": "cui",
            "has_context": "false",
            "is_title": "false"
        },
        {
            "id": 92,
            "form": "cucinano",
            "pos": "VER",
            "lemma": "cucinare",
            "has_context": "false",
            "is_title": "false"
        },
        {
            "id": 93,
            "form": "dell'",
            "pos": "PRE",
            "lemma": "del",
            "has_context": "false",
            "is_title": "false"
        },
        {
            "id": 94,
            "form": "ottimo",
            "pos": "ADJ",
            "lemma": "ottimo",
            "has_context": "true",
            "is_title": "false"
        },
        {
            "id": 95,
            "form": "pesce",
            "pos": "NOM",
            "lemma": "pesce",
            "has_context": "false",
            "is_title": "false"
        },
        {
            "id": 96,
            "form": ",",
            "pos": "PON",
            "lemma": ",",
            "has_context": "false",
            "is_title": "false"
        },
        {
            "id": 97,
            "form": "ma",
            "pos": "CON",
            "lemma": "ma",
            "has_context": "false",
            "is_title": "false"
        },
        {
            "id": 98,
            "form": ",",
            "pos": "PON",
            "lemma": ",",
            "has_context": "false",
            "is_title": "false"
        },
        {
            "id": 99,
            "form": "come",
            "pos": "PRE",
            "lemma": "come",
            "has_context": "false",
            "is_title": "false"
        },
        {
            "id": 100,
            "form": "tu",
            "pos": "PRO",
            "lemma": "tu",
            "has_context": "false",
            "is_title": "false"
        },
        {
            "id": 101,
            "form": "ben",
            "pos": "ADV",
            "lemma": "bene",
            "has_context": "false",
            "is_title": "false"
        },
        {
            "id": 102,
            "form": "sai",
            "pos": "VER",
            "lemma": "sapere",
            "has_context": "false",
            "is_title": "false"
        },
        {
            "id": 103,
            "form": ",",
            "pos": "PON",
            "lemma": ",",
            "has_context": "false",
            "is_title": "false"
        },
        {
            "id": 104,
            "form": "a",
            "pos": "PRE",
            "lemma": "a",
            "has_context": "false",
            "is_title": "false"
        },
        {
            "id": 105,
            "form": "me",
            "pos": "PRO",
            "lemma": "me",
            "has_context": "false",
            "is_title": "false"
        },
        {
            "id": 106,
            "form": "il",
            "pos": "DET",
            "lemma": "il",
            "has_context": "false",
            "is_title": "false"
        },
        {
            "id": 107,
            "form": "pesce",
            "pos": "NOM",
            "lemma": "pesce",
            "has_context": "false",
            "is_title": "false"
        },
        {
            "id": 108,
            "form": "non",
            "pos": "ADV",
            "lemma": "non",
            "has_context": "false",
            "is_title": "false"
        },
        {
            "id": 109,
            "form": "piace",
            "pos": "VER",
            "lemma": "piacere",
            "has_context": "false",
            "is_title": "false"
        },
        {
            "id": 110,
            "form": ",",
            "pos": "PON",
            "lemma": ",",
            "has_context": "false",
            "is_title": "false"
        },
        {
            "id": 111,
            "form": "infatti",
            "pos": "CON",
            "lemma": "infatti",
            "has_context": "false",
            "is_title": "false"
        },
        {
            "id": 112,
            "form": "ho",
            "pos": "VER",
            "lemma": "avere",
            "has_context": "false",
            "is_title": "false"
        },
        {
            "id": 113,
            "form": "ordinato",
            "pos": "VER",
            "lemma": "ordinare",
            "has_context": "false",
            "is_title": "false"
        },
        {
            "id": 114,
            "form": "una",
            "pos": "DET",
            "lemma": "una",
            "has_context": "false",
            "is_title": "false"
        },
        {
            "id": 115,
            "form": "pizza",
            "pos": "NOM",
            "lemma": "pizza",
            "has_context": "false",
            "is_title": "false"
        },
        {
            "id": 116,
            "form": "ed",
            "pos": "CON",
            "lemma": "ed",
            "has_context": "false",
            "is_title": "false"
        },
        {
            "id": 117,
            "form": "era",
            "pos": "VER",
            "lemma": "essere",
            "has_context": "false",
            "is_title": "false"
        },
        {
            "id": 118,
            "form": "davvero",
            "pos": "ADV",
            "lemma": "davvero",
            "has_context": "true",
            "is_title": "false"
        },
        {
            "id": 119,
            "form": "molto",
            "pos": "ADV",
            "lemma": "molto",
            "has_context": "false",
            "is_title": "false"
        },
        {
            "id": 120,
            "form": "buona",
            "pos": "ADJ",
            "lemma": "buono",
            "has_context": "false",
            "is_title": "false"
        },
        {
            "id": 121,
            "form": ".",
            "pos": "SENT",
            "lemma": ".",
            "has_context": "false",
            "is_title": "false"
        },
        {
            "id": 122,
            "form": "Dopo",
            "pos": "PRE",
            "lemma": "dopo",
            "has_context": "false",
            "is_title": "false"
        },
        {
            "id": 123,
            "form": "la",
            "pos": "DET",
            "lemma": "il",
            "has_context": "false",
            "is_title": "false"
        },
        {
            "id": 124,
            "form": "cena",
            "pos": "NOM",
            "lemma": "cena",
            "has_context": "false",
            "is_title": "false"
        },
        {
            "id": 125,
            "form": "siamo",
            "pos": "VER",
            "lemma": "essere",
            "has_context": "false",
            "is_title": "false"
        },
        {
            "id": 126,
            "form": "andati",
            "pos": "VER",
            "lemma": "andare",
            "has_context": "false",
            "is_title": "false"
        },
        {
            "id": 127,
            "form": "a",
            "pos": "PRE",
            "lemma": "a",
            "has_context": "false",
            "is_title": "false"
        },
        {
            "id": 128,
            "form": "fare",
            "pos": "VER",
            "lemma": "fare",
            "has_context": "false",
            "is_title": "false"
        },
        {
            "id": 129,
            "form": "un",
            "pos": "DET",
            "lemma": "un",
            "has_context": "false",
            "is_title": "false"
        },
        {
            "id": 130,
            "form": "giro",
            "pos": "NOM",
            "lemma": "giro",
            "has_context": "false",
            "is_title": "false"
        },
        {
            "id": 131,
            "form": "nella",
            "pos": "PRE",
            "lemma": "nel",
            "has_context": "false",
            "is_title": "false"
        },
        {
            "id": 132,
            "form": "parte",
            "pos": "NOM",
            "lemma": "parte",
            "has_context": "false",
            "is_title": "false"
        },
        {
            "id": 133,
            "form": "antica",
            "pos": "ADJ",
            "lemma": "antico",
            "has_context": "false",
            "is_title": "false"
        },
        {
            "id": 134,
            "form": "della",
            "pos": "PRE",
            "lemma": "del",
            "has_context": "false",
            "is_title": "false"
        },
        {
            "id": 135,
            "form": "città",
            "pos": "NOM",
            "lemma": "città",
            "has_context": "false",
            "is_title": "false"
        },
        {
            "id": 136,
            "form": ",",
            "pos": "PON",
            "lemma": ",",
            "has_context": "false",
            "is_title": "false"
        },
        {
            "id": 137,
            "form": "dove",
            "pos": "PRO",
            "lemma": "dove",
            "has_context": "false",
            "is_title": "false"
        },
        {
            "id": 138,
            "form": "ci",
            "pos": "ADV",
            "lemma": "ci",
            "has_context": "false",
            "is_title": "false"
        },
        {
            "id": 139,
            "form": "sono",
            "pos": "VER",
            "lemma": "essere",
            "has_context": "false",
            "is_title": "false"
        },
        {
            "id": 140,
            "form": "i",
            "pos": "DET",
            "lemma": "il",
            "has_context": "false",
            "is_title": "false"
        },
        {
            "id": 141,
            "form": "resti",
            "pos": "NOM",
            "lemma": "resto",
            "has_context": "false",
            "is_title": "false"
        },
        {
            "id": 142,
            "form": "archeologici",
            "pos": "ADJ",
            "lemma": "archeologico",
            "has_context": "true",
            "is_title": "false"
        },
        {
            "id": 143,
            "form": "dell'",
            "pos": "PRE",
            "lemma": "del",
            "has_context": "false",
            "is_title": "false"
        },
        {
            "id": 144,
            "form": "antica",
            "pos": "ADJ",
            "lemma": "antico",
            "has_context": "false",
            "is_title": "false"
        },
        {
            "id": 145,
            "form": "Roma",
            "pos": "NPR",
            "lemma": "Roma",
            "has_context": "false",
            "is_title": "false"
        },
        {
            "id": 146,
            "form": ",",
            "pos": "PON",
            "lemma": ",",
            "has_context": "false",
            "is_title": "false"
        },
        {
            "id": 147,
            "form": "sembrano",
            "pos": "VER",
            "lemma": "sembrare",
            "has_context": "false",
            "is_title": "false"
        },
        {
            "id": 148,
            "form": "disposti",
            "pos": "VER",
            "lemma": "disporre",
            "has_context": "true",
            "is_title": "false"
        },
        {
            "id": 149,
            "form": "in",
            "pos": "PRE",
            "lemma": "in",
            "has_context": "false",
            "is_title": "false"
        },
        {
            "id": 150,
            "form": "maniera",
            "pos": "NOM",
            "lemma": "maniera",
            "has_context": "true",
            "is_title": "false"
        },
        {
            "id": 151,
            "form": "casuale",
            "pos": "ADJ",
            "lemma": "casuale",
            "has_context": "true",
            "is_title": "false"
        },
        {
            "id": 152,
            "form": "e",
            "pos": "CON",
            "lemma": "e",
            "has_context": "false",
            "is_title": "false"
        },
        {
            "id": 153,
            "form": "invece",
            "pos": "CON",
            "lemma": "invece",
            "has_context": "false",
            "is_title": "false"
        },
        {
            "id": 154,
            "form": "ricostruiscono",
            "pos": "VER",
            "lemma": "ricostruire",
            "has_context": "true",
            "is_title": "false"
        },
        {
            "id": 155,
            "form": "perfettamente",
            "pos": "ADV",
            "lemma": "perfettamente",
            "has_context": "true",
            "is_title": "false"
        },
        {
            "id": 156,
            "form": "la",
            "pos": "DET",
            "lemma": "il",
            "has_context": "false",
            "is_title": "false"
        },
        {
            "id": 157,
            "form": "pianta",
            "pos": "NOM",
            "lemma": "pianta",
            "has_context": "false",
            "is_title": "false"
        },
        {
            "id": 158,
            "form": "della",
            "pos": "PRE",
            "lemma": "del",
            "has_context": "false",
            "is_title": "false"
        },
        {
            "id": 159,
            "form": "città",
            "pos": "NOM",
            "lemma": "città",
            "has_context": "false",
            "is_title": "false"
        },
        {
            "id": 160,
            "form": "di",
            "pos": "PRE",
            "lemma": "di",
            "has_context": "false",
            "is_title": "false"
        },
        {
            "id": 161,
            "form": "molti",
            "pos": "ADJ",
            "lemma": "molto",
            "has_context": "false",
            "is_title": "false"
        },
        {
            "id": 162,
            "form": "anni",
            "pos": "NOM",
            "lemma": "anno",
            "has_context": "false",
            "is_title": "false"
        },
        {
            "id": 163,
            "form": "fa",
            "pos": "ADV",
            "lemma": "fa",
            "has_context": "true",
            "is_title": "false"
        },
        {
            "id": 164,
            "form": ".",
            "pos": "SENT",
            "lemma": ".",
            "has_context": "false",
            "is_title": "false"
        },
        {
            "id": 165,
            "form": "Vorrei",
            "pos": "VER",
            "lemma": "volere",
            "has_context": "false",
            "is_title": "false"
        },
        {
            "id": 166,
            "form": "dirti",
            "pos": "VER",
            "lemma": "dire",
            "has_context": "false",
            "is_title": "false"
        },
        {
            "id": 167,
            "form": "tante",
            "pos": "PRO",
            "lemma": "tanto",
            "has_context": "false",
            "is_title": "false"
        },
        {
            "id": 168,
            "form": "cose",
            "pos": "NOM",
            "lemma": "cosa",
            "has_context": "false",
            "is_title": "false"
        },
        {
            "id": 169,
            "form": ",",
            "pos": "PON",
            "lemma": ",",
            "has_context": "false",
            "is_title": "false"
        },
        {
            "id": 170,
            "form": "ma",
            "pos": "CON",
            "lemma": "ma",
            "has_context": "false",
            "is_title": "false"
        },
        {
            "id": 171,
            "form": "non",
            "pos": "ADV",
            "lemma": "non",
            "has_context": "false",
            "is_title": "false"
        },
        {
            "id": 172,
            "form": "ho",
            "pos": "VER",
            "lemma": "avere",
            "has_context": "false",
            "is_title": "false"
        },
        {
            "id": 173,
            "form": "molto",
            "pos": "ADV",
            "lemma": "molto",
            "has_context": "false",
            "is_title": "false"
        },
        {
            "id": 174,
            "form": "tempo",
            "pos": "NOM",
            "lemma": "tempo",
            "has_context": "false",
            "is_title": "false"
        },
        {
            "id": 175,
            "form": "perché",
            "pos": "CON",
            "lemma": "perché",
            "has_context": "false",
            "is_title": "false"
        },
        {
            "id": 176,
            "form": "ho",
            "pos": "VER",
            "lemma": "avere",
            "has_context": "false",
            "is_title": "false"
        },
        {
            "id": 177,
            "form": "molte",
            "pos": "PRO",
            "lemma": "molto",
            "has_context": "false",
            "is_title": "false"
        },
        {
            "id": 178,
            "form": "commissioni",
            "pos": "NOM",
            "lemma": "commissione",
            "has_context": "true",
            "is_title": "false"
        },
        {
            "id": 179,
            "form": "da",
            "pos": "PRE",
            "lemma": "da",
            "has_context": "false",
            "is_title": "false"
        },
        {
            "id": 180,
            "form": "svolgere",
            "pos": "VER",
            "lemma": "svolgere",
            "has_context": "true",
            "is_title": "false"
        },
        {
            "id": 181,
            "form": ".",
            "pos": "SENT",
            "lemma": ".",
            "has_context": "false",
            "is_title": "false"
        },
        {
            "id": 182,
            "form": "Ti",
            "pos": "PRO",
            "lemma": "ti",
            "has_context": "false",
            "is_title": "false"
        },
        {
            "id": 183,
            "form": "saluto",
            "pos": "VER",
            "lemma": "salutare",
            "has_context": "true",
            "is_title": "false"
        },
        {
            "id": 184,
            "form": "con",
            "pos": "PRE",
            "lemma": "con",
            "has_context": "false",
            "is_title": "false"
        },
        {
            "id": 185,
            "form": "un",
            "pos": "DET",
            "lemma": "un",
            "has_context": "false",
            "is_title": "false"
        },
        {
            "id": 186,
            "form": "bacio",
            "pos": "NOM",
            "lemma": "bacio",
            "has_context": "false",
            "is_title": "false"
        },
        {
            "id": 187,
            "form": ".",
            "pos": "SENT",
            "lemma": ".",
            "has_context": "false",
            "is_title": "false"
        },
        {
            "id": 188,
            "form": "Non",
            "pos": "ADV",
            "lemma": "non",
            "has_context": "false",
            "is_title": "false"
        },
        {
            "id": 189,
            "form": "vedo",
            "pos": "VER",
            "lemma": "vedere",
            "has_context": "false",
            "is_title": "false"
        },
        {
            "id": 190,
            "form": "l'",
            "pos": "DET",
            "lemma": "il",
            "has_context": "false",
            "is_title": "false"
        },
        {
            "id": 191,
            "form": "ora",
            "pos": "NOM",
            "lemma": "ora",
            "has_context": "false",
            "is_title": "false"
        },
        {
            "id": 192,
            "form": "di",
            "pos": "PRE",
            "lemma": "di",
            "has_context": "false",
            "is_title": "false"
        },
        {
            "id": 193,
            "form": "tornare",
            "pos": "VER",
            "lemma": "tornare",
            "has_context": "false",
            "is_title": "false"
        },
        {
            "id": 194,
            "form": "da",
            "pos": "PRE",
            "lemma": "da",
            "has_context": "false",
            "is_title": "false"
        },
        {
            "id": 195,
            "form": "te",
            "pos": "PRO",
            "lemma": "te",
            "has_context": "false",
            "is_title": "false"
        },
        {
            "id": 196,
            "form": ".",
            "pos": "SENT",
            "lemma": ".",
            "has_context": "false",
            "is_title": "false"
        },
        {
            "id": 197,
            "form": "Sono",
            "pos": "VER",
            "lemma": "essere",
            "has_context": "false",
            "is_title": "false"
        },
        {
            "id": 198,
            "form": "due",
            "pos": "ADJ",
            "lemma": "due",
            "has_context": "false",
            "is_title": "false"
        },
        {
            "id": 199,
            "form": "giorni",
            "pos": "NOM",
            "lemma": "giorno",
            "has_context": "false",
            "is_title": "false"
        },
        {
            "id": 200,
            "form": "che",
            "pos": "CON",
            "lemma": "che",
            "has_context": "false",
            "is_title": "false"
        },
        {
            "id": 201,
            "form": "non",
            "pos": "ADV",
            "lemma": "non",
            "has_context": "false",
            "is_title": "false"
        },
        {
            "id": 202,
            "form": "ci",
            "pos": "PRO",
            "lemma": "ci",
            "has_context": "false",
            "is_title": "false"
        },
        {
            "id": 203,
            "form": "vediamo",
            "pos": "VER",
            "lemma": "vedere",
            "has_context": "false",
            "is_title": "false"
        },
        {
            "id": 204,
            "form": "e",
            "pos": "CON",
            "lemma": "e",
            "has_context": "false",
            "is_title": "false"
        },
        {
            "id": 205,
            "form": "già",
            "pos": "ADV",
            "lemma": "già",
            "has_context": "false",
            "is_title": "false"
        },
        {
            "id": 206,
            "form": "mi",
            "pos": "PRO",
            "lemma": "mi",
            "has_context": "false",
            "is_title": "false"
        },
        {
            "id": 207,
            "form": "manchi",
            "pos": "VER",
            "lemma": "mancare",
            "has_context": "true",
            "is_title": "false"
        },
        {
            "id": 208,
            "form": "tanto",
            "pos": "ADV",
            "lemma": "tanto",
            "has_context": "false",
            "is_title": "false"
        },
        {
            "id": 209,
            "form": ".",
            "pos": "SENT",
            "lemma": ".",
            "has_context": "false",
            "is_title": "false"
        },
        {
            "id": 210,
            "form": "Luca",
            "pos": "NPR",
            "lemma": "Luca",
            "has_context": "false",
            "is_title": "false"
        }
    ]
