    [
        {
            "id": 1,
            "form": "Le",
            "pos": "DET",
            "lemma": "il",
            "has_context": "false",
            "is_title": "true"
        },
        {
            "id": 2,
            "form": "regole",
            "pos": "NOM",
            "lemma": "regola",
            "has_context": "true",
            "is_title": "true"
        },
        {
            "id": 3,
            "form": "da",
            "pos": "PRE",
            "lemma": "da",
            "has_context": "false",
            "is_title": "true"
        },
        {
            "id": 4,
            "form": "rispettare",
            "pos": "VER",
            "lemma": "rispettare",
            "has_context": "true",
            "is_title": "true"
        },
        {
            "id": 5,
            "form": "ad",
            "pos": "PRE",
            "lemma": "ad",
            "has_context": "false",
            "is_title": "true"
        },
        {
            "id": 6,
            "form": "un",
            "pos": "DET",
            "lemma": "un",
            "has_context": "false",
            "is_title": "true"
        },
        {
            "id": 7,
            "form": "esame",
            "pos": "NOM",
            "lemma": "esame",
            "has_context": "false",
            "is_title": "true"
        },
        {
            "id": 8,
            "form": "Quando",
            "pos": "ADV",
            "lemma": "quando",
            "has_context": "false",
            "is_title": "false"
        },
        {
            "id": 9,
            "form": "si",
            "pos": "PRO",
            "lemma": "si",
            "has_context": "false",
            "is_title": "false"
        },
        {
            "id": 10,
            "form": "sostiene",
            "pos": "VER",
            "lemma": "sostenere",
            "has_context": "true",
            "is_title": "false"
        },
        {
            "id": 11,
            "form": "un",
            "pos": "DET",
            "lemma": "un",
            "has_context": "false",
            "is_title": "false"
        },
        {
            "id": 12,
            "form": "esame",
            "pos": "NOM",
            "lemma": "esame",
            "has_context": "false",
            "is_title": "false"
        },
        {
            "id": 13,
            "form": "all’",
            "pos": "PRE",
            "lemma": "al",
            "has_context": "false",
            "is_title": "false"
        },
        {
            "id": 14,
            "form": "università",
            "pos": "NOM",
            "lemma": "università",
            "has_context": "false",
            "is_title": "false"
        },
        {
            "id": 15,
            "form": "e",
            "pos": "CON",
            "lemma": "e",
            "has_context": "false",
            "is_title": "false"
        },
        {
            "id": 16,
            "form": "per",
            "pos": "PRE",
            "lemma": "per",
            "has_context": "false",
            "is_title": "false"
        },
        {
            "id": 17,
            "form": "un",
            "pos": "DET",
            "lemma": "un",
            "has_context": "false",
            "is_title": "false"
        },
        {
            "id": 18,
            "form": "concorso",
            "pos": "NOM",
            "lemma": "concorso",
            "has_context": "true",
            "is_title": "false"
        },
        {
            "id": 19,
            "form": "di",
            "pos": "PRE",
            "lemma": "di",
            "has_context": "false",
            "is_title": "false"
        },
        {
            "id": 20,
            "form": "lavoro",
            "pos": "NOM",
            "lemma": "lavoro",
            "has_context": "false",
            "is_title": "false"
        },
        {
            "id": 21,
            "form": "si",
            "pos": "PRO",
            "lemma": "si",
            "has_context": "false",
            "is_title": "false"
        },
        {
            "id": 22,
            "form": "devono",
            "pos": "VER",
            "lemma": "dovere",
            "has_context": "false",
            "is_title": "false"
        },
        {
            "id": 23,
            "form": "tenere",
            "pos": "VER",
            "lemma": "tenere",
            "has_context": "false",
            "is_title": "false"
        },
        {
            "id": 24,
            "form": "determinati",
            "pos": "ADJ",
            "lemma": "determinato",
            "has_context": "true",
            "is_title": "false"
        },
        {
            "id": 25,
            "form": "comportamenti",
            "pos": "NOM",
            "lemma": "comportamento",
            "has_context": "true",
            "is_title": "false"
        },
        {
            "id": 26,
            "form": "e",
            "pos": "CON",
            "lemma": "e",
            "has_context": "false",
            "is_title": "false"
        },
        {
            "id": 27,
            "form": "rispettare",
            "pos": "VER",
            "lemma": "rispettare",
            "has_context": "true",
            "is_title": "false"
        },
        {
            "id": 28,
            "form": "delle",
            "pos": "PRE",
            "lemma": "del",
            "has_context": "false",
            "is_title": "false"
        },
        {
            "id": 29,
            "form": "regole",
            "pos": "NOM",
            "lemma": "regola",
            "has_context": "true",
            "is_title": "false"
        },
        {
            "id": 30,
            "form": ".",
            "pos": "SENT",
            "lemma": ".",
            "has_context": "false",
            "is_title": "false"
        },
        {
            "id": 31,
            "form": "Le",
            "pos": "DET",
            "lemma": "il",
            "has_context": "false",
            "is_title": "false"
        },
        {
            "id": 32,
            "form": "regole",
            "pos": "NOM",
            "lemma": "regola",
            "has_context": "true",
            "is_title": "false"
        },
        {
            "id": 33,
            "form": "ci",
            "pos": "ADV",
            "lemma": "ci",
            "has_context": "false",
            "is_title": "false"
        },
        {
            "id": 34,
            "form": "sono",
            "pos": "VER",
            "lemma": "essere",
            "has_context": "false",
            "is_title": "false"
        },
        {
            "id": 35,
            "form": "per",
            "pos": "PRE",
            "lemma": "per",
            "has_context": "false",
            "is_title": "false"
        },
        {
            "id": 36,
            "form": "permettere",
            "pos": "VER",
            "lemma": "permettere",
            "has_context": "true",
            "is_title": "false"
        },
        {
            "id": 37,
            "form": "a",
            "pos": "PRE",
            "lemma": "a",
            "has_context": "false",
            "is_title": "false"
        },
        {
            "id": 38,
            "form": "tutti",
            "pos": "PRO",
            "lemma": "tutto",
            "has_context": "false",
            "is_title": "false"
        },
        {
            "id": 39,
            "form": "di",
            "pos": "PRE",
            "lemma": "di",
            "has_context": "false",
            "is_title": "false"
        },
        {
            "id": 40,
            "form": "fare",
            "pos": "VER",
            "lemma": "fare",
            "has_context": "false",
            "is_title": "false"
        },
        {
            "id": 41,
            "form": "l’",
            "pos": "DET",
            "lemma": "il",
            "has_context": "false",
            "is_title": "false"
        },
        {
            "id": 42,
            "form": "esame",
            "pos": "NOM",
            "lemma": "esame",
            "has_context": "false",
            "is_title": "false"
        },
        {
            "id": 43,
            "form": "in",
            "pos": "PRE",
            "lemma": "in",
            "has_context": "false",
            "is_title": "false"
        },
        {
            "id": 44,
            "form": "silenzio",
            "pos": "NOM",
            "lemma": "silenzio",
            "has_context": "false",
            "is_title": "false"
        },
        {
            "id": 45,
            "form": "e",
            "pos": "CON",
            "lemma": "e",
            "has_context": "false",
            "is_title": "false"
        },
        {
            "id": 46,
            "form": "di",
            "pos": "PRE",
            "lemma": "di",
            "has_context": "false",
            "is_title": "false"
        },
        {
            "id": 47,
            "form": "concentrarsi",
            "pos": "VER",
            "lemma": "concentrare",
            "has_context": "true",
            "is_title": "false"
        },
        {
            "id": 48,
            "form": "al",
            "pos": "PRE",
            "lemma": "al",
            "has_context": "false",
            "is_title": "false"
        },
        {
            "id": 49,
            "form": "massimo",
            "pos": "NOM",
            "lemma": "massimo",
            "has_context": "true",
            "is_title": "false"
        },
        {
            "id": 50,
            "form": ".",
            "pos": "SENT",
            "lemma": ".",
            "has_context": "false",
            "is_title": "false"
        },
        {
            "id": 51,
            "form": "Ma",
            "pos": "CON",
            "lemma": "ma",
            "has_context": "false",
            "is_title": "false"
        },
        {
            "id": 52,
            "form": "servono",
            "pos": "VER",
            "lemma": "servire",
            "has_context": "true",
            "is_title": "false"
        },
        {
            "id": 53,
            "form": "anche",
            "pos": "ADV",
            "lemma": "anche",
            "has_context": "false",
            "is_title": "false"
        },
        {
            "id": 54,
            "form": "per",
            "pos": "PRE",
            "lemma": "per",
            "has_context": "false",
            "is_title": "false"
        },
        {
            "id": 55,
            "form": "prevenire",
            "pos": "VER",
            "lemma": "prevenire",
            "has_context": "true",
            "is_title": "false"
        },
        {
            "id": 56,
            "form": "che",
            "pos": "CON",
            "lemma": "che",
            "has_context": "false",
            "is_title": "false"
        },
        {
            "id": 57,
            "form": "qualcuno",
            "pos": "PRO",
            "lemma": "qualcuno",
            "has_context": "false",
            "is_title": "false"
        },
        {
            "id": 58,
            "form": "si",
            "pos": "PRO",
            "lemma": "si",
            "has_context": "false",
            "is_title": "false"
        },
        {
            "id": 59,
            "form": "comporti",
            "pos": "VER",
            "lemma": "comportare",
            "has_context": "true",
            "is_title": "false"
        },
        {
            "id": 60,
            "form": "in",
            "pos": "PRE",
            "lemma": "in",
            "has_context": "false",
            "is_title": "false"
        },
        {
            "id": 61,
            "form": "maniera",
            "pos": "NOM",
            "lemma": "maniera",
            "has_context": "true",
            "is_title": "false"
        },
        {
            "id": 62,
            "form": "scorretta",
            "pos": "ADJ",
            "lemma": "scorretto",
            "has_context": "true",
            "is_title": "false"
        },
        {
            "id": 63,
            "form": ".",
            "pos": "SENT",
            "lemma": ".",
            "has_context": "false",
            "is_title": "false"
        },
        {
            "id": 64,
            "form": "Tra",
            "pos": "PRE",
            "lemma": "tra",
            "has_context": "false",
            "is_title": "false"
        },
        {
            "id": 65,
            "form": "tutte",
            "pos": "ADJ",
            "lemma": "tutto",
            "has_context": "false",
            "is_title": "false"
        },
        {
            "id": 66,
            "form": "le",
            "pos": "DET",
            "lemma": "il",
            "has_context": "false",
            "is_title": "false"
        },
        {
            "id": 67,
            "form": "regole",
            "pos": "NOM",
            "lemma": "regola",
            "has_context": "true",
            "is_title": "false"
        },
        {
            "id": 68,
            "form": ",",
            "pos": "PON",
            "lemma": ",",
            "has_context": "false",
            "is_title": "false"
        },
        {
            "id": 69,
            "form": "le",
            "pos": "DET",
            "lemma": "il",
            "has_context": "false",
            "is_title": "false"
        },
        {
            "id": 70,
            "form": "più",
            "pos": "ADV",
            "lemma": "più",
            "has_context": "false",
            "is_title": "false"
        },
        {
            "id": 71,
            "form": "importanti",
            "pos": "ADJ",
            "lemma": "importante",
            "has_context": "false",
            "is_title": "false"
        },
        {
            "id": 72,
            "form": "sono",
            "pos": "VER",
            "lemma": "essere",
            "has_context": "false",
            "is_title": "false"
        },
        {
            "id": 73,
            "form": ":",
            "pos": "PON",
            "lemma": ":",
            "has_context": "false",
            "is_title": "false"
        },
        {
            "id": 74,
            "form": "È",
            "pos": "VER",
            "lemma": "essere",
            "has_context": "false",
            "is_title": "false"
        },
        {
            "id": 75,
            "form": "obbligatorio",
            "pos": "ADJ",
            "lemma": "obbligatorio",
            "has_context": "true",
            "is_title": "false"
        },
        {
            "id": 76,
            "form": "scrivere",
            "pos": "VER",
            "lemma": "scrivere",
            "has_context": "false",
            "is_title": "false"
        },
        {
            "id": 77,
            "form": "le",
            "pos": "DET",
            "lemma": "il",
            "has_context": "false",
            "is_title": "false"
        },
        {
            "id": 78,
            "form": "risposte",
            "pos": "NOM",
            "lemma": "risposta",
            "has_context": "false",
            "is_title": "false"
        },
        {
            "id": 79,
            "form": "con",
            "pos": "PRE",
            "lemma": "con",
            "has_context": "false",
            "is_title": "false"
        },
        {
            "id": 80,
            "form": "la",
            "pos": "DET",
            "lemma": "il",
            "has_context": "false",
            "is_title": "false"
        },
        {
            "id": 81,
            "form": "penna",
            "pos": "NOM",
            "lemma": "penna",
            "has_context": "false",
            "is_title": "false"
        },
        {
            "id": 82,
            "form": "nera",
            "pos": "ADJ",
            "lemma": "nero",
            "has_context": "false",
            "is_title": "false"
        },
        {
            "id": 83,
            "form": ".",
            "pos": "SENT",
            "lemma": ".",
            "has_context": "false",
            "is_title": "false"
        },
        {
            "id": 84,
            "form": "È",
            "pos": "VER",
            "lemma": "essere",
            "has_context": "false",
            "is_title": "false"
        },
        {
            "id": 85,
            "form": "vietato",
            "pos": "VER",
            "lemma": "vietare",
            "has_context": "true",
            "is_title": "false"
        },
        {
            "id": 86,
            "form": "l’",
            "pos": "DET",
            "lemma": "il",
            "has_context": "false",
            "is_title": "false"
        },
        {
            "id": 87,
            "form": "uso",
            "pos": "NOM",
            "lemma": "uso",
            "has_context": "true",
            "is_title": "false"
        },
        {
            "id": 88,
            "form": "delle",
            "pos": "PRE",
            "lemma": "del",
            "has_context": "false",
            "is_title": "false"
        },
        {
            "id": 89,
            "form": "penne",
            "pos": "NOM",
            "lemma": "penna",
            "has_context": "false",
            "is_title": "false"
        },
        {
            "id": 90,
            "form": "di",
            "pos": "PRE",
            "lemma": "di",
            "has_context": "false",
            "is_title": "false"
        },
        {
            "id": 91,
            "form": "altri",
            "pos": "PRO",
            "lemma": "altro",
            "has_context": "false",
            "is_title": "false"
        },
        {
            "id": 92,
            "form": "colori",
            "pos": "NOM",
            "lemma": "colore",
            "has_context": "false",
            "is_title": "false"
        },
        {
            "id": 93,
            "form": "e",
            "pos": "CON",
            "lemma": "e",
            "has_context": "false",
            "is_title": "false"
        },
        {
            "id": 94,
            "form": "della",
            "pos": "PRE",
            "lemma": "del",
            "has_context": "false",
            "is_title": "false"
        },
        {
            "id": 95,
            "form": "matita",
            "pos": "NOM",
            "lemma": "matita",
            "has_context": "false",
            "is_title": "false"
        },
        {
            "id": 96,
            "form": ".",
            "pos": "SENT",
            "lemma": ".",
            "has_context": "false",
            "is_title": "false"
        },
        {
            "id": 97,
            "form": "Bisogna",
            "pos": "VER",
            "lemma": "bisognare",
            "has_context": "true",
            "is_title": "false"
        },
        {
            "id": 98,
            "form": "scrivere",
            "pos": "VER",
            "lemma": "scrivere",
            "has_context": "false",
            "is_title": "false"
        },
        {
            "id": 99,
            "form": "in",
            "pos": "PRE",
            "lemma": "in",
            "has_context": "false",
            "is_title": "false"
        },
        {
            "id": 100,
            "form": "maniera",
            "pos": "NOM",
            "lemma": "maniera",
            "has_context": "true",
            "is_title": "false"
        },
        {
            "id": 101,
            "form": "chiara",
            "pos": "ADJ",
            "lemma": "chiaro",
            "has_context": "false",
            "is_title": "false"
        },
        {
            "id": 102,
            "form": "e",
            "pos": "CON",
            "lemma": "e",
            "has_context": "false",
            "is_title": "false"
        },
        {
            "id": 103,
            "form": "leggibile",
            "pos": "ADJ",
            "lemma": "leggibile",
            "has_context": "true",
            "is_title": "false"
        },
        {
            "id": 104,
            "form": ".",
            "pos": "SENT",
            "lemma": ".",
            "has_context": "false",
            "is_title": "false"
        },
        {
            "id": 105,
            "form": "Non",
            "pos": "ADV",
            "lemma": "non",
            "has_context": "false",
            "is_title": "false"
        },
        {
            "id": 106,
            "form": "è",
            "pos": "VER",
            "lemma": "essere",
            "has_context": "false",
            "is_title": "false"
        },
        {
            "id": 107,
            "form": "possibile",
            "pos": "ADJ",
            "lemma": "possibile",
            "has_context": "false",
            "is_title": "false"
        },
        {
            "id": 108,
            "form": "uscire",
            "pos": "VER",
            "lemma": "uscire",
            "has_context": "false",
            "is_title": "false"
        },
        {
            "id": 109,
            "form": "dall’",
            "pos": "PRE",
            "lemma": "dal",
            "has_context": "false",
            "is_title": "false"
        },
        {
            "id": 110,
            "form": "aula",
            "pos": "NOM",
            "lemma": "aula",
            "has_context": "false",
            "is_title": "false"
        },
        {
            "id": 111,
            "form": "per",
            "pos": "PRE",
            "lemma": "per",
            "has_context": "false",
            "is_title": "false"
        },
        {
            "id": 112,
            "form": "tutta",
            "pos": "ADJ",
            "lemma": "tutto",
            "has_context": "false",
            "is_title": "false"
        },
        {
            "id": 113,
            "form": "la",
            "pos": "DET",
            "lemma": "il",
            "has_context": "false",
            "is_title": "false"
        },
        {
            "id": 114,
            "form": "durata",
            "pos": "NOM",
            "lemma": "durata",
            "has_context": "true",
            "is_title": "false"
        },
        {
            "id": 115,
            "form": "dell’",
            "pos": "PRE",
            "lemma": "del",
            "has_context": "false",
            "is_title": "false"
        },
        {
            "id": 116,
            "form": "esame",
            "pos": "NOM",
            "lemma": "esame",
            "has_context": "false",
            "is_title": "false"
        },
        {
            "id": 117,
            "form": ".",
            "pos": "SENT",
            "lemma": ".",
            "has_context": "false",
            "is_title": "false"
        },
        {
            "id": 118,
            "form": "È",
            "pos": "VER",
            "lemma": "essere",
            "has_context": "false",
            "is_title": "false"
        },
        {
            "id": 119,
            "form": "necessario",
            "pos": "ADJ",
            "lemma": "necessario",
            "has_context": "true",
            "is_title": "false"
        },
        {
            "id": 120,
            "form": "consegnare",
            "pos": "VER",
            "lemma": "consegnare",
            "has_context": "true",
            "is_title": "false"
        },
        {
            "id": 121,
            "form": "il",
            "pos": "DET",
            "lemma": "il",
            "has_context": "false",
            "is_title": "false"
        },
        {
            "id": 122,
            "form": "compito",
            "pos": "NOM",
            "lemma": "compito",
            "has_context": "false",
            "is_title": "false"
        },
        {
            "id": 123,
            "form": "allo",
            "pos": "PRE",
            "lemma": "al",
            "has_context": "false",
            "is_title": "false"
        },
        {
            "id": 124,
            "form": "scadere",
            "pos": "VER",
            "lemma": "scadere",
            "has_context": "true",
            "is_title": "false"
        },
        {
            "id": 125,
            "form": "del",
            "pos": "PRE",
            "lemma": "del",
            "has_context": "false",
            "is_title": "false"
        },
        {
            "id": 126,
            "form": "tempo",
            "pos": "NOM",
            "lemma": "tempo",
            "has_context": "false",
            "is_title": "false"
        },
        {
            "id": 127,
            "form": "a",
            "pos": "PRE",
            "lemma": "a",
            "has_context": "false",
            "is_title": "false"
        },
        {
            "id": 128,
            "form": "disposizione",
            "pos": "NOM",
            "lemma": "disposizione",
            "has_context": "true",
            "is_title": "false"
        },
        {
            "id": 129,
            "form": ".",
            "pos": "SENT",
            "lemma": ".",
            "has_context": "false",
            "is_title": "false"
        },
        {
            "id": 130,
            "form": "Non",
            "pos": "ADV",
            "lemma": "non",
            "has_context": "false",
            "is_title": "false"
        },
        {
            "id": 131,
            "form": "è",
            "pos": "VER",
            "lemma": "essere",
            "has_context": "false",
            "is_title": "false"
        },
        {
            "id": 132,
            "form": "possibile",
            "pos": "ADJ",
            "lemma": "possibile",
            "has_context": "false",
            "is_title": "false"
        },
        {
            "id": 133,
            "form": "uscire",
            "pos": "VER",
            "lemma": "uscire",
            "has_context": "false",
            "is_title": "false"
        },
        {
            "id": 134,
            "form": "dall’",
            "pos": "PRE",
            "lemma": "dal",
            "has_context": "false",
            "is_title": "false"
        },
        {
            "id": 135,
            "form": "aula",
            "pos": "NOM",
            "lemma": "aula",
            "has_context": "false",
            "is_title": "false"
        },
        {
            "id": 136,
            "form": "prima",
            "pos": "ADJ",
            "lemma": "primo",
            "has_context": "false",
            "is_title": "false"
        },
        {
            "id": 137,
            "form": "della",
            "pos": "PRE",
            "lemma": "del",
            "has_context": "false",
            "is_title": "false"
        },
        {
            "id": 138,
            "form": "fine",
            "pos": "NOM",
            "lemma": "fine",
            "has_context": "false",
            "is_title": "false"
        },
        {
            "id": 139,
            "form": "dell’",
            "pos": "PRE",
            "lemma": "del",
            "has_context": "false",
            "is_title": "false"
        },
        {
            "id": 140,
            "form": "esame",
            "pos": "NOM",
            "lemma": "esame",
            "has_context": "false",
            "is_title": "false"
        },
        {
            "id": 141,
            "form": ".",
            "pos": "SENT",
            "lemma": ".",
            "has_context": "false",
            "is_title": "false"
        },
        {
            "id": 142,
            "form": "È",
            "pos": "VER",
            "lemma": "essere",
            "has_context": "false",
            "is_title": "false"
        },
        {
            "id": 143,
            "form": "severamente",
            "pos": "ADV",
            "lemma": "severamente",
            "has_context": "true",
            "is_title": "false"
        },
        {
            "id": 144,
            "form": "vietato",
            "pos": "VER",
            "lemma": "vietare",
            "has_context": "true",
            "is_title": "false"
        },
        {
            "id": 145,
            "form": "parlare",
            "pos": "VER",
            "lemma": "parlare",
            "has_context": "false",
            "is_title": "false"
        },
        {
            "id": 146,
            "form": "con",
            "pos": "PRE",
            "lemma": "con",
            "has_context": "false",
            "is_title": "false"
        },
        {
            "id": 147,
            "form": "gli",
            "pos": "DET",
            "lemma": "il",
            "has_context": "false",
            "is_title": "false"
        },
        {
            "id": 148,
            "form": "altri",
            "pos": "ADJ",
            "lemma": "altro",
            "has_context": "false",
            "is_title": "false"
        },
        {
            "id": 149,
            "form": "candidati",
            "pos": "NOM",
            "lemma": "candidato",
            "has_context": "true",
            "is_title": "false"
        },
        {
            "id": 150,
            "form": "durante",
            "pos": "PRE",
            "lemma": "durante",
            "has_context": "false",
            "is_title": "false"
        },
        {
            "id": 151,
            "form": "lo",
            "pos": "DET",
            "lemma": "il",
            "has_context": "false",
            "is_title": "false"
        },
        {
            "id": 152,
            "form": "svolgimento",
            "pos": "NOM",
            "lemma": "svolgimento",
            "has_context": "true",
            "is_title": "false"
        },
        {
            "id": 153,
            "form": "del",
            "pos": "PRE",
            "lemma": "del",
            "has_context": "false",
            "is_title": "false"
        },
        {
            "id": 154,
            "form": "compito",
            "pos": "NOM",
            "lemma": "compito",
            "has_context": "false",
            "is_title": "false"
        },
        {
            "id": 155,
            "form": ".",
            "pos": "SENT",
            "lemma": ".",
            "has_context": "false",
            "is_title": "false"
        },
        {
            "id": 156,
            "form": "È",
            "pos": "VER",
            "lemma": "essere",
            "has_context": "false",
            "is_title": "false"
        },
        {
            "id": 157,
            "form": "vietato",
            "pos": "ADJ",
            "lemma": "vietato",
            "has_context": "true",
            "is_title": "false"
        },
        {
            "id": 158,
            "form": "copiare",
            "pos": "VER",
            "lemma": "copiare",
            "has_context": "true",
            "is_title": "false"
        },
        {
            "id": 159,
            "form": "le",
            "pos": "DET",
            "lemma": "il",
            "has_context": "false",
            "is_title": "false"
        },
        {
            "id": 160,
            "form": "risposte",
            "pos": "NOM",
            "lemma": "risposta",
            "has_context": "false",
            "is_title": "false"
        },
        {
            "id": 161,
            "form": "dal",
            "pos": "PRE",
            "lemma": "dal",
            "has_context": "false",
            "is_title": "false"
        },
        {
            "id": 162,
            "form": "vicino",
            "pos": "ADJ",
            "lemma": "vicino",
            "has_context": "false",
            "is_title": "false"
        },
        {
            "id": 163,
            "form": "di",
            "pos": "PRE",
            "lemma": "di",
            "has_context": "false",
            "is_title": "false"
        },
        {
            "id": 164,
            "form": "banco",
            "pos": "NOM",
            "lemma": "banco",
            "has_context": "false",
            "is_title": "false"
        },
        {
            "id": 165,
            "form": ".",
            "pos": "SENT",
            "lemma": ".",
            "has_context": "false",
            "is_title": "false"
        },
        {
            "id": 166,
            "form": "Non",
            "pos": "ADV",
            "lemma": "non",
            "has_context": "false",
            "is_title": "false"
        },
        {
            "id": 167,
            "form": "è",
            "pos": "VER",
            "lemma": "essere",
            "has_context": "false",
            "is_title": "false"
        },
        {
            "id": 168,
            "form": "possibile",
            "pos": "ADJ",
            "lemma": "possibile",
            "has_context": "false",
            "is_title": "false"
        },
        {
            "id": 169,
            "form": "mangiare",
            "pos": "VER",
            "lemma": "mangiare",
            "has_context": "false",
            "is_title": "false"
        },
        {
            "id": 170,
            "form": "e",
            "pos": "CON",
            "lemma": "e",
            "has_context": "false",
            "is_title": "false"
        },
        {
            "id": 171,
            "form": "bere",
            "pos": "VER",
            "lemma": "bere",
            "has_context": "false",
            "is_title": "false"
        },
        {
            "id": 172,
            "form": "durante",
            "pos": "PRE",
            "lemma": "durante",
            "has_context": "false",
            "is_title": "false"
        },
        {
            "id": 173,
            "form": "il",
            "pos": "DET",
            "lemma": "il",
            "has_context": "false",
            "is_title": "false"
        },
        {
            "id": 174,
            "form": "compito",
            "pos": "NOM",
            "lemma": "compito",
            "has_context": "false",
            "is_title": "false"
        },
        {
            "id": 175,
            "form": ".",
            "pos": "SENT",
            "lemma": ".",
            "has_context": "false",
            "is_title": "false"
        },
        {
            "id": 176,
            "form": "Bisogna",
            "pos": "VER",
            "lemma": "bisognare",
            "has_context": "true",
            "is_title": "false"
        },
        {
            "id": 177,
            "form": "fare",
            "pos": "VER",
            "lemma": "fare",
            "has_context": "false",
            "is_title": "false"
        },
        {
            "id": 178,
            "form": "silenzio",
            "pos": "NOM",
            "lemma": "silenzio",
            "has_context": "false",
            "is_title": "false"
        },
        {
            "id": 179,
            "form": "durante",
            "pos": "PRE",
            "lemma": "durante",
            "has_context": "false",
            "is_title": "false"
        },
        {
            "id": 180,
            "form": "il",
            "pos": "DET",
            "lemma": "il",
            "has_context": "false",
            "is_title": "false"
        },
        {
            "id": 181,
            "form": "compito",
            "pos": "NOM",
            "lemma": "compito",
            "has_context": "false",
            "is_title": "false"
        },
        {
            "id": 182,
            "form": "e",
            "pos": "CON",
            "lemma": "e",
            "has_context": "false",
            "is_title": "false"
        },
        {
            "id": 183,
            "form": "non",
            "pos": "ADV",
            "lemma": "non",
            "has_context": "false",
            "is_title": "false"
        },
        {
            "id": 184,
            "form": "bisogna",
            "pos": "VER",
            "lemma": "bisognare",
            "has_context": "true",
            "is_title": "false"
        },
        {
            "id": 185,
            "form": "disturbare",
            "pos": "VER",
            "lemma": "disturbare",
            "has_context": "true",
            "is_title": "false"
        },
        {
            "id": 186,
            "form": "gli",
            "pos": "DET",
            "lemma": "il",
            "has_context": "false",
            "is_title": "false"
        },
        {
            "id": 187,
            "form": "altri",
            "pos": "PRO",
            "lemma": "altro",
            "has_context": "false",
            "is_title": "false"
        },
        {
            "id": 188,
            "form": ".",
            "pos": "SENT",
            "lemma": ".",
            "has_context": "false",
            "is_title": "false"
        },
        {
            "id": 189,
            "form": "Di",
            "pos": "PRE",
            "lemma": "di",
            "has_context": "false",
            "is_title": "false"
        },
        {
            "id": 190,
            "form": "solito",
            "pos": "ADJ",
            "lemma": "solito",
            "has_context": "false",
            "is_title": "false"
        },
        {
            "id": 191,
            "form": "i",
            "pos": "DET",
            "lemma": "il",
            "has_context": "false",
            "is_title": "false"
        },
        {
            "id": 192,
            "form": "controlli",
            "pos": "NOM",
            "lemma": "controllo",
            "has_context": "true",
            "is_title": "false"
        },
        {
            "id": 193,
            "form": "sono",
            "pos": "VER",
            "lemma": "essere",
            "has_context": "false",
            "is_title": "false"
        },
        {
            "id": 194,
            "form": "molto",
            "pos": "ADV",
            "lemma": "molto",
            "has_context": "false",
            "is_title": "false"
        },
        {
            "id": 195,
            "form": "severi",
            "pos": "ADJ",
            "lemma": "severo",
            "has_context": "true",
            "is_title": "false"
        },
        {
            "id": 196,
            "form": ",",
            "pos": "PON",
            "lemma": ",",
            "has_context": "false",
            "is_title": "false"
        },
        {
            "id": 197,
            "form": "quindi",
            "pos": "CON",
            "lemma": "quindi",
            "has_context": "false",
            "is_title": "false"
        },
        {
            "id": 198,
            "form": "è",
            "pos": "VER",
            "lemma": "essere",
            "has_context": "false",
            "is_title": "false"
        },
        {
            "id": 199,
            "form": "sempre",
            "pos": "ADV",
            "lemma": "sempre",
            "has_context": "false",
            "is_title": "false"
        },
        {
            "id": 200,
            "form": "meglio",
            "pos": "ADV",
            "lemma": "meglio",
            "has_context": "false",
            "is_title": "false"
        },
        {
            "id": 201,
            "form": "rispettare",
            "pos": "VER",
            "lemma": "rispettare",
            "has_context": "true",
            "is_title": "false"
        },
        {
            "id": 202,
            "form": "le",
            "pos": "DET",
            "lemma": "il",
            "has_context": "false",
            "is_title": "false"
        },
        {
            "id": 203,
            "form": "regole",
            "pos": "NOM",
            "lemma": "regola",
            "has_context": "true",
            "is_title": "false"
        },
        {
            "id": 204,
            "form": "!",
            "pos": "SENT",
            "lemma": "!",
            "has_context": "false",
            "is_title": "false"
        }
    ]
