    [
        {
            "id": 1,
            "form": "La",
            "pos": "DET",
            "lemma": "il",
            "has_context": "false",
            "is_title": "true"
        },
        {
            "id": 2,
            "form": "nuova",
            "pos": "ADJ",
            "lemma": "nuovo",
            "has_context": "false",
            "is_title": "true"
        },
        {
            "id": 3,
            "form": "dieta",
            "pos": "NOM",
            "lemma": "dieta",
            "has_context": "true",
            "is_title": "true"
        },
        {
            "id": 4,
            "form": "Carlo",
            "pos": "NPR",
            "lemma": "Carlo",
            "has_context": "false",
            "is_title": "false"
        },
        {
            "id": 5,
            "form": "è",
            "pos": "VER",
            "lemma": "essere",
            "has_context": "false",
            "is_title": "false"
        },
        {
            "id": 6,
            "form": "felice",
            "pos": "ADJ",
            "lemma": "felice",
            "has_context": "false",
            "is_title": "false"
        },
        {
            "id": 7,
            "form": "perché",
            "pos": "ADV",
            "lemma": "perché",
            "has_context": "false",
            "is_title": "false"
        },
        {
            "id": 8,
            "form": "comincia",
            "pos": "VER",
            "lemma": "cominciare",
            "has_context": "false",
            "is_title": "false"
        },
        {
            "id": 9,
            "form": "a",
            "pos": "PRE",
            "lemma": "a",
            "has_context": "false",
            "is_title": "false"
        },
        {
            "id": 10,
            "form": "perdere",
            "pos": "VER",
            "lemma": "perdere",
            "has_context": "false",
            "is_title": "false"
        },
        {
            "id": 11,
            "form": "peso",
            "pos": "NOM",
            "lemma": "peso",
            "has_context": "true",
            "is_title": "false"
        },
        {
            "id": 12,
            "form": "grazie",
            "pos": "INT",
            "lemma": "grazie",
            "has_context": "false",
            "is_title": "false"
        },
        {
            "id": 13,
            "form": "alla",
            "pos": "PRE",
            "lemma": "al",
            "has_context": "false",
            "is_title": "false"
        },
        {
            "id": 14,
            "form": "nuova",
            "pos": "ADJ",
            "lemma": "nuovo",
            "has_context": "false",
            "is_title": "false"
        },
        {
            "id": 15,
            "form": "dieta",
            "pos": "NOM",
            "lemma": "dieta",
            "has_context": "true",
            "is_title": "false"
        },
        {
            "id": 16,
            "form": "che",
            "pos": "PRO",
            "lemma": "che",
            "has_context": "false",
            "is_title": "false"
        },
        {
            "id": 17,
            "form": "sta",
            "pos": "VER",
            "lemma": "stare",
            "has_context": "false",
            "is_title": "false"
        },
        {
            "id": 18,
            "form": "seguendo",
            "pos": "VER",
            "lemma": "seguire",
            "has_context": "false",
            "is_title": "false"
        },
        {
            "id": 19,
            "form": ".",
            "pos": "SENT",
            "lemma": ".",
            "has_context": "false",
            "is_title": "false"
        },
        {
            "id": 20,
            "form": "“",
            "pos": "NOM",
            "lemma": "“",
            "has_context": "false",
            "is_title": "false"
        },
        {
            "id": 21,
            "form": "Che",
            "pos": "PRO",
            "lemma": "che",
            "has_context": "false",
            "is_title": "false"
        },
        {
            "id": 22,
            "form": "cosa",
            "pos": "NOM",
            "lemma": "cosa",
            "has_context": "false",
            "is_title": "false"
        },
        {
            "id": 23,
            "form": "mangi",
            "pos": "VER",
            "lemma": "mangiare",
            "has_context": "false",
            "is_title": "false"
        },
        {
            "id": 24,
            "form": "a",
            "pos": "PRE",
            "lemma": "a",
            "has_context": "false",
            "is_title": "false"
        },
        {
            "id": 25,
            "form": "colazione",
            "pos": "NOM",
            "lemma": "colazione",
            "has_context": "false",
            "is_title": "false"
        },
        {
            "id": 26,
            "form": "?",
            "pos": "SENT",
            "lemma": "?",
            "has_context": "false",
            "is_title": "false"
        },
        {
            "id": 27,
            "form": "”",
            "pos": "NOM",
            "lemma": "”",
            "has_context": "false",
            "is_title": "false"
        },
        {
            "id": 28,
            "form": ",",
            "pos": "PON",
            "lemma": ",",
            "has_context": "false",
            "is_title": "false"
        },
        {
            "id": 29,
            "form": "chiese",
            "pos": "VER",
            "lemma": "chiedere",
            "has_context": "false",
            "is_title": "false"
        },
        {
            "id": 30,
            "form": "il",
            "pos": "DET",
            "lemma": "il",
            "has_context": "false",
            "is_title": "false"
        },
        {
            "id": 31,
            "form": "suo",
            "pos": "ADJ",
            "lemma": "suo",
            "has_context": "false",
            "is_title": "false"
        },
        {
            "id": 32,
            "form": "amico",
            "pos": "NOM",
            "lemma": "amico",
            "has_context": "false",
            "is_title": "false"
        },
        {
            "id": 33,
            "form": "Daniele",
            "pos": "NPR",
            "lemma": "Daniele",
            "has_context": "false",
            "is_title": "false"
        },
        {
            "id": 34,
            "form": ".",
            "pos": "SENT",
            "lemma": ".",
            "has_context": "false",
            "is_title": "false"
        },
        {
            "id": 35,
            "form": "“",
            "pos": "NOM",
            "lemma": "“",
            "has_context": "false",
            "is_title": "false"
        },
        {
            "id": 36,
            "form": "A",
            "pos": "PRE",
            "lemma": "a",
            "has_context": "false",
            "is_title": "false"
        },
        {
            "id": 37,
            "form": "colazione",
            "pos": "NOM",
            "lemma": "colazione",
            "has_context": "false",
            "is_title": "false"
        },
        {
            "id": 38,
            "form": "mangio",
            "pos": "VER",
            "lemma": "mangiare",
            "has_context": "false",
            "is_title": "false"
        },
        {
            "id": 39,
            "form": "uno",
            "pos": "DET",
            "lemma": "uno",
            "has_context": "false",
            "is_title": "false"
        },
        {
            "id": 40,
            "form": "yogurt",
            "pos": "NOM",
            "lemma": "yogurt",
            "has_context": "false",
            "is_title": "false"
        },
        {
            "id": 41,
            "form": "e",
            "pos": "CON",
            "lemma": "e",
            "has_context": "false",
            "is_title": "false"
        },
        {
            "id": 42,
            "form": "dei",
            "pos": "PRE",
            "lemma": "del",
            "has_context": "false",
            "is_title": "false"
        },
        {
            "id": 43,
            "form": "biscotti",
            "pos": "NOM",
            "lemma": "biscotto",
            "has_context": "true",
            "is_title": "false"
        },
        {
            "id": 44,
            "form": ",",
            "pos": "PON",
            "lemma": ",",
            "has_context": "false",
            "is_title": "false"
        },
        {
            "id": 45,
            "form": "la",
            "pos": "DET",
            "lemma": "il",
            "has_context": "false",
            "is_title": "false"
        },
        {
            "id": 46,
            "form": "colazione",
            "pos": "NOM",
            "lemma": "colazione",
            "has_context": "false",
            "is_title": "false"
        },
        {
            "id": 47,
            "form": "è",
            "pos": "VER",
            "lemma": "essere",
            "has_context": "false",
            "is_title": "false"
        },
        {
            "id": 48,
            "form": "il",
            "pos": "DET",
            "lemma": "il",
            "has_context": "false",
            "is_title": "false"
        },
        {
            "id": 49,
            "form": "pasto",
            "pos": "NOM",
            "lemma": "pasto",
            "has_context": "false",
            "is_title": "false"
        },
        {
            "id": 50,
            "form": "più",
            "pos": "ADV",
            "lemma": "più",
            "has_context": "false",
            "is_title": "false"
        },
        {
            "id": 51,
            "form": "importante",
            "pos": "ADJ",
            "lemma": "importante",
            "has_context": "false",
            "is_title": "false"
        },
        {
            "id": 52,
            "form": "della",
            "pos": "PRE",
            "lemma": "del",
            "has_context": "false",
            "is_title": "false"
        },
        {
            "id": 53,
            "form": "giornata",
            "pos": "NOM",
            "lemma": "giornata",
            "has_context": "false",
            "is_title": "false"
        },
        {
            "id": 54,
            "form": "!",
            "pos": "SENT",
            "lemma": "!",
            "has_context": "false",
            "is_title": "false"
        },
        {
            "id": 55,
            "form": "”",
            "pos": "NOM",
            "lemma": "”",
            "has_context": "false",
            "is_title": "false"
        },
        {
            "id": 56,
            "form": ".",
            "pos": "SENT",
            "lemma": ".",
            "has_context": "false",
            "is_title": "false"
        },
        {
            "id": 57,
            "form": "“",
            "pos": "NOM",
            "lemma": "“",
            "has_context": "false",
            "is_title": "false"
        },
        {
            "id": 58,
            "form": "Bene",
            "pos": "ADV",
            "lemma": "bene",
            "has_context": "false",
            "is_title": "false"
        },
        {
            "id": 59,
            "form": "!",
            "pos": "SENT",
            "lemma": "!",
            "has_context": "false",
            "is_title": "false"
        },
        {
            "id": 60,
            "form": "”",
            "pos": "NOM",
            "lemma": "”",
            "has_context": "false",
            "is_title": "false"
        },
        {
            "id": 61,
            "form": "rispose",
            "pos": "VER",
            "lemma": "rispondere",
            "has_context": "false",
            "is_title": "false"
        },
        {
            "id": 62,
            "form": "Daniele",
            "pos": "NPR",
            "lemma": "Daniele",
            "has_context": "false",
            "is_title": "false"
        },
        {
            "id": 63,
            "form": ",",
            "pos": "PON",
            "lemma": ",",
            "has_context": "false",
            "is_title": "false"
        },
        {
            "id": 64,
            "form": "“",
            "pos": "NOM",
            "lemma": "“",
            "has_context": "false",
            "is_title": "false"
        },
        {
            "id": 65,
            "form": "E",
            "pos": "CON",
            "lemma": "e",
            "has_context": "false",
            "is_title": "false"
        },
        {
            "id": 66,
            "form": "cosa",
            "pos": "NOM",
            "lemma": "cosa",
            "has_context": "false",
            "is_title": "false"
        },
        {
            "id": 67,
            "form": "mangi",
            "pos": "VER",
            "lemma": "mangiare",
            "has_context": "false",
            "is_title": "false"
        },
        {
            "id": 68,
            "form": "invece",
            "pos": "ADV",
            "lemma": "invece",
            "has_context": "false",
            "is_title": "false"
        },
        {
            "id": 69,
            "form": "a",
            "pos": "PRE",
            "lemma": "a",
            "has_context": "false",
            "is_title": "false"
        },
        {
            "id": 70,
            "form": "pranzo",
            "pos": "NOM",
            "lemma": "pranzo",
            "has_context": "false",
            "is_title": "false"
        },
        {
            "id": 71,
            "form": "?",
            "pos": "SENT",
            "lemma": "?",
            "has_context": "false",
            "is_title": "false"
        },
        {
            "id": 72,
            "form": "”",
            "pos": "NOM",
            "lemma": "”",
            "has_context": "false",
            "is_title": "false"
        },
        {
            "id": 73,
            "form": "chiese",
            "pos": "VER",
            "lemma": "chiedere",
            "has_context": "false",
            "is_title": "false"
        },
        {
            "id": 74,
            "form": "Daniele",
            "pos": "NPR",
            "lemma": "Daniele",
            "has_context": "false",
            "is_title": "false"
        },
        {
            "id": 75,
            "form": ".",
            "pos": "SENT",
            "lemma": ".",
            "has_context": "false",
            "is_title": "false"
        },
        {
            "id": 76,
            "form": "“",
            "pos": "NOM",
            "lemma": "“",
            "has_context": "false",
            "is_title": "false"
        },
        {
            "id": 77,
            "form": "Di",
            "pos": "PRE",
            "lemma": "di",
            "has_context": "false",
            "is_title": "false"
        },
        {
            "id": 78,
            "form": "solito",
            "pos": "NOM",
            "lemma": "solito",
            "has_context": "false",
            "is_title": "false"
        },
        {
            "id": 79,
            "form": "un",
            "pos": "DET",
            "lemma": "un",
            "has_context": "false",
            "is_title": "false"
        },
        {
            "id": 80,
            "form": "piatto",
            "pos": "NOM",
            "lemma": "piatto",
            "has_context": "false",
            "is_title": "false"
        },
        {
            "id": 81,
            "form": "di",
            "pos": "PRE",
            "lemma": "di",
            "has_context": "false",
            "is_title": "false"
        },
        {
            "id": 82,
            "form": "pasta",
            "pos": "NOM",
            "lemma": "pasta",
            "has_context": "false",
            "is_title": "false"
        },
        {
            "id": 83,
            "form": "al",
            "pos": "PRE",
            "lemma": "al",
            "has_context": "false",
            "is_title": "false"
        },
        {
            "id": 84,
            "form": "sugo",
            "pos": "NOM",
            "lemma": "sugo",
            "has_context": "true",
            "is_title": "false"
        },
        {
            "id": 85,
            "form": "di",
            "pos": "PRE",
            "lemma": "di",
            "has_context": "false",
            "is_title": "false"
        },
        {
            "id": 86,
            "form": "pomodoro",
            "pos": "NOM",
            "lemma": "pomodoro",
            "has_context": "false",
            "is_title": "false"
        },
        {
            "id": 87,
            "form": ",",
            "pos": "PON",
            "lemma": ",",
            "has_context": "false",
            "is_title": "false"
        },
        {
            "id": 88,
            "form": "seguito",
            "pos": "ADJ",
            "lemma": "seguito",
            "has_context": "true",
            "is_title": "false"
        },
        {
            "id": 89,
            "form": "da",
            "pos": "PRE",
            "lemma": "da",
            "has_context": "false",
            "is_title": "false"
        },
        {
            "id": 90,
            "form": "una",
            "pos": "DET",
            "lemma": "una",
            "has_context": "false",
            "is_title": "false"
        },
        {
            "id": 91,
            "form": "bistecca",
            "pos": "NOM",
            "lemma": "bistecca",
            "has_context": "false",
            "is_title": "false"
        },
        {
            "id": 92,
            "form": "”",
            "pos": "NOM",
            "lemma": "”",
            "has_context": "false",
            "is_title": "false"
        },
        {
            "id": 93,
            "form": "rispose",
            "pos": "VER",
            "lemma": "rispondere",
            "has_context": "false",
            "is_title": "false"
        },
        {
            "id": 94,
            "form": "Carlo",
            "pos": "NPR",
            "lemma": "Carlo",
            "has_context": "false",
            "is_title": "false"
        },
        {
            "id": 95,
            "form": ".",
            "pos": "SENT",
            "lemma": ".",
            "has_context": "false",
            "is_title": "false"
        },
        {
            "id": 96,
            "form": "“",
            "pos": "NOM",
            "lemma": "“",
            "has_context": "false",
            "is_title": "false"
        },
        {
            "id": 97,
            "form": "Molto",
            "pos": "ADV",
            "lemma": "molto",
            "has_context": "false",
            "is_title": "false"
        },
        {
            "id": 98,
            "form": "bene",
            "pos": "ADV",
            "lemma": "bene",
            "has_context": "false",
            "is_title": "false"
        },
        {
            "id": 99,
            "form": ",",
            "pos": "PON",
            "lemma": ",",
            "has_context": "false",
            "is_title": "false"
        },
        {
            "id": 100,
            "form": "come",
            "pos": "PRO",
            "lemma": "come",
            "has_context": "false",
            "is_title": "false"
        },
        {
            "id": 101,
            "form": "fai",
            "pos": "VER",
            "lemma": "fare",
            "has_context": "false",
            "is_title": "false"
        },
        {
            "id": 102,
            "form": "a",
            "pos": "PRE",
            "lemma": "a",
            "has_context": "false",
            "is_title": "false"
        },
        {
            "id": 103,
            "form": "non",
            "pos": "ADV",
            "lemma": "non",
            "has_context": "false",
            "is_title": "false"
        },
        {
            "id": 104,
            "form": "esagerare",
            "pos": "VER",
            "lemma": "esagerare",
            "has_context": "true",
            "is_title": "false"
        },
        {
            "id": 105,
            "form": "con",
            "pos": "PRE",
            "lemma": "con",
            "has_context": "false",
            "is_title": "false"
        },
        {
            "id": 106,
            "form": "il",
            "pos": "DET",
            "lemma": "il",
            "has_context": "false",
            "is_title": "false"
        },
        {
            "id": 107,
            "form": "cibo",
            "pos": "NOM",
            "lemma": "cibo",
            "has_context": "false",
            "is_title": "false"
        },
        {
            "id": 108,
            "form": "?",
            "pos": "SENT",
            "lemma": "?",
            "has_context": "false",
            "is_title": "false"
        },
        {
            "id": 109,
            "form": "”",
            "pos": "NOM",
            "lemma": "”",
            "has_context": "false",
            "is_title": "false"
        },
        {
            "id": 110,
            "form": "chiese",
            "pos": "VER",
            "lemma": "chiedere",
            "has_context": "false",
            "is_title": "false"
        },
        {
            "id": 111,
            "form": "Daniele",
            "pos": "NPR",
            "lemma": "Daniele",
            "has_context": "false",
            "is_title": "false"
        },
        {
            "id": 112,
            "form": ".",
            "pos": "SENT",
            "lemma": ".",
            "has_context": "false",
            "is_title": "false"
        },
        {
            "id": 113,
            "form": "“",
            "pos": "NOM",
            "lemma": "“",
            "has_context": "false",
            "is_title": "false"
        },
        {
            "id": 114,
            "form": "Utilizzo",
            "pos": "VER",
            "lemma": "utilizzare",
            "has_context": "true",
            "is_title": "false"
        },
        {
            "id": 115,
            "form": "una",
            "pos": "DET",
            "lemma": "una",
            "has_context": "false",
            "is_title": "false"
        },
        {
            "id": 116,
            "form": "bilancia",
            "pos": "NOM",
            "lemma": "bilancia",
            "has_context": "true",
            "is_title": "false"
        },
        {
            "id": 117,
            "form": "da",
            "pos": "PRE",
            "lemma": "da",
            "has_context": "false",
            "is_title": "false"
        },
        {
            "id": 118,
            "form": "cucina",
            "pos": "NOM",
            "lemma": "cucina",
            "has_context": "false",
            "is_title": "false"
        },
        {
            "id": 119,
            "form": ":",
            "pos": "PON",
            "lemma": ":",
            "has_context": "false",
            "is_title": "false"
        },
        {
            "id": 120,
            "form": "peso",
            "pos": "VER",
            "lemma": "pesare",
            "has_context": "true",
            "is_title": "false"
        },
        {
            "id": 121,
            "form": "tutto",
            "pos": "ADJ",
            "lemma": "tutto",
            "has_context": "false",
            "is_title": "false"
        },
        {
            "id": 122,
            "form": "ciò",
            "pos": "PRO",
            "lemma": "ciò",
            "has_context": "false",
            "is_title": "false"
        },
        {
            "id": 123,
            "form": "che",
            "pos": "PRO",
            "lemma": "che",
            "has_context": "false",
            "is_title": "false"
        },
        {
            "id": 124,
            "form": "mangio",
            "pos": "VER",
            "lemma": "mangiare",
            "has_context": "false",
            "is_title": "false"
        },
        {
            "id": 125,
            "form": ",",
            "pos": "PON",
            "lemma": ",",
            "has_context": "false",
            "is_title": "false"
        },
        {
            "id": 126,
            "form": "in",
            "pos": "PRE",
            "lemma": "in",
            "has_context": "false",
            "is_title": "false"
        },
        {
            "id": 127,
            "form": "questo",
            "pos": "ADJ",
            "lemma": "questo",
            "has_context": "false",
            "is_title": "false"
        },
        {
            "id": 128,
            "form": "modo",
            "pos": "NOM",
            "lemma": "modo",
            "has_context": "true",
            "is_title": "false"
        },
        {
            "id": 129,
            "form": "so",
            "pos": "VER",
            "lemma": "sapere",
            "has_context": "false",
            "is_title": "false"
        },
        {
            "id": 130,
            "form": "di",
            "pos": "PRE",
            "lemma": "di",
            "has_context": "false",
            "is_title": "false"
        },
        {
            "id": 131,
            "form": "non",
            "pos": "ADV",
            "lemma": "non",
            "has_context": "false",
            "is_title": "false"
        },
        {
            "id": 132,
            "form": "mangiare",
            "pos": "VER",
            "lemma": "mangiare",
            "has_context": "false",
            "is_title": "false"
        },
        {
            "id": 133,
            "form": "mai",
            "pos": "ADV",
            "lemma": "mai",
            "has_context": "false",
            "is_title": "false"
        },
        {
            "id": 134,
            "form": "troppo",
            "pos": "ADJ",
            "lemma": "troppo",
            "has_context": "false",
            "is_title": "false"
        },
        {
            "id": 135,
            "form": "!",
            "pos": "SENT",
            "lemma": "!",
            "has_context": "false",
            "is_title": "false"
        },
        {
            "id": 136,
            "form": "”",
            "pos": "NOM",
            "lemma": "”",
            "has_context": "false",
            "is_title": "false"
        },
        {
            "id": 137,
            "form": ".",
            "pos": "SENT",
            "lemma": ".",
            "has_context": "false",
            "is_title": "false"
        },
        {
            "id": 138,
            "form": "“",
            "pos": "NOM",
            "lemma": "“",
            "has_context": "false",
            "is_title": "false"
        },
        {
            "id": 139,
            "form": "Svolgi",
            "pos": "VER",
            "lemma": "svolgere",
            "has_context": "true",
            "is_title": "false"
        },
        {
            "id": 140,
            "form": "anche",
            "pos": "CON",
            "lemma": "anche",
            "has_context": "false",
            "is_title": "false"
        },
        {
            "id": 141,
            "form": "un'",
            "pos": "DET",
            "lemma": "un",
            "has_context": "false",
            "is_title": "false"
        },
        {
            "id": 142,
            "form": "attività",
            "pos": "NOM",
            "lemma": "attività",
            "has_context": "true",
            "is_title": "false"
        },
        {
            "id": 143,
            "form": "fisica",
            "pos": "ADJ",
            "lemma": "fisico",
            "has_context": "true",
            "is_title": "false"
        },
        {
            "id": 144,
            "form": "?",
            "pos": "SENT",
            "lemma": "?",
            "has_context": "false",
            "is_title": "false"
        },
        {
            "id": 145,
            "form": "”",
            "pos": "NOM",
            "lemma": "”",
            "has_context": "false",
            "is_title": "false"
        },
        {
            "id": 146,
            "form": ",",
            "pos": "PON",
            "lemma": ",",
            "has_context": "false",
            "is_title": "false"
        },
        {
            "id": 147,
            "form": "chiese",
            "pos": "VER",
            "lemma": "chiedere",
            "has_context": "false",
            "is_title": "false"
        },
        {
            "id": 148,
            "form": "Daniele",
            "pos": "NPR",
            "lemma": "Daniele",
            "has_context": "false",
            "is_title": "false"
        },
        {
            "id": 149,
            "form": ".",
            "pos": "SENT",
            "lemma": ".",
            "has_context": "false",
            "is_title": "false"
        },
        {
            "id": 150,
            "form": "“",
            "pos": "NOM",
            "lemma": "“",
            "has_context": "false",
            "is_title": "false"
        },
        {
            "id": 151,
            "form": "Sì",
            "pos": "ADV",
            "lemma": "sì",
            "has_context": "false",
            "is_title": "false"
        },
        {
            "id": 152,
            "form": ",",
            "pos": "PON",
            "lemma": ",",
            "has_context": "false",
            "is_title": "false"
        },
        {
            "id": 153,
            "form": "corro",
            "pos": "VER",
            "lemma": "correre",
            "has_context": "false",
            "is_title": "false"
        },
        {
            "id": 154,
            "form": "due",
            "pos": "ADJ",
            "lemma": "due",
            "has_context": "false",
            "is_title": "false"
        },
        {
            "id": 155,
            "form": "o",
            "pos": "CON",
            "lemma": "o",
            "has_context": "false",
            "is_title": "false"
        },
        {
            "id": 156,
            "form": "tre",
            "pos": "ADJ",
            "lemma": "tre",
            "has_context": "false",
            "is_title": "false"
        },
        {
            "id": 157,
            "form": "volte",
            "pos": "NOM",
            "lemma": "volta",
            "has_context": "false",
            "is_title": "false"
        },
        {
            "id": 158,
            "form": "alla",
            "pos": "PRE",
            "lemma": "al",
            "has_context": "false",
            "is_title": "false"
        },
        {
            "id": 159,
            "form": "settimana",
            "pos": "NOM",
            "lemma": "settimana",
            "has_context": "false",
            "is_title": "false"
        },
        {
            "id": 160,
            "form": ",",
            "pos": "PON",
            "lemma": ",",
            "has_context": "false",
            "is_title": "false"
        },
        {
            "id": 161,
            "form": "è",
            "pos": "VER",
            "lemma": "essere",
            "has_context": "false",
            "is_title": "false"
        },
        {
            "id": 162,
            "form": "importante",
            "pos": "ADJ",
            "lemma": "importante",
            "has_context": "false",
            "is_title": "false"
        },
        {
            "id": 163,
            "form": "mantenersi",
            "pos": "VER",
            "lemma": "mantenere",
            "has_context": "true",
            "is_title": "false"
        },
        {
            "id": 164,
            "form": "in",
            "pos": "PRE",
            "lemma": "in",
            "has_context": "false",
            "is_title": "false"
        },
        {
            "id": 165,
            "form": "movimento",
            "pos": "NOM",
            "lemma": "movimento",
            "has_context": "true",
            "is_title": "false"
        },
        {
            "id": 166,
            "form": "e",
            "pos": "CON",
            "lemma": "e",
            "has_context": "false",
            "is_title": "false"
        },
        {
            "id": 167,
            "form": "bruciare",
            "pos": "VER",
            "lemma": "bruciare",
            "has_context": "true",
            "is_title": "false"
        },
        {
            "id": 168,
            "form": "calorie",
            "pos": "NOM",
            "lemma": "caloria",
            "has_context": "true",
            "is_title": "false"
        },
        {
            "id": 169,
            "form": "!",
            "pos": "SENT",
            "lemma": "!",
            "has_context": "false",
            "is_title": "false"
        },
        {
            "id": 170,
            "form": "”",
            "pos": "NOM",
            "lemma": "”",
            "has_context": "false",
            "is_title": "false"
        },
        {
            "id": 171,
            "form": "rispose",
            "pos": "VER",
            "lemma": "rispondere",
            "has_context": "false",
            "is_title": "false"
        },
        {
            "id": 172,
            "form": "Carlo",
            "pos": "NPR",
            "lemma": "Carlo",
            "has_context": "false",
            "is_title": "false"
        },
        {
            "id": 173,
            "form": ".",
            "pos": "SENT",
            "lemma": ".",
            "has_context": "false",
            "is_title": "false"
        },
        {
            "id": 174,
            "form": "“",
            "pos": "NOM",
            "lemma": "“",
            "has_context": "false",
            "is_title": "false"
        },
        {
            "id": 175,
            "form": "Non",
            "pos": "ADV",
            "lemma": "non",
            "has_context": "false",
            "is_title": "false"
        },
        {
            "id": 176,
            "form": "mangi",
            "pos": "VER",
            "lemma": "mangiare",
            "has_context": "false",
            "is_title": "false"
        },
        {
            "id": 177,
            "form": "mai",
            "pos": "ADV",
            "lemma": "mai",
            "has_context": "false",
            "is_title": "false"
        },
        {
            "id": 178,
            "form": "fast",
            "pos": "ADJ",
            "lemma": "fast",
            "has_context": "false",
            "is_title": "false"
        },
        {
            "id": 179,
            "form": "food",
            "pos": "NOM",
            "lemma": "food",
            "has_context": "false",
            "is_title": "false"
        },
        {
            "id": 180,
            "form": "come",
            "pos": "PRE",
            "lemma": "come",
            "has_context": "false",
            "is_title": "false"
        },
        {
            "id": 181,
            "form": "la",
            "pos": "DET",
            "lemma": "il",
            "has_context": "false",
            "is_title": "false"
        },
        {
            "id": 182,
            "form": "pizza",
            "pos": "NOM",
            "lemma": "pizza",
            "has_context": "false",
            "is_title": "false"
        },
        {
            "id": 183,
            "form": "e",
            "pos": "CON",
            "lemma": "e",
            "has_context": "false",
            "is_title": "false"
        },
        {
            "id": 184,
            "form": "le",
            "pos": "DET",
            "lemma": "il",
            "has_context": "false",
            "is_title": "false"
        },
        {
            "id": 185,
            "form": "patate",
            "pos": "NOM",
            "lemma": "patata",
            "has_context": "false",
            "is_title": "false"
        },
        {
            "id": 186,
            "form": "fritte",
            "pos": "ADJ",
            "lemma": "fritto",
            "has_context": "true",
            "is_title": "false"
        },
        {
            "id": 187,
            "form": "?",
            "pos": "SENT",
            "lemma": "?",
            "has_context": "false",
            "is_title": "false"
        },
        {
            "id": 188,
            "form": "”",
            "pos": "NOM",
            "lemma": "”",
            "has_context": "false",
            "is_title": "false"
        },
        {
            "id": 189,
            "form": "chiese",
            "pos": "VER",
            "lemma": "chiedere",
            "has_context": "false",
            "is_title": "false"
        },
        {
            "id": 190,
            "form": "Daniele",
            "pos": "NPR",
            "lemma": "Daniele",
            "has_context": "false",
            "is_title": "false"
        },
        {
            "id": 191,
            "form": ".",
            "pos": "SENT",
            "lemma": ".",
            "has_context": "false",
            "is_title": "false"
        },
        {
            "id": 192,
            "form": "“",
            "pos": "NOM",
            "lemma": "“",
            "has_context": "false",
            "is_title": "false"
        },
        {
            "id": 193,
            "form": "Sì",
            "pos": "NOM",
            "lemma": "sì",
            "has_context": "false",
            "is_title": "false"
        },
        {
            "id": 194,
            "form": ",",
            "pos": "PON",
            "lemma": ",",
            "has_context": "false",
            "is_title": "false"
        },
        {
            "id": 195,
            "form": "ma",
            "pos": "CON",
            "lemma": "ma",
            "has_context": "false",
            "is_title": "false"
        },
        {
            "id": 196,
            "form": "solo",
            "pos": "ADV",
            "lemma": "solo",
            "has_context": "false",
            "is_title": "false"
        },
        {
            "id": 197,
            "form": "poche",
            "pos": "ADJ",
            "lemma": "poco",
            "has_context": "false",
            "is_title": "false"
        },
        {
            "id": 198,
            "form": "volte",
            "pos": "NOM",
            "lemma": "volta",
            "has_context": "false",
            "is_title": "false"
        },
        {
            "id": 199,
            "form": ":",
            "pos": "PON",
            "lemma": ":",
            "has_context": "false",
            "is_title": "false"
        },
        {
            "id": 200,
            "form": "contengono",
            "pos": "VER",
            "lemma": "contenere",
            "has_context": "true",
            "is_title": "false"
        },
        {
            "id": 201,
            "form": "molti",
            "pos": "ADJ",
            "lemma": "molto",
            "has_context": "false",
            "is_title": "false"
        },
        {
            "id": 202,
            "form": "grassi",
            "pos": "NOM",
            "lemma": "grasso",
            "has_context": "false",
            "is_title": "false"
        },
        {
            "id": 203,
            "form": "e",
            "pos": "CON",
            "lemma": "e",
            "has_context": "false",
            "is_title": "false"
        },
        {
            "id": 204,
            "form": "carboidrati",
            "pos": "NOM",
            "lemma": "carboidrato",
            "has_context": "true",
            "is_title": "false"
        },
        {
            "id": 205,
            "form": ",",
            "pos": "PON",
            "lemma": ",",
            "has_context": "false",
            "is_title": "false"
        },
        {
            "id": 206,
            "form": "perciò",
            "pos": "CON",
            "lemma": "perciò",
            "has_context": "false",
            "is_title": "false"
        },
        {
            "id": 207,
            "form": "evito",
            "pos": "VER",
            "lemma": "evitare",
            "has_context": "true",
            "is_title": "false"
        },
        {
            "id": 208,
            "form": "questi",
            "pos": "ADJ",
            "lemma": "questo",
            "has_context": "false",
            "is_title": "false"
        },
        {
            "id": 209,
            "form": "cibi",
            "pos": "NOM",
            "lemma": "cibo",
            "has_context": "false",
            "is_title": "false"
        },
        {
            "id": 210,
            "form": "”",
            "pos": "NOM",
            "lemma": "”",
            "has_context": "false",
            "is_title": "false"
        },
        {
            "id": 211,
            "form": ".",
            "pos": "SENT",
            "lemma": ".",
            "has_context": "false",
            "is_title": "false"
        },
        {
            "id": 212,
            "form": "“",
            "pos": "NOM",
            "lemma": "“",
            "has_context": "false",
            "is_title": "false"
        },
        {
            "id": 213,
            "form": "Vorrei",
            "pos": "VER",
            "lemma": "volere",
            "has_context": "false",
            "is_title": "false"
        },
        {
            "id": 214,
            "form": "anche",
            "pos": "CON",
            "lemma": "anche",
            "has_context": "false",
            "is_title": "false"
        },
        {
            "id": 215,
            "form": "io",
            "pos": "PRO",
            "lemma": "io",
            "has_context": "false",
            "is_title": "false"
        },
        {
            "id": 216,
            "form": "stare",
            "pos": "ADV",
            "lemma": "stare",
            "has_context": "false",
            "is_title": "false"
        },
        {
            "id": 217,
            "form": "a",
            "pos": "PRE",
            "lemma": "a",
            "has_context": "false",
            "is_title": "false"
        },
        {
            "id": 218,
            "form": "dieta",
            "pos": "NOM",
            "lemma": "dieta",
            "has_context": "true",
            "is_title": "false"
        },
        {
            "id": 219,
            "form": ":",
            "pos": "PON",
            "lemma": ":",
            "has_context": "false",
            "is_title": "false"
        },
        {
            "id": 220,
            "form": "potresti",
            "pos": "VER",
            "lemma": "potere",
            "has_context": "false",
            "is_title": "false"
        },
        {
            "id": 221,
            "form": "darmi",
            "pos": "VER",
            "lemma": "dare",
            "has_context": "false",
            "is_title": "false"
        },
        {
            "id": 222,
            "form": "un",
            "pos": "DET",
            "lemma": "un",
            "has_context": "false",
            "is_title": "false"
        },
        {
            "id": 223,
            "form": "consiglio",
            "pos": "NOM",
            "lemma": "consiglio",
            "has_context": "true",
            "is_title": "false"
        },
        {
            "id": 224,
            "form": "importante",
            "pos": "ADJ",
            "lemma": "importante",
            "has_context": "false",
            "is_title": "false"
        },
        {
            "id": 225,
            "form": "per",
            "pos": "PRE",
            "lemma": "per",
            "has_context": "false",
            "is_title": "false"
        },
        {
            "id": 226,
            "form": "perdere",
            "pos": "VER",
            "lemma": "perdere",
            "has_context": "false",
            "is_title": "false"
        },
        {
            "id": 227,
            "form": "peso",
            "pos": "NOM",
            "lemma": "peso",
            "has_context": "true",
            "is_title": "false"
        },
        {
            "id": 228,
            "form": "?",
            "pos": "SENT",
            "lemma": "?",
            "has_context": "false",
            "is_title": "false"
        },
        {
            "id": 229,
            "form": "”",
            "pos": "NOM",
            "lemma": "”",
            "has_context": "false",
            "is_title": "false"
        },
        {
            "id": 230,
            "form": "chiese",
            "pos": "VER",
            "lemma": "chiedere",
            "has_context": "false",
            "is_title": "false"
        },
        {
            "id": 231,
            "form": "Daniele",
            "pos": "NPR",
            "lemma": "Daniele",
            "has_context": "false",
            "is_title": "false"
        },
        {
            "id": 232,
            "form": "a",
            "pos": "PRE",
            "lemma": "a",
            "has_context": "false",
            "is_title": "false"
        },
        {
            "id": 233,
            "form": "Carlo",
            "pos": "NPR",
            "lemma": "Carlo",
            "has_context": "false",
            "is_title": "false"
        },
        {
            "id": 234,
            "form": ".",
            "pos": "SENT",
            "lemma": ".",
            "has_context": "false",
            "is_title": "false"
        },
        {
            "id": 235,
            "form": "“",
            "pos": "NOM",
            "lemma": "“",
            "has_context": "false",
            "is_title": "false"
        },
        {
            "id": 236,
            "form": "Certamente",
            "pos": "ADV",
            "lemma": "certamente",
            "has_context": "true",
            "is_title": "false"
        },
        {
            "id": 237,
            "form": "”",
            "pos": "NOM",
            "lemma": "”",
            "has_context": "false",
            "is_title": "false"
        },
        {
            "id": 238,
            "form": ",",
            "pos": "PON",
            "lemma": ",",
            "has_context": "false",
            "is_title": "false"
        },
        {
            "id": 239,
            "form": "disse",
            "pos": "VER",
            "lemma": "dire",
            "has_context": "false",
            "is_title": "false"
        },
        {
            "id": 240,
            "form": "Carlo",
            "pos": "NPR",
            "lemma": "Carlo",
            "has_context": "false",
            "is_title": "false"
        },
        {
            "id": 241,
            "form": ":",
            "pos": "PON",
            "lemma": ":",
            "has_context": "false",
            "is_title": "false"
        },
        {
            "id": 242,
            "form": "“",
            "pos": "NOM",
            "lemma": "“",
            "has_context": "false",
            "is_title": "false"
        },
        {
            "id": 243,
            "form": "Quando",
            "pos": "ADV",
            "lemma": "quando",
            "has_context": "false",
            "is_title": "false"
        },
        {
            "id": 244,
            "form": "consumi",
            "pos": "VER",
            "lemma": "consumare",
            "has_context": "true",
            "is_title": "false"
        },
        {
            "id": 245,
            "form": "un",
            "pos": "DET",
            "lemma": "un",
            "has_context": "false",
            "is_title": "false"
        },
        {
            "id": 246,
            "form": "pasto",
            "pos": "NOM",
            "lemma": "pasto",
            "has_context": "false",
            "is_title": "false"
        },
        {
            "id": 247,
            "form": "devi",
            "pos": "VER",
            "lemma": "dovere",
            "has_context": "false",
            "is_title": "false"
        },
        {
            "id": 248,
            "form": "alzarti",
            "pos": "VER",
            "lemma": "alzare",
            "has_context": "true",
            "is_title": "false"
        },
        {
            "id": 249,
            "form": "da",
            "pos": "PRE",
            "lemma": "da",
            "has_context": "false",
            "is_title": "false"
        },
        {
            "id": 250,
            "form": "tavola",
            "pos": "NOM",
            "lemma": "tavola",
            "has_context": "true",
            "is_title": "false"
        },
        {
            "id": 251,
            "form": "con",
            "pos": "PRE",
            "lemma": "con",
            "has_context": "false",
            "is_title": "false"
        },
        {
            "id": 252,
            "form": "ancora",
            "pos": "ADV",
            "lemma": "ancora",
            "has_context": "false",
            "is_title": "false"
        },
        {
            "id": 253,
            "form": "un",
            "pos": "DET",
            "lemma": "un",
            "has_context": "false",
            "is_title": "false"
        },
        {
            "id": 254,
            "form": "po'",
            "pos": "PRO",
            "lemma": "po'",
            "has_context": "false",
            "is_title": "false"
        },
        {
            "id": 255,
            "form": "di",
            "pos": "PRE",
            "lemma": "di",
            "has_context": "false",
            "is_title": "false"
        },
        {
            "id": 256,
            "form": "fame",
            "pos": "NOM",
            "lemma": "fame",
            "has_context": "false",
            "is_title": "false"
        },
        {
            "id": 257,
            "form": "per",
            "pos": "PRE",
            "lemma": "per",
            "has_context": "false",
            "is_title": "false"
        },
        {
            "id": 258,
            "form": "il",
            "pos": "DET",
            "lemma": "il",
            "has_context": "false",
            "is_title": "false"
        },
        {
            "id": 259,
            "form": "pasto",
            "pos": "NOM",
            "lemma": "pasto",
            "has_context": "false",
            "is_title": "false"
        },
        {
            "id": 260,
            "form": "successivo",
            "pos": "ADJ",
            "lemma": "successivo",
            "has_context": "true",
            "is_title": "false"
        },
        {
            "id": 261,
            "form": "!",
            "pos": "SENT",
            "lemma": "!",
            "has_context": "false",
            "is_title": "false"
        },
        {
            "id": 262,
            "form": "”",
            "pos": "NOM",
            "lemma": "”",
            "has_context": "false",
            "is_title": "false"
        },
        {
            "id": 263,
            "form": "disse",
            "pos": "VER",
            "lemma": "dire",
            "has_context": "false",
            "is_title": "false"
        },
        {
            "id": 264,
            "form": "Carlo",
            "pos": "NPR",
            "lemma": "Carlo",
            "has_context": "false",
            "is_title": "false"
        },
        {
            "id": 265,
            "form": ".",
            "pos": "SENT",
            "lemma": ".",
            "has_context": "false",
            "is_title": "false"
        }
    ]