    [
        {
            "id": 1,
            "form": "Agricoltura",
            "pos": "NOM",
            "lemma": "agricoltura",
            "has_context": "true",
            "is_title": "true"
        },
        {
            "id": 2,
            "form": "biologica",
            "pos": "ADJ",
            "lemma": "biologico",
            "has_context": "true",
            "is_title": "true"
        },
        {
            "id": 3,
            "form": "Agricoltura",
            "pos": "NOM",
            "lemma": "agricoltura",
            "has_context": "true",
            "is_title": "false"
        },
        {
            "id": 4,
            "form": "biologica",
            "pos": "ADJ",
            "lemma": "biologico",
            "has_context": "true",
            "is_title": "false"
        },
        {
            "id": 5,
            "form": "è",
            "pos": "VER",
            "lemma": "essere",
            "has_context": "false",
            "is_title": "false"
        },
        {
            "id": 6,
            "form": "un",
            "pos": "DET",
            "lemma": "un",
            "has_context": "false",
            "is_title": "false"
        },
        {
            "id": 7,
            "form": "termine",
            "pos": "NOM",
            "lemma": "termine",
            "has_context": "true",
            "is_title": "false"
        },
        {
            "id": 8,
            "form": "molto",
            "pos": "ADV",
            "lemma": "molto",
            "has_context": "false",
            "is_title": "false"
        },
        {
            "id": 9,
            "form": "usato",
            "pos": "ADJ",
            "lemma": "usato",
            "has_context": "true",
            "is_title": "false"
        },
        {
            "id": 10,
            "form": "negli",
            "pos": "PRE",
            "lemma": "nel",
            "has_context": "false",
            "is_title": "false"
        },
        {
            "id": 11,
            "form": "ultimi",
            "pos": "ADJ",
            "lemma": "ultimo",
            "has_context": "false",
            "is_title": "false"
        },
        {
            "id": 12,
            "form": "tempi",
            "pos": "NOM",
            "lemma": "tempo",
            "has_context": "false",
            "is_title": "false"
        },
        {
            "id": 13,
            "form": ".",
            "pos": "SENT",
            "lemma": ".",
            "has_context": "false",
            "is_title": "false"
        },
        {
            "id": 14,
            "form": "Quando",
            "pos": "CON",
            "lemma": "quando",
            "has_context": "false",
            "is_title": "false"
        },
        {
            "id": 15,
            "form": "andiamo",
            "pos": "VER",
            "lemma": "andare",
            "has_context": "false",
            "is_title": "false"
        },
        {
            "id": 16,
            "form": "al",
            "pos": "PRE",
            "lemma": "al",
            "has_context": "false",
            "is_title": "false"
        },
        {
            "id": 17,
            "form": "supermercato",
            "pos": "NOM",
            "lemma": "supermercato",
            "has_context": "false",
            "is_title": "false"
        },
        {
            "id": 18,
            "form": "o",
            "pos": "CON",
            "lemma": "o",
            "has_context": "false",
            "is_title": "false"
        },
        {
            "id": 19,
            "form": "dal",
            "pos": "PRE",
            "lemma": "dal",
            "has_context": "false",
            "is_title": "false"
        },
        {
            "id": 20,
            "form": "fruttivendolo",
            "pos": "NOM",
            "lemma": "fruttivendolo",
            "has_context": "true",
            "is_title": "false"
        },
        {
            "id": 21,
            "form": "vediamo",
            "pos": "VER",
            "lemma": "vedere",
            "has_context": "false",
            "is_title": "false"
        },
        {
            "id": 22,
            "form": "sempre",
            "pos": "ADV",
            "lemma": "sempre",
            "has_context": "false",
            "is_title": "false"
        },
        {
            "id": 23,
            "form": "i",
            "pos": "DET",
            "lemma": "il",
            "has_context": "false",
            "is_title": "false"
        },
        {
            "id": 24,
            "form": "prodotti",
            "pos": "NOM",
            "lemma": "prodotto",
            "has_context": "true",
            "is_title": "false"
        },
        {
            "id": 25,
            "form": "biologici",
            "pos": "ADJ",
            "lemma": "biologico",
            "has_context": "true",
            "is_title": "false"
        },
        {
            "id": 26,
            "form": "disposti",
            "pos": "VER",
            "lemma": "disporre",
            "has_context": "true",
            "is_title": "false"
        },
        {
            "id": 27,
            "form": "vicino",
            "pos": "ADV",
            "lemma": "vicino",
            "has_context": "false",
            "is_title": "false"
        },
        {
            "id": 28,
            "form": "ai",
            "pos": "PRE",
            "lemma": "al",
            "has_context": "false",
            "is_title": "false"
        },
        {
            "id": 29,
            "form": "prodotti",
            "pos": "NOM",
            "lemma": "prodotto",
            "has_context": "true",
            "is_title": "false"
        },
        {
            "id": 30,
            "form": "tradizionali",
            "pos": "ADJ",
            "lemma": "tradizionale",
            "has_context": "true",
            "is_title": "false"
        },
        {
            "id": 31,
            "form": ".",
            "pos": "SENT",
            "lemma": ".",
            "has_context": "false",
            "is_title": "false"
        },
        {
            "id": 32,
            "form": "I",
            "pos": "DET",
            "lemma": "il",
            "has_context": "false",
            "is_title": "false"
        },
        {
            "id": 33,
            "form": "prodotti",
            "pos": "NOM",
            "lemma": "prodotto",
            "has_context": "true",
            "is_title": "false"
        },
        {
            "id": 34,
            "form": "biologici",
            "pos": "ADJ",
            "lemma": "biologico",
            "has_context": "true",
            "is_title": "false"
        },
        {
            "id": 35,
            "form": "sono",
            "pos": "VER",
            "lemma": "essere",
            "has_context": "false",
            "is_title": "false"
        },
        {
            "id": 36,
            "form": "prodotti",
            "pos": "VER",
            "lemma": "produrre",
            "has_context": "true",
            "is_title": "false"
        },
        {
            "id": 37,
            "form": "come",
            "pos": "PRE",
            "lemma": "come",
            "has_context": "false",
            "is_title": "false"
        },
        {
            "id": 38,
            "form": "frutta",
            "pos": "NOM",
            "lemma": "frutta",
            "has_context": "false",
            "is_title": "false"
        },
        {
            "id": 39,
            "form": "e",
            "pos": "CON",
            "lemma": "e",
            "has_context": "false",
            "is_title": "false"
        },
        {
            "id": 40,
            "form": "verdura",
            "pos": "NOM",
            "lemma": "verdura",
            "has_context": "false",
            "is_title": "false"
        },
        {
            "id": 41,
            "form": "coltivati",
            "pos": "VER",
            "lemma": "coltivare",
            "has_context": "true",
            "is_title": "false"
        },
        {
            "id": 42,
            "form": "in",
            "pos": "PRE",
            "lemma": "in",
            "has_context": "false",
            "is_title": "false"
        },
        {
            "id": 43,
            "form": "maniera",
            "pos": "NOM",
            "lemma": "maniera",
            "has_context": "true",
            "is_title": "false"
        },
        {
            "id": 44,
            "form": "un",
            "pos": "DET",
            "lemma": "un",
            "has_context": "false",
            "is_title": "false"
        },
        {
            "id": 45,
            "form": "po’",
            "pos": "ADV",
            "lemma": "po’",
            "has_context": "false",
            "is_title": "false"
        },
        {
            "id": 46,
            "form": "diversa",
            "pos": "ADJ",
            "lemma": "diverso",
            "has_context": "false",
            "is_title": "false"
        },
        {
            "id": 47,
            "form": "rispetto",
            "pos": "NOM",
            "lemma": "rispetto",
            "has_context": "true",
            "is_title": "false"
        },
        {
            "id": 48,
            "form": "alla",
            "pos": "PRE",
            "lemma": "al",
            "has_context": "false",
            "is_title": "false"
        },
        {
            "id": 49,
            "form": "frutta",
            "pos": "NOM",
            "lemma": "frutta",
            "has_context": "false",
            "is_title": "false"
        },
        {
            "id": 50,
            "form": "e",
            "pos": "CON",
            "lemma": "e",
            "has_context": "false",
            "is_title": "false"
        },
        {
            "id": 51,
            "form": "alla",
            "pos": "PRE",
            "lemma": "al",
            "has_context": "false",
            "is_title": "false"
        },
        {
            "id": 52,
            "form": "verdura",
            "pos": "NOM",
            "lemma": "verdura",
            "has_context": "false",
            "is_title": "false"
        },
        {
            "id": 53,
            "form": "tradizionali",
            "pos": "ADJ",
            "lemma": "tradizionale",
            "has_context": "true",
            "is_title": "false"
        },
        {
            "id": 54,
            "form": "che",
            "pos": "PRO",
            "lemma": "che",
            "has_context": "false",
            "is_title": "false"
        },
        {
            "id": 55,
            "form": "vediamo",
            "pos": "VER",
            "lemma": "vedere",
            "has_context": "false",
            "is_title": "false"
        },
        {
            "id": 56,
            "form": "al",
            "pos": "PRE",
            "lemma": "al",
            "has_context": "false",
            "is_title": "false"
        },
        {
            "id": 57,
            "form": "supermercato",
            "pos": "NOM",
            "lemma": "supermercato",
            "has_context": "false",
            "is_title": "false"
        },
        {
            "id": 58,
            "form": ".",
            "pos": "SENT",
            "lemma": ".",
            "has_context": "false",
            "is_title": "false"
        },
        {
            "id": 59,
            "form": "Questo",
            "pos": "PRO",
            "lemma": "questo",
            "has_context": "false",
            "is_title": "false"
        },
        {
            "id": 60,
            "form": "vuol",
            "pos": "VER",
            "lemma": "volere",
            "has_context": "false",
            "is_title": "false"
        },
        {
            "id": 61,
            "form": "dire",
            "pos": "VER",
            "lemma": "dire",
            "has_context": "false",
            "is_title": "false"
        },
        {
            "id": 62,
            "form": "che",
            "pos": "CON",
            "lemma": "che",
            "has_context": "false",
            "is_title": "false"
        },
        {
            "id": 63,
            "form": "i",
            "pos": "DET",
            "lemma": "il",
            "has_context": "false",
            "is_title": "false"
        },
        {
            "id": 64,
            "form": "prodotti",
            "pos": "NOM",
            "lemma": "prodotto",
            "has_context": "true",
            "is_title": "false"
        },
        {
            "id": 65,
            "form": "biologici",
            "pos": "ADJ",
            "lemma": "biologico",
            "has_context": "true",
            "is_title": "false"
        },
        {
            "id": 66,
            "form": "sono",
            "pos": "VER",
            "lemma": "essere",
            "has_context": "false",
            "is_title": "false"
        },
        {
            "id": 67,
            "form": "coltivati",
            "pos": "VER",
            "lemma": "coltivare",
            "has_context": "true",
            "is_title": "false"
        },
        {
            "id": 68,
            "form": "senza",
            "pos": "PRE",
            "lemma": "senza",
            "has_context": "false",
            "is_title": "false"
        },
        {
            "id": 69,
            "form": "l’",
            "pos": "DET",
            "lemma": "il",
            "has_context": "false",
            "is_title": "false"
        },
        {
            "id": 70,
            "form": "uso",
            "pos": "NOM",
            "lemma": "uso",
            "has_context": "true",
            "is_title": "false"
        },
        {
            "id": 71,
            "form": "dei",
            "pos": "PRE",
            "lemma": "del",
            "has_context": "false",
            "is_title": "false"
        },
        {
            "id": 72,
            "form": "fertilizzanti",
            "pos": "NOM",
            "lemma": "fertilizzante",
            "has_context": "true",
            "is_title": "false"
        },
        {
            "id": 73,
            "form": "e",
            "pos": "CON",
            "lemma": "e",
            "has_context": "false",
            "is_title": "false"
        },
        {
            "id": 74,
            "form": "dei",
            "pos": "PRE",
            "lemma": "del",
            "has_context": "false",
            "is_title": "false"
        },
        {
            "id": 75,
            "form": "pesticidi",
            "pos": "NOM",
            "lemma": "pesticida",
            "has_context": "true",
            "is_title": "false"
        },
        {
            "id": 76,
            "form": ".",
            "pos": "SENT",
            "lemma": ".",
            "has_context": "false",
            "is_title": "false"
        },
        {
            "id": 77,
            "form": "I",
            "pos": "DET",
            "lemma": "il",
            "has_context": "false",
            "is_title": "false"
        },
        {
            "id": 78,
            "form": "prodotti",
            "pos": "NOM",
            "lemma": "prodotto",
            "has_context": "true",
            "is_title": "false"
        },
        {
            "id": 79,
            "form": "biologici",
            "pos": "ADJ",
            "lemma": "biologico",
            "has_context": "true",
            "is_title": "false"
        },
        {
            "id": 80,
            "form": "spesso",
            "pos": "ADV",
            "lemma": "spesso",
            "has_context": "false",
            "is_title": "false"
        },
        {
            "id": 81,
            "form": "sono",
            "pos": "VER",
            "lemma": "essere",
            "has_context": "false",
            "is_title": "false"
        },
        {
            "id": 82,
            "form": "più",
            "pos": "ADV",
            "lemma": "più",
            "has_context": "false",
            "is_title": "false"
        },
        {
            "id": 83,
            "form": "brutti",
            "pos": "ADJ",
            "lemma": "brutto",
            "has_context": "false",
            "is_title": "false"
        },
        {
            "id": 84,
            "form": "da",
            "pos": "PRE",
            "lemma": "da",
            "has_context": "false",
            "is_title": "false"
        },
        {
            "id": 85,
            "form": "vedere",
            "pos": "VER",
            "lemma": "vedere",
            "has_context": "false",
            "is_title": "false"
        },
        {
            "id": 86,
            "form": "rispetto",
            "pos": "ADV",
            "lemma": "rispetto",
            "has_context": "false",
            "is_title": "false"
        },
        {
            "id": 87,
            "form": "alla",
            "pos": "PRE",
            "lemma": "al",
            "has_context": "false",
            "is_title": "false"
        },
        {
            "id": 88,
            "form": "frutta",
            "pos": "NOM",
            "lemma": "frutta",
            "has_context": "false",
            "is_title": "false"
        },
        {
            "id": 89,
            "form": "e",
            "pos": "CON",
            "lemma": "e",
            "has_context": "false",
            "is_title": "false"
        },
        {
            "id": 90,
            "form": "alla",
            "pos": "PRE",
            "lemma": "al",
            "has_context": "false",
            "is_title": "false"
        },
        {
            "id": 91,
            "form": "verdura",
            "pos": "NOM",
            "lemma": "verdura",
            "has_context": "false",
            "is_title": "false"
        },
        {
            "id": 92,
            "form": "tradizionali",
            "pos": "ADJ",
            "lemma": "tradizionale",
            "has_context": "true",
            "is_title": "false"
        },
        {
            "id": 93,
            "form": ".",
            "pos": "SENT",
            "lemma": ".",
            "has_context": "false",
            "is_title": "false"
        },
        {
            "id": 94,
            "form": "Ad",
            "pos": "PRE",
            "lemma": "ad",
            "has_context": "false",
            "is_title": "false"
        },
        {
            "id": 95,
            "form": "esempio",
            "pos": "NOM",
            "lemma": "esempio",
            "has_context": "false",
            "is_title": "false"
        },
        {
            "id": 96,
            "form": ",",
            "pos": "PON",
            "lemma": ",",
            "has_context": "false",
            "is_title": "false"
        },
        {
            "id": 97,
            "form": "una",
            "pos": "DET",
            "lemma": "una",
            "has_context": "false",
            "is_title": "false"
        },
        {
            "id": 98,
            "form": "mela",
            "pos": "NOM",
            "lemma": "mela",
            "has_context": "false",
            "is_title": "false"
        },
        {
            "id": 99,
            "form": "biologica",
            "pos": "ADJ",
            "lemma": "biologico",
            "has_context": "true",
            "is_title": "false"
        },
        {
            "id": 100,
            "form": "può",
            "pos": "VER",
            "lemma": "potere",
            "has_context": "false",
            "is_title": "false"
        },
        {
            "id": 101,
            "form": "essere",
            "pos": "VER",
            "lemma": "essere",
            "has_context": "false",
            "is_title": "false"
        },
        {
            "id": 102,
            "form": "più",
            "pos": "ADV",
            "lemma": "più",
            "has_context": "false",
            "is_title": "false"
        },
        {
            "id": 103,
            "form": "piccola",
            "pos": "ADJ",
            "lemma": "piccolo",
            "has_context": "false",
            "is_title": "false"
        },
        {
            "id": 104,
            "form": "e",
            "pos": "CON",
            "lemma": "e",
            "has_context": "false",
            "is_title": "false"
        },
        {
            "id": 105,
            "form": "meno",
            "pos": "ADV",
            "lemma": "meno",
            "has_context": "false",
            "is_title": "false"
        },
        {
            "id": 106,
            "form": "brillante",
            "pos": "ADJ",
            "lemma": "brillante",
            "has_context": "true",
            "is_title": "false"
        },
        {
            "id": 107,
            "form": "di",
            "pos": "PRE",
            "lemma": "di",
            "has_context": "false",
            "is_title": "false"
        },
        {
            "id": 108,
            "form": "una",
            "pos": "DET",
            "lemma": "una",
            "has_context": "false",
            "is_title": "false"
        },
        {
            "id": 109,
            "form": "mela",
            "pos": "NOM",
            "lemma": "mela",
            "has_context": "false",
            "is_title": "false"
        },
        {
            "id": 110,
            "form": "normale",
            "pos": "ADJ",
            "lemma": "normale",
            "has_context": "false",
            "is_title": "false"
        },
        {
            "id": 111,
            "form": ".",
            "pos": "SENT",
            "lemma": ".",
            "has_context": "false",
            "is_title": "false"
        },
        {
            "id": 112,
            "form": "Sempre",
            "pos": "ADV",
            "lemma": "sempre",
            "has_context": "false",
            "is_title": "false"
        },
        {
            "id": 113,
            "form": "più",
            "pos": "ADV",
            "lemma": "più",
            "has_context": "false",
            "is_title": "false"
        },
        {
            "id": 114,
            "form": "persone",
            "pos": "NOM",
            "lemma": "persona",
            "has_context": "false",
            "is_title": "false"
        },
        {
            "id": 115,
            "form": "però",
            "pos": "CON",
            "lemma": "però",
            "has_context": "false",
            "is_title": "false"
        },
        {
            "id": 116,
            "form": "scelgono",
            "pos": "VER",
            "lemma": "scegliere",
            "has_context": "false",
            "is_title": "false"
        },
        {
            "id": 117,
            "form": "di",
            "pos": "PRE",
            "lemma": "di",
            "has_context": "false",
            "is_title": "false"
        },
        {
            "id": 118,
            "form": "acquistare",
            "pos": "VER",
            "lemma": "acquistare",
            "has_context": "false",
            "is_title": "false"
        },
        {
            "id": 119,
            "form": "prodotti",
            "pos": "NOM",
            "lemma": "prodotto",
            "has_context": "true",
            "is_title": "false"
        },
        {
            "id": 120,
            "form": "biologici",
            "pos": "ADJ",
            "lemma": "biologico",
            "has_context": "true",
            "is_title": "false"
        },
        {
            "id": 121,
            "form": ",",
            "pos": "PON",
            "lemma": ",",
            "has_context": "false",
            "is_title": "false"
        },
        {
            "id": 122,
            "form": "anche",
            "pos": "CON",
            "lemma": "anche",
            "has_context": "false",
            "is_title": "false"
        },
        {
            "id": 123,
            "form": "se",
            "pos": "CON",
            "lemma": "se",
            "has_context": "false",
            "is_title": "false"
        },
        {
            "id": 124,
            "form": "il",
            "pos": "DET",
            "lemma": "il",
            "has_context": "false",
            "is_title": "false"
        },
        {
            "id": 125,
            "form": "loro",
            "pos": "ADJ",
            "lemma": "loro",
            "has_context": "false",
            "is_title": "false"
        },
        {
            "id": 126,
            "form": "costo",
            "pos": "NOM",
            "lemma": "costo",
            "has_context": "false",
            "is_title": "false"
        },
        {
            "id": 127,
            "form": "è",
            "pos": "VER",
            "lemma": "essere",
            "has_context": "false",
            "is_title": "false"
        },
        {
            "id": 128,
            "form": "superiore",
            "pos": "ADJ",
            "lemma": "superiore",
            "has_context": "true",
            "is_title": "false"
        },
        {
            "id": 129,
            "form": "a",
            "pos": "PRE",
            "lemma": "a",
            "has_context": "false",
            "is_title": "false"
        },
        {
            "id": 130,
            "form": "quello",
            "pos": "PRO",
            "lemma": "quello",
            "has_context": "false",
            "is_title": "false"
        },
        {
            "id": 131,
            "form": "dei",
            "pos": "PRE",
            "lemma": "del",
            "has_context": "false",
            "is_title": "false"
        },
        {
            "id": 132,
            "form": "prodotti",
            "pos": "NOM",
            "lemma": "prodotto",
            "has_context": "true",
            "is_title": "false"
        },
        {
            "id": 133,
            "form": "normali",
            "pos": "ADJ",
            "lemma": "normale",
            "has_context": "false",
            "is_title": "false"
        },
        {
            "id": 134,
            "form": ".",
            "pos": "SENT",
            "lemma": ".",
            "has_context": "false",
            "is_title": "false"
        },
        {
            "id": 135,
            "form": "Le",
            "pos": "DET",
            "lemma": "il",
            "has_context": "false",
            "is_title": "false"
        },
        {
            "id": 136,
            "form": "persone",
            "pos": "NOM",
            "lemma": "persona",
            "has_context": "false",
            "is_title": "false"
        },
        {
            "id": 137,
            "form": "infatti",
            "pos": "CON",
            "lemma": "infatti",
            "has_context": "false",
            "is_title": "false"
        },
        {
            "id": 138,
            "form": "ritengono",
            "pos": "VER",
            "lemma": "ritenere",
            "has_context": "true",
            "is_title": "false"
        },
        {
            "id": 139,
            "form": "che",
            "pos": "CON",
            "lemma": "che",
            "has_context": "false",
            "is_title": "false"
        },
        {
            "id": 140,
            "form": "i",
            "pos": "DET",
            "lemma": "il",
            "has_context": "false",
            "is_title": "false"
        },
        {
            "id": 141,
            "form": "prodotti",
            "pos": "NOM",
            "lemma": "prodotto",
            "has_context": "true",
            "is_title": "false"
        },
        {
            "id": 142,
            "form": "coltivati",
            "pos": "VER",
            "lemma": "coltivare",
            "has_context": "true",
            "is_title": "false"
        },
        {
            "id": 143,
            "form": "con",
            "pos": "PRE",
            "lemma": "con",
            "has_context": "false",
            "is_title": "false"
        },
        {
            "id": 144,
            "form": "questo",
            "pos": "ADJ",
            "lemma": "questo",
            "has_context": "false",
            "is_title": "false"
        },
        {
            "id": 145,
            "form": "metodo",
            "pos": "NOM",
            "lemma": "metodo",
            "has_context": "true",
            "is_title": "false"
        },
        {
            "id": 146,
            "form": "siano",
            "pos": "VER",
            "lemma": "essere",
            "has_context": "false",
            "is_title": "false"
        },
        {
            "id": 147,
            "form": "più",
            "pos": "ADV",
            "lemma": "più",
            "has_context": "false",
            "is_title": "false"
        },
        {
            "id": 148,
            "form": "salutari",
            "pos": "ADJ",
            "lemma": "salutare",
            "has_context": "true",
            "is_title": "false"
        },
        {
            "id": 149,
            "form": "e",
            "pos": "CON",
            "lemma": "e",
            "has_context": "false",
            "is_title": "false"
        },
        {
            "id": 150,
            "form": "saporiti",
            "pos": "ADJ",
            "lemma": "saporito",
            "has_context": "true",
            "is_title": "false"
        },
        {
            "id": 151,
            "form": ".",
            "pos": "SENT",
            "lemma": ".",
            "has_context": "false",
            "is_title": "false"
        },
        {
            "id": 152,
            "form": "Vista",
            "pos": "VER",
            "lemma": "vedere",
            "has_context": "false",
            "is_title": "false"
        },
        {
            "id": 153,
            "form": "la",
            "pos": "DET",
            "lemma": "il",
            "has_context": "false",
            "is_title": "false"
        },
        {
            "id": 154,
            "form": "grande",
            "pos": "ADJ",
            "lemma": "grande",
            "has_context": "false",
            "is_title": "false"
        },
        {
            "id": 155,
            "form": "domanda",
            "pos": "NOM",
            "lemma": "domanda",
            "has_context": "false",
            "is_title": "false"
        },
        {
            "id": 156,
            "form": "di",
            "pos": "PRE",
            "lemma": "di",
            "has_context": "false",
            "is_title": "false"
        },
        {
            "id": 157,
            "form": "questi",
            "pos": "ADJ",
            "lemma": "questo",
            "has_context": "false",
            "is_title": "false"
        },
        {
            "id": 158,
            "form": "prodotti",
            "pos": "NOM",
            "lemma": "prodotto",
            "has_context": "true",
            "is_title": "false"
        },
        {
            "id": 159,
            "form": ",",
            "pos": "PON",
            "lemma": ",",
            "has_context": "false",
            "is_title": "false"
        },
        {
            "id": 160,
            "form": "molte",
            "pos": "ADJ",
            "lemma": "molto",
            "has_context": "false",
            "is_title": "false"
        },
        {
            "id": 161,
            "form": "associazioni",
            "pos": "NOM",
            "lemma": "associazione",
            "has_context": "true",
            "is_title": "false"
        },
        {
            "id": 162,
            "form": "di",
            "pos": "PRE",
            "lemma": "di",
            "has_context": "false",
            "is_title": "false"
        },
        {
            "id": 163,
            "form": "agricoltori",
            "pos": "NOM",
            "lemma": "agricoltore",
            "has_context": "true",
            "is_title": "false"
        },
        {
            "id": 164,
            "form": "hanno",
            "pos": "VER",
            "lemma": "avere",
            "has_context": "false",
            "is_title": "false"
        },
        {
            "id": 165,
            "form": "deciso",
            "pos": "VER",
            "lemma": "decidere",
            "has_context": "true",
            "is_title": "false"
        },
        {
            "id": 166,
            "form": "di",
            "pos": "PRE",
            "lemma": "di",
            "has_context": "false",
            "is_title": "false"
        },
        {
            "id": 167,
            "form": "dedicarsi",
            "pos": "VER",
            "lemma": "dedicare",
            "has_context": "true",
            "is_title": "false"
        },
        {
            "id": 168,
            "form": "all’",
            "pos": "PRE",
            "lemma": "al",
            "has_context": "false",
            "is_title": "false"
        },
        {
            "id": 169,
            "form": "agricoltura",
            "pos": "NOM",
            "lemma": "agricoltura",
            "has_context": "true",
            "is_title": "false"
        },
        {
            "id": 170,
            "form": "biologica",
            "pos": "ADJ",
            "lemma": "biologico",
            "has_context": "true",
            "is_title": "false"
        },
        {
            "id": 171,
            "form": ",",
            "pos": "PON",
            "lemma": ",",
            "has_context": "false",
            "is_title": "false"
        },
        {
            "id": 172,
            "form": "sperando",
            "pos": "VER",
            "lemma": "sperare",
            "has_context": "false",
            "is_title": "false"
        },
        {
            "id": 173,
            "form": "anche",
            "pos": "CON",
            "lemma": "anche",
            "has_context": "false",
            "is_title": "false"
        },
        {
            "id": 174,
            "form": "di",
            "pos": "PRE",
            "lemma": "di",
            "has_context": "false",
            "is_title": "false"
        },
        {
            "id": 175,
            "form": "aumentare",
            "pos": "VER",
            "lemma": "aumentare",
            "has_context": "true",
            "is_title": "false"
        },
        {
            "id": 176,
            "form": "le",
            "pos": "DET",
            "lemma": "il",
            "has_context": "false",
            "is_title": "false"
        },
        {
            "id": 177,
            "form": "vendite",
            "pos": "NOM",
            "lemma": "vendita",
            "has_context": "true",
            "is_title": "false"
        },
        {
            "id": 178,
            "form": ".",
            "pos": "SENT",
            "lemma": ".",
            "has_context": "false",
            "is_title": "false"
        },
        {
            "id": 179,
            "form": "Di",
            "pos": "PRE",
            "lemma": "di",
            "has_context": "false",
            "is_title": "false"
        },
        {
            "id": 180,
            "form": "sicuro",
            "pos": "ADJ",
            "lemma": "sicuro",
            "has_context": "false",
            "is_title": "false"
        },
        {
            "id": 181,
            "form": ",",
            "pos": "PON",
            "lemma": ",",
            "has_context": "false",
            "is_title": "false"
        },
        {
            "id": 182,
            "form": "sentiremo",
            "pos": "VER",
            "lemma": "sentire",
            "has_context": "false",
            "is_title": "false"
        },
        {
            "id": 183,
            "form": "parlare",
            "pos": "VER",
            "lemma": "parlare",
            "has_context": "false",
            "is_title": "false"
        },
        {
            "id": 184,
            "form": "di",
            "pos": "PRE",
            "lemma": "di",
            "has_context": "false",
            "is_title": "false"
        },
        {
            "id": 185,
            "form": "agricoltura",
            "pos": "NOM",
            "lemma": "agricoltura",
            "has_context": "true",
            "is_title": "false"
        },
        {
            "id": 186,
            "form": "biologica",
            "pos": "ADJ",
            "lemma": "biologico",
            "has_context": "true",
            "is_title": "false"
        },
        {
            "id": 187,
            "form": "ancora",
            "pos": "ADV",
            "lemma": "ancora",
            "has_context": "false",
            "is_title": "false"
        },
        {
            "id": 188,
            "form": "a",
            "pos": "PRE",
            "lemma": "a",
            "has_context": "false",
            "is_title": "false"
        },
        {
            "id": 189,
            "form": "lungo",
            "pos": "ADJ",
            "lemma": "lungo",
            "has_context": "false",
            "is_title": "false"
        },
        {
            "id": 190,
            "form": "!",
            "pos": "SENT",
            "lemma": "!",
            "has_context": "false",
            "is_title": "false"
        }
    ]
