    [
        {
            "id": 1,
            "form": "La",
            "pos": "DET",
            "lemma": "il",
            "has_context": "false",
            "is_title": "true"
        },
        {
            "id": 2,
            "form": "grande",
            "pos": "ADJ",
            "lemma": "grande",
            "has_context": "false",
            "is_title": "true"
        },
        {
            "id": 3,
            "form": "famiglia",
            "pos": "NOM",
            "lemma": "famiglia",
            "has_context": "false",
            "is_title": "true"
        },
        {
            "id": 4,
            "form": "di",
            "pos": "PRE",
            "lemma": "di",
            "has_context": "false",
            "is_title": "true"
        },
        {
            "id": 5,
            "form": "Giorgio",
            "pos": "NPR",
            "lemma": "Giorgio",
            "has_context": "false",
            "is_title": "true"
        },
        {
            "id": 6,
            "form": "Giorgio",
            "pos": "NPR",
            "lemma": "Giorgio",
            "has_context": "false",
            "is_title": "false"
        },
        {
            "id": 7,
            "form": "ha",
            "pos": "VER",
            "lemma": "avere",
            "has_context": "false",
            "is_title": "false"
        },
        {
            "id": 8,
            "form": "una",
            "pos": "DET",
            "lemma": "una",
            "has_context": "false",
            "is_title": "false"
        },
        {
            "id": 9,
            "form": "famiglia",
            "pos": "NOM",
            "lemma": "famiglia",
            "has_context": "false",
            "is_title": "false"
        },
        {
            "id": 10,
            "form": "molto",
            "pos": "ADV",
            "lemma": "molto",
            "has_context": "false",
            "is_title": "false"
        },
        {
            "id": 11,
            "form": "numerosa",
            "pos": "ADJ",
            "lemma": "numeroso",
            "has_context": "true",
            "is_title": "false"
        },
        {
            "id": 12,
            "form": ".",
            "pos": "SENT",
            "lemma": ".",
            "has_context": "false",
            "is_title": "false"
        },
        {
            "id": 13,
            "form": "Ha",
            "pos": "VER",
            "lemma": "avere",
            "has_context": "false",
            "is_title": "false"
        },
        {
            "id": 14,
            "form": "quattro",
            "pos": "ADJ",
            "lemma": "quattro",
            "has_context": "false",
            "is_title": "false"
        },
        {
            "id": 15,
            "form": "fratelli",
            "pos": "NOM",
            "lemma": "fratello",
            "has_context": "false",
            "is_title": "false"
        },
        {
            "id": 16,
            "form": "che",
            "pos": "PRO",
            "lemma": "che",
            "has_context": "false",
            "is_title": "false"
        },
        {
            "id": 17,
            "form": "si",
            "pos": "PRO",
            "lemma": "si",
            "has_context": "false",
            "is_title": "false"
        },
        {
            "id": 18,
            "form": "chiamano",
            "pos": "VER",
            "lemma": "chiamare",
            "has_context": "false",
            "is_title": "false"
        },
        {
            "id": 19,
            "form": "Paolo",
            "pos": "NPR",
            "lemma": "Paolo",
            "has_context": "false",
            "is_title": "false"
        },
        {
            "id": 20,
            "form": ",",
            "pos": "PON",
            "lemma": ",",
            "has_context": "false",
            "is_title": "false"
        },
        {
            "id": 21,
            "form": "Marco",
            "pos": "NPR",
            "lemma": "Marco",
            "has_context": "false",
            "is_title": "false"
        },
        {
            "id": 22,
            "form": ",",
            "pos": "PON",
            "lemma": ",",
            "has_context": "false",
            "is_title": "false"
        },
        {
            "id": 23,
            "form": "Luca",
            "pos": "NPR",
            "lemma": "Luca",
            "has_context": "false",
            "is_title": "false"
        },
        {
            "id": 24,
            "form": "e",
            "pos": "CON",
            "lemma": "e",
            "has_context": "false",
            "is_title": "false"
        },
        {
            "id": 25,
            "form": "Michele",
            "pos": "NPR",
            "lemma": "Michele",
            "has_context": "false",
            "is_title": "false"
        },
        {
            "id": 26,
            "form": ".",
            "pos": "SENT",
            "lemma": ".",
            "has_context": "false",
            "is_title": "false"
        },
        {
            "id": 27,
            "form": "Giorgio",
            "pos": "NPR",
            "lemma": "Giorgio",
            "has_context": "false",
            "is_title": "false"
        },
        {
            "id": 28,
            "form": "è",
            "pos": "VER",
            "lemma": "essere",
            "has_context": "false",
            "is_title": "false"
        },
        {
            "id": 29,
            "form": "il",
            "pos": "DET",
            "lemma": "il",
            "has_context": "false",
            "is_title": "false"
        },
        {
            "id": 30,
            "form": "fratello",
            "pos": "NOM",
            "lemma": "fratello",
            "has_context": "false",
            "is_title": "false"
        },
        {
            "id": 31,
            "form": "maggiore",
            "pos": "ADJ",
            "lemma": "maggiore",
            "has_context": "true",
            "is_title": "false"
        },
        {
            "id": 32,
            "form": "mentre",
            "pos": "CON",
            "lemma": "mentre",
            "has_context": "false",
            "is_title": "false"
        },
        {
            "id": 33,
            "form": "Michele",
            "pos": "NPR",
            "lemma": "Michele",
            "has_context": "false",
            "is_title": "false"
        },
        {
            "id": 34,
            "form": "è",
            "pos": "VER",
            "lemma": "essere",
            "has_context": "false",
            "is_title": "false"
        },
        {
            "id": 35,
            "form": "il",
            "pos": "DET",
            "lemma": "il",
            "has_context": "false",
            "is_title": "false"
        },
        {
            "id": 36,
            "form": "minore",
            "pos": "ADJ",
            "lemma": "minore",
            "has_context": "true",
            "is_title": "false"
        },
        {
            "id": 37,
            "form": ".",
            "pos": "SENT",
            "lemma": ".",
            "has_context": "false",
            "is_title": "false"
        },
        {
            "id": 38,
            "form": "Anche",
            "pos": "CON",
            "lemma": "anche",
            "has_context": "false",
            "is_title": "false"
        },
        {
            "id": 39,
            "form": "se",
            "pos": "CON",
            "lemma": "se",
            "has_context": "false",
            "is_title": "false"
        },
        {
            "id": 40,
            "form": "sono",
            "pos": "VER",
            "lemma": "essere",
            "has_context": "false",
            "is_title": "false"
        },
        {
            "id": 41,
            "form": "fratelli",
            "pos": "NOM",
            "lemma": "fratello",
            "has_context": "false",
            "is_title": "false"
        },
        {
            "id": 42,
            "form": ",",
            "pos": "PON",
            "lemma": ",",
            "has_context": "false",
            "is_title": "false"
        },
        {
            "id": 43,
            "form": "sono",
            "pos": "VER",
            "lemma": "essere",
            "has_context": "false",
            "is_title": "false"
        },
        {
            "id": 44,
            "form": "tutti",
            "pos": "PRO",
            "lemma": "tutto",
            "has_context": "false",
            "is_title": "false"
        },
        {
            "id": 45,
            "form": "molto",
            "pos": "ADV",
            "lemma": "molto",
            "has_context": "false",
            "is_title": "false"
        },
        {
            "id": 46,
            "form": "diversi",
            "pos": "ADJ",
            "lemma": "diverso",
            "has_context": "false",
            "is_title": "false"
        },
        {
            "id": 47,
            "form": "e",
            "pos": "CON",
            "lemma": "e",
            "has_context": "false",
            "is_title": "false"
        },
        {
            "id": 48,
            "form": "non",
            "pos": "ADV",
            "lemma": "non",
            "has_context": "false",
            "is_title": "false"
        },
        {
            "id": 49,
            "form": "si",
            "pos": "PRO",
            "lemma": "si",
            "has_context": "false",
            "is_title": "false"
        },
        {
            "id": 50,
            "form": "somigliano",
            "pos": "VER",
            "lemma": "somigliare",
            "has_context": "true",
            "is_title": "false"
        },
        {
            "id": 51,
            "form": "affatto",
            "pos": "ADV",
            "lemma": "affatto",
            "has_context": "true",
            "is_title": "false"
        },
        {
            "id": 52,
            "form": ".",
            "pos": "SENT",
            "lemma": ".",
            "has_context": "false",
            "is_title": "false"
        },
        {
            "id": 53,
            "form": "Giorgio",
            "pos": "NPR",
            "lemma": "Giorgio",
            "has_context": "false",
            "is_title": "false"
        },
        {
            "id": 54,
            "form": "è",
            "pos": "VER",
            "lemma": "essere",
            "has_context": "false",
            "is_title": "false"
        },
        {
            "id": 55,
            "form": "il",
            "pos": "DET",
            "lemma": "il",
            "has_context": "false",
            "is_title": "false"
        },
        {
            "id": 56,
            "form": "più",
            "pos": "ADV",
            "lemma": "più",
            "has_context": "false",
            "is_title": "false"
        },
        {
            "id": 57,
            "form": "alto",
            "pos": "ADJ",
            "lemma": "alto",
            "has_context": "false",
            "is_title": "false"
        },
        {
            "id": 58,
            "form": "di",
            "pos": "PRE",
            "lemma": "di",
            "has_context": "false",
            "is_title": "false"
        },
        {
            "id": 59,
            "form": "tutti",
            "pos": "PRO",
            "lemma": "tutto",
            "has_context": "false",
            "is_title": "false"
        },
        {
            "id": 60,
            "form": ".",
            "pos": "SENT",
            "lemma": ".",
            "has_context": "false",
            "is_title": "false"
        },
        {
            "id": 61,
            "form": "Paolo",
            "pos": "NPR",
            "lemma": "Paolo",
            "has_context": "false",
            "is_title": "false"
        },
        {
            "id": 62,
            "form": "invece",
            "pos": "ADV",
            "lemma": "invece",
            "has_context": "false",
            "is_title": "false"
        },
        {
            "id": 63,
            "form": "è",
            "pos": "VER",
            "lemma": "essere",
            "has_context": "false",
            "is_title": "false"
        },
        {
            "id": 64,
            "form": "il",
            "pos": "DET",
            "lemma": "il",
            "has_context": "false",
            "is_title": "false"
        },
        {
            "id": 65,
            "form": "più",
            "pos": "ADV",
            "lemma": "più",
            "has_context": "false",
            "is_title": "false"
        },
        {
            "id": 66,
            "form": "basso",
            "pos": "ADJ",
            "lemma": "basso",
            "has_context": "false",
            "is_title": "false"
        },
        {
            "id": 67,
            "form": "di",
            "pos": "PRE",
            "lemma": "di",
            "has_context": "false",
            "is_title": "false"
        },
        {
            "id": 68,
            "form": "tutti",
            "pos": "PRO",
            "lemma": "tutto",
            "has_context": "false",
            "is_title": "false"
        },
        {
            "id": 69,
            "form": ".",
            "pos": "SENT",
            "lemma": ".",
            "has_context": "false",
            "is_title": "false"
        },
        {
            "id": 70,
            "form": "Marco",
            "pos": "NPR",
            "lemma": "Marco",
            "has_context": "false",
            "is_title": "false"
        },
        {
            "id": 71,
            "form": "è",
            "pos": "VER",
            "lemma": "essere",
            "has_context": "false",
            "is_title": "false"
        },
        {
            "id": 72,
            "form": "più",
            "pos": "ADV",
            "lemma": "più",
            "has_context": "false",
            "is_title": "false"
        },
        {
            "id": 73,
            "form": "basso",
            "pos": "ADJ",
            "lemma": "basso",
            "has_context": "false",
            "is_title": "false"
        },
        {
            "id": 74,
            "form": "di",
            "pos": "PRE",
            "lemma": "di",
            "has_context": "false",
            "is_title": "false"
        },
        {
            "id": 75,
            "form": "Giorgio",
            "pos": "NPR",
            "lemma": "Giorgio",
            "has_context": "false",
            "is_title": "false"
        },
        {
            "id": 76,
            "form": "ma",
            "pos": "CON",
            "lemma": "ma",
            "has_context": "false",
            "is_title": "false"
        },
        {
            "id": 77,
            "form": "è",
            "pos": "VER",
            "lemma": "essere",
            "has_context": "false",
            "is_title": "false"
        },
        {
            "id": 78,
            "form": "più",
            "pos": "ADV",
            "lemma": "più",
            "has_context": "false",
            "is_title": "false"
        },
        {
            "id": 79,
            "form": "alto",
            "pos": "ADJ",
            "lemma": "alto",
            "has_context": "false",
            "is_title": "false"
        },
        {
            "id": 80,
            "form": "di",
            "pos": "PRE",
            "lemma": "di",
            "has_context": "false",
            "is_title": "false"
        },
        {
            "id": 81,
            "form": "Michele",
            "pos": "NPR",
            "lemma": "Michele",
            "has_context": "false",
            "is_title": "false"
        },
        {
            "id": 82,
            "form": ".",
            "pos": "SENT",
            "lemma": ".",
            "has_context": "false",
            "is_title": "false"
        },
        {
            "id": 83,
            "form": "Luca",
            "pos": "NPR",
            "lemma": "Luca",
            "has_context": "false",
            "is_title": "false"
        },
        {
            "id": 84,
            "form": "è",
            "pos": "VER",
            "lemma": "essere",
            "has_context": "false",
            "is_title": "false"
        },
        {
            "id": 85,
            "form": "più",
            "pos": "ADV",
            "lemma": "più",
            "has_context": "false",
            "is_title": "false"
        },
        {
            "id": 86,
            "form": "basso",
            "pos": "ADJ",
            "lemma": "basso",
            "has_context": "false",
            "is_title": "false"
        },
        {
            "id": 87,
            "form": "di",
            "pos": "PRE",
            "lemma": "di",
            "has_context": "false",
            "is_title": "false"
        },
        {
            "id": 88,
            "form": "Marco",
            "pos": "NPR",
            "lemma": "Marco",
            "has_context": "false",
            "is_title": "false"
        },
        {
            "id": 89,
            "form": "e",
            "pos": "CON",
            "lemma": "e",
            "has_context": "false",
            "is_title": "false"
        },
        {
            "id": 90,
            "form": "Giorgio",
            "pos": "NPR",
            "lemma": "Giorgio",
            "has_context": "false",
            "is_title": "false"
        },
        {
            "id": 91,
            "form": "e",
            "pos": "CON",
            "lemma": "e",
            "has_context": "false",
            "is_title": "false"
        },
        {
            "id": 92,
            "form": "più",
            "pos": "ADV",
            "lemma": "più",
            "has_context": "false",
            "is_title": "false"
        },
        {
            "id": 93,
            "form": "alto",
            "pos": "ADJ",
            "lemma": "alto",
            "has_context": "false",
            "is_title": "false"
        },
        {
            "id": 94,
            "form": "di",
            "pos": "PRE",
            "lemma": "di",
            "has_context": "false",
            "is_title": "false"
        },
        {
            "id": 95,
            "form": "Paolo",
            "pos": "NPR",
            "lemma": "Paolo",
            "has_context": "false",
            "is_title": "false"
        },
        {
            "id": 96,
            "form": ".",
            "pos": "SENT",
            "lemma": ".",
            "has_context": "false",
            "is_title": "false"
        },
        {
            "id": 97,
            "form": "Per",
            "pos": "PRE",
            "lemma": "per",
            "has_context": "false",
            "is_title": "false"
        },
        {
            "id": 98,
            "form": "quanto",
            "pos": "ADV",
            "lemma": "quanto",
            "has_context": "false",
            "is_title": "false"
        },
        {
            "id": 99,
            "form": "riguarda",
            "pos": "VER",
            "lemma": "riguardare",
            "has_context": "true",
            "is_title": "false"
        },
        {
            "id": 100,
            "form": "la",
            "pos": "DET",
            "lemma": "il",
            "has_context": "false",
            "is_title": "false"
        },
        {
            "id": 101,
            "form": "costituzione",
            "pos": "NOM",
            "lemma": "costituzione",
            "has_context": "true",
            "is_title": "false"
        },
        {
            "id": 102,
            "form": "fisica",
            "pos": "ADJ",
            "lemma": "fisico",
            "has_context": "true",
            "is_title": "false"
        },
        {
            "id": 103,
            "form": ",",
            "pos": "PON",
            "lemma": ",",
            "has_context": "false",
            "is_title": "false"
        },
        {
            "id": 104,
            "form": "Giorgio",
            "pos": "NPR",
            "lemma": "Giorgio",
            "has_context": "false",
            "is_title": "false"
        },
        {
            "id": 105,
            "form": "è",
            "pos": "VER",
            "lemma": "essere",
            "has_context": "false",
            "is_title": "false"
        },
        {
            "id": 106,
            "form": "magrissimo",
            "pos": "ADJ",
            "lemma": "magro",
            "has_context": "false",
            "is_title": "false"
        },
        {
            "id": 107,
            "form": ".",
            "pos": "SENT",
            "lemma": ".",
            "has_context": "false",
            "is_title": "false"
        },
        {
            "id": 108,
            "form": "Anche",
            "pos": "ADV",
            "lemma": "anche",
            "has_context": "false",
            "is_title": "false"
        },
        {
            "id": 109,
            "form": "gli",
            "pos": "DET",
            "lemma": "il",
            "has_context": "false",
            "is_title": "false"
        },
        {
            "id": 110,
            "form": "altri",
            "pos": "ADJ",
            "lemma": "altro",
            "has_context": "false",
            "is_title": "false"
        },
        {
            "id": 111,
            "form": "fratelli",
            "pos": "NOM",
            "lemma": "fratello",
            "has_context": "false",
            "is_title": "false"
        },
        {
            "id": 112,
            "form": "sono",
            "pos": "VER",
            "lemma": "essere",
            "has_context": "false",
            "is_title": "false"
        },
        {
            "id": 113,
            "form": "abbastanza",
            "pos": "ADV",
            "lemma": "abbastanza",
            "has_context": "false",
            "is_title": "false"
        },
        {
            "id": 114,
            "form": "magri",
            "pos": "ADJ",
            "lemma": "magro",
            "has_context": "false",
            "is_title": "false"
        },
        {
            "id": 115,
            "form": ",",
            "pos": "PON",
            "lemma": ",",
            "has_context": "false",
            "is_title": "false"
        },
        {
            "id": 116,
            "form": "ma",
            "pos": "CON",
            "lemma": "ma",
            "has_context": "false",
            "is_title": "false"
        },
        {
            "id": 117,
            "form": "non",
            "pos": "ADV",
            "lemma": "non",
            "has_context": "false",
            "is_title": "false"
        },
        {
            "id": 118,
            "form": "quanto",
            "pos": "ADV",
            "lemma": "quanto",
            "has_context": "false",
            "is_title": "false"
        },
        {
            "id": 119,
            "form": "Giorgio",
            "pos": "NPR",
            "lemma": "Giorgio",
            "has_context": "false",
            "is_title": "false"
        },
        {
            "id": 120,
            "form": ".",
            "pos": "SENT",
            "lemma": ".",
            "has_context": "false",
            "is_title": "false"
        },
        {
            "id": 121,
            "form": "A",
            "pos": "PRE",
            "lemma": "a",
            "has_context": "false",
            "is_title": "false"
        },
        {
            "id": 122,
            "form": "scuola",
            "pos": "NOM",
            "lemma": "scuola",
            "has_context": "false",
            "is_title": "false"
        },
        {
            "id": 123,
            "form": "Giorgio",
            "pos": "NPR",
            "lemma": "Giorgio",
            "has_context": "false",
            "is_title": "false"
        },
        {
            "id": 124,
            "form": "studia",
            "pos": "VER",
            "lemma": "studiare",
            "has_context": "false",
            "is_title": "false"
        },
        {
            "id": 125,
            "form": "poco",
            "pos": "ADJ",
            "lemma": "poco",
            "has_context": "false",
            "is_title": "false"
        },
        {
            "id": 126,
            "form": ".",
            "pos": "SENT",
            "lemma": ".",
            "has_context": "false",
            "is_title": "false"
        },
        {
            "id": 127,
            "form": "Marco",
            "pos": "NPR",
            "lemma": "Marco",
            "has_context": "false",
            "is_title": "false"
        },
        {
            "id": 128,
            "form": "e",
            "pos": "CON",
            "lemma": "e",
            "has_context": "false",
            "is_title": "false"
        },
        {
            "id": 129,
            "form": "Luca",
            "pos": "NPR",
            "lemma": "Luca",
            "has_context": "false",
            "is_title": "false"
        },
        {
            "id": 130,
            "form": "sono",
            "pos": "VER",
            "lemma": "essere",
            "has_context": "false",
            "is_title": "false"
        },
        {
            "id": 131,
            "form": "più",
            "pos": "ADV",
            "lemma": "più",
            "has_context": "false",
            "is_title": "false"
        },
        {
            "id": 132,
            "form": "studiosi",
            "pos": "ADJ",
            "lemma": "studioso",
            "has_context": "true",
            "is_title": "false"
        },
        {
            "id": 133,
            "form": "di",
            "pos": "PRE",
            "lemma": "di",
            "has_context": "false",
            "is_title": "false"
        },
        {
            "id": 134,
            "form": "Giorgio",
            "pos": "NPR",
            "lemma": "Giorgio",
            "has_context": "false",
            "is_title": "false"
        },
        {
            "id": 135,
            "form": ".",
            "pos": "SENT",
            "lemma": ".",
            "has_context": "false",
            "is_title": "false"
        },
        {
            "id": 136,
            "form": "I",
            "pos": "DET",
            "lemma": "il",
            "has_context": "false",
            "is_title": "false"
        },
        {
            "id": 137,
            "form": "voti",
            "pos": "NOM",
            "lemma": "voto",
            "has_context": "true",
            "is_title": "false"
        },
        {
            "id": 138,
            "form": "di",
            "pos": "PRE",
            "lemma": "di",
            "has_context": "false",
            "is_title": "false"
        },
        {
            "id": 139,
            "form": "Marco",
            "pos": "NPR",
            "lemma": "Marco",
            "has_context": "false",
            "is_title": "false"
        },
        {
            "id": 140,
            "form": "sono",
            "pos": "VER",
            "lemma": "essere",
            "has_context": "false",
            "is_title": "false"
        },
        {
            "id": 141,
            "form": "buoni",
            "pos": "ADJ",
            "lemma": "buono",
            "has_context": "false",
            "is_title": "false"
        },
        {
            "id": 142,
            "form": ",",
            "pos": "PON",
            "lemma": ",",
            "has_context": "false",
            "is_title": "false"
        },
        {
            "id": 143,
            "form": "mentre",
            "pos": "CON",
            "lemma": "mentre",
            "has_context": "false",
            "is_title": "false"
        },
        {
            "id": 144,
            "form": "quelli",
            "pos": "PRO",
            "lemma": "quello",
            "has_context": "false",
            "is_title": "false"
        },
        {
            "id": 145,
            "form": "di",
            "pos": "PRE",
            "lemma": "di",
            "has_context": "false",
            "is_title": "false"
        },
        {
            "id": 146,
            "form": "Luca",
            "pos": "NPR",
            "lemma": "Luca",
            "has_context": "false",
            "is_title": "false"
        },
        {
            "id": 147,
            "form": "ottimi",
            "pos": "ADJ",
            "lemma": "ottimo",
            "has_context": "true",
            "is_title": "false"
        },
        {
            "id": 148,
            "form": ".",
            "pos": "SENT",
            "lemma": ".",
            "has_context": "false",
            "is_title": "false"
        },
        {
            "id": 149,
            "form": "I",
            "pos": "DET",
            "lemma": "il",
            "has_context": "false",
            "is_title": "false"
        },
        {
            "id": 150,
            "form": "voti",
            "pos": "NOM",
            "lemma": "voto",
            "has_context": "true",
            "is_title": "false"
        },
        {
            "id": 151,
            "form": "di",
            "pos": "PRE",
            "lemma": "di",
            "has_context": "false",
            "is_title": "false"
        },
        {
            "id": 152,
            "form": "Michele",
            "pos": "NPR",
            "lemma": "Michele",
            "has_context": "false",
            "is_title": "false"
        },
        {
            "id": 153,
            "form": "invece",
            "pos": "ADV",
            "lemma": "invece",
            "has_context": "false",
            "is_title": "false"
        },
        {
            "id": 154,
            "form": "sono",
            "pos": "VER",
            "lemma": "essere",
            "has_context": "false",
            "is_title": "false"
        },
        {
            "id": 155,
            "form": "pessimi",
            "pos": "ADJ",
            "lemma": "pessimo",
            "has_context": "true",
            "is_title": "false"
        },
        {
            "id": 156,
            "form": "e",
            "pos": "CON",
            "lemma": "e",
            "has_context": "false",
            "is_title": "false"
        },
        {
            "id": 157,
            "form": "ha",
            "pos": "VER",
            "lemma": "avere",
            "has_context": "false",
            "is_title": "false"
        },
        {
            "id": 158,
            "form": "paura",
            "pos": "NOM",
            "lemma": "paura",
            "has_context": "false",
            "is_title": "false"
        },
        {
            "id": 159,
            "form": "di",
            "pos": "PRE",
            "lemma": "di",
            "has_context": "false",
            "is_title": "false"
        },
        {
            "id": 160,
            "form": "essere",
            "pos": "VER",
            "lemma": "essere",
            "has_context": "false",
            "is_title": "false"
        },
        {
            "id": 161,
            "form": "bocciato",
            "pos": "VER",
            "lemma": "bocciare",
            "has_context": "true",
            "is_title": "false"
        },
        {
            "id": 162,
            "form": ".",
            "pos": "SENT",
            "lemma": ".",
            "has_context": "false",
            "is_title": "false"
        },
        {
            "id": 163,
            "form": "Tutti",
            "pos": "ADJ",
            "lemma": "tutto",
            "has_context": "false",
            "is_title": "false"
        },
        {
            "id": 164,
            "form": "e",
            "pos": "CON",
            "lemma": "e",
            "has_context": "false",
            "is_title": "false"
        },
        {
            "id": 165,
            "form": "cinque",
            "pos": "ADJ",
            "lemma": "cinque",
            "has_context": "false",
            "is_title": "false"
        },
        {
            "id": 166,
            "form": "i",
            "pos": "DET",
            "lemma": "il",
            "has_context": "false",
            "is_title": "false"
        },
        {
            "id": 167,
            "form": "fratelli",
            "pos": "NOM",
            "lemma": "fratello",
            "has_context": "false",
            "is_title": "false"
        },
        {
            "id": 168,
            "form": "amano",
            "pos": "VER",
            "lemma": "amare",
            "has_context": "false",
            "is_title": "false"
        },
        {
            "id": 169,
            "form": "molto",
            "pos": "ADV",
            "lemma": "molto",
            "has_context": "false",
            "is_title": "false"
        },
        {
            "id": 170,
            "form": "lo",
            "pos": "DET",
            "lemma": "il",
            "has_context": "false",
            "is_title": "false"
        },
        {
            "id": 171,
            "form": "sport",
            "pos": "NOM",
            "lemma": "sport",
            "has_context": "false",
            "is_title": "false"
        },
        {
            "id": 172,
            "form": ".",
            "pos": "SENT",
            "lemma": ".",
            "has_context": "false",
            "is_title": "false"
        },
        {
            "id": 173,
            "form": "Giorgio",
            "pos": "NPR",
            "lemma": "Giorgio",
            "has_context": "false",
            "is_title": "false"
        },
        {
            "id": 174,
            "form": "e",
            "pos": "CON",
            "lemma": "e",
            "has_context": "false",
            "is_title": "false"
        },
        {
            "id": 175,
            "form": "Luca",
            "pos": "NPR",
            "lemma": "Luca",
            "has_context": "false",
            "is_title": "false"
        },
        {
            "id": 176,
            "form": "amano",
            "pos": "VER",
            "lemma": "amare",
            "has_context": "false",
            "is_title": "false"
        },
        {
            "id": 177,
            "form": "le",
            "pos": "DET",
            "lemma": "il",
            "has_context": "false",
            "is_title": "false"
        },
        {
            "id": 178,
            "form": "belle",
            "pos": "ADJ",
            "lemma": "bello",
            "has_context": "false",
            "is_title": "false"
        },
        {
            "id": 179,
            "form": "giornate",
            "pos": "NOM",
            "lemma": "giornata",
            "has_context": "false",
            "is_title": "false"
        },
        {
            "id": 180,
            "form": "perché",
            "pos": "CON",
            "lemma": "perché",
            "has_context": "false",
            "is_title": "false"
        },
        {
            "id": 181,
            "form": "così",
            "pos": "ADV",
            "lemma": "così",
            "has_context": "false",
            "is_title": "false"
        },
        {
            "id": 182,
            "form": "possono",
            "pos": "VER",
            "lemma": "potere",
            "has_context": "false",
            "is_title": "false"
        },
        {
            "id": 183,
            "form": "uscire",
            "pos": "VER",
            "lemma": "uscire",
            "has_context": "false",
            "is_title": "false"
        },
        {
            "id": 184,
            "form": "per",
            "pos": "PRE",
            "lemma": "per",
            "has_context": "false",
            "is_title": "false"
        },
        {
            "id": 185,
            "form": "fare",
            "pos": "VER",
            "lemma": "fare",
            "has_context": "false",
            "is_title": "false"
        },
        {
            "id": 186,
            "form": "una",
            "pos": "DET",
            "lemma": "una",
            "has_context": "false",
            "is_title": "false"
        },
        {
            "id": 187,
            "form": "corsa",
            "pos": "NOM",
            "lemma": "corsa",
            "has_context": "true",
            "is_title": "false"
        },
        {
            "id": 188,
            "form": ".",
            "pos": "SENT",
            "lemma": ".",
            "has_context": "false",
            "is_title": "false"
        },
        {
            "id": 189,
            "form": "Giorgio",
            "pos": "NPR",
            "lemma": "Giorgio",
            "has_context": "false",
            "is_title": "false"
        },
        {
            "id": 190,
            "form": "corre",
            "pos": "VER",
            "lemma": "correre",
            "has_context": "false",
            "is_title": "false"
        },
        {
            "id": 191,
            "form": "più",
            "pos": "ADV",
            "lemma": "più",
            "has_context": "false",
            "is_title": "false"
        },
        {
            "id": 192,
            "form": "veloce",
            "pos": "ADJ",
            "lemma": "veloce",
            "has_context": "false",
            "is_title": "false"
        },
        {
            "id": 193,
            "form": "di",
            "pos": "PRE",
            "lemma": "di",
            "has_context": "false",
            "is_title": "false"
        },
        {
            "id": 194,
            "form": "Luca",
            "pos": "NPR",
            "lemma": "Luca",
            "has_context": "false",
            "is_title": "false"
        },
        {
            "id": 195,
            "form": ".",
            "pos": "SENT",
            "lemma": ".",
            "has_context": "false",
            "is_title": "false"
        },
        {
            "id": 196,
            "form": "Luca",
            "pos": "NPR",
            "lemma": "Luca",
            "has_context": "false",
            "is_title": "false"
        },
        {
            "id": 197,
            "form": "però",
            "pos": "ADV",
            "lemma": "però",
            "has_context": "false",
            "is_title": "false"
        },
        {
            "id": 198,
            "form": "ama",
            "pos": "VER",
            "lemma": "amare",
            "has_context": "false",
            "is_title": "false"
        },
        {
            "id": 199,
            "form": "anche",
            "pos": "CON",
            "lemma": "anche",
            "has_context": "false",
            "is_title": "false"
        },
        {
            "id": 200,
            "form": "nuotare",
            "pos": "VER",
            "lemma": "nuotare",
            "has_context": "false",
            "is_title": "false"
        },
        {
            "id": 201,
            "form": ".",
            "pos": "SENT",
            "lemma": ".",
            "has_context": "false",
            "is_title": "false"
        },
        {
            "id": 202,
            "form": "Alle",
            "pos": "PRE",
            "lemma": "al",
            "has_context": "false",
            "is_title": "false"
        },
        {
            "id": 203,
            "form": "ultime",
            "pos": "ADJ",
            "lemma": "ultimo",
            "has_context": "false",
            "is_title": "false"
        },
        {
            "id": 204,
            "form": "gare",
            "pos": "NOM",
            "lemma": "gara",
            "has_context": "true",
            "is_title": "false"
        },
        {
            "id": 205,
            "form": "di",
            "pos": "PRE",
            "lemma": "di",
            "has_context": "false",
            "is_title": "false"
        },
        {
            "id": 206,
            "form": "nuoto",
            "pos": "NOM",
            "lemma": "nuoto",
            "has_context": "false",
            "is_title": "false"
        },
        {
            "id": 207,
            "form": "si",
            "pos": "PRO",
            "lemma": "si",
            "has_context": "false",
            "is_title": "false"
        },
        {
            "id": 208,
            "form": "è",
            "pos": "VER",
            "lemma": "essere",
            "has_context": "false",
            "is_title": "false"
        },
        {
            "id": 209,
            "form": "classificato",
            "pos": "VER",
            "lemma": "classificare",
            "has_context": "true",
            "is_title": "false"
        },
        {
            "id": 210,
            "form": "primo",
            "pos": "ADJ",
            "lemma": "primo",
            "has_context": "false",
            "is_title": "false"
        },
        {
            "id": 211,
            "form": "come",
            "pos": "ADV",
            "lemma": "come",
            "has_context": "false",
            "is_title": "false"
        },
        {
            "id": 212,
            "form": "più",
            "pos": "ADV",
            "lemma": "più",
            "has_context": "false",
            "is_title": "false"
        },
        {
            "id": 213,
            "form": "veloce",
            "pos": "ADJ",
            "lemma": "veloce",
            "has_context": "false",
            "is_title": "false"
        },
        {
            "id": 214,
            "form": "della",
            "pos": "PRE",
            "lemma": "del",
            "has_context": "false",
            "is_title": "false"
        },
        {
            "id": 215,
            "form": "sua",
            "pos": "PRO",
            "lemma": "suo",
            "has_context": "false",
            "is_title": "false"
        },
        {
            "id": 216,
            "form": "categoria",
            "pos": "NOM",
            "lemma": "categoria",
            "has_context": "true",
            "is_title": "false"
        },
        {
            "id": 217,
            "form": ",",
            "pos": "PON",
            "lemma": ",",
            "has_context": "false",
            "is_title": "false"
        },
        {
            "id": 218,
            "form": "per",
            "pos": "PRE",
            "lemma": "per",
            "has_context": "false",
            "is_title": "false"
        },
        {
            "id": 219,
            "form": "questo",
            "pos": "PRO",
            "lemma": "questo",
            "has_context": "false",
            "is_title": "false"
        },
        {
            "id": 220,
            "form": "potrà",
            "pos": "VER",
            "lemma": "potere",
            "has_context": "false",
            "is_title": "false"
        },
        {
            "id": 221,
            "form": "gareggiare",
            "pos": "VER",
            "lemma": "gareggiare",
            "has_context": "true",
            "is_title": "false"
        },
        {
            "id": 222,
            "form": "ai",
            "pos": "PRE",
            "lemma": "al",
            "has_context": "false",
            "is_title": "false"
        },
        {
            "id": 223,
            "form": "campionati",
            "pos": "NOM",
            "lemma": "campionato",
            "has_context": "true",
            "is_title": "false"
        },
        {
            "id": 224,
            "form": "nazionali",
            "pos": "ADJ",
            "lemma": "nazionale",
            "has_context": "true",
            "is_title": "false"
        },
        {
            "id": 225,
            "form": ".",
            "pos": "SENT",
            "lemma": ".",
            "has_context": "false",
            "is_title": "false"
        },
        {
            "id": 226,
            "form": "Per",
            "pos": "PRE",
            "lemma": "per",
            "has_context": "false",
            "is_title": "false"
        },
        {
            "id": 227,
            "form": "questo",
            "pos": "PRO",
            "lemma": "questo",
            "has_context": "false",
            "is_title": "false"
        },
        {
            "id": 228,
            "form": "motivo",
            "pos": "NOM",
            "lemma": "motivo",
            "has_context": "true",
            "is_title": "false"
        },
        {
            "id": 229,
            "form": "Luca",
            "pos": "NPR",
            "lemma": "Luca",
            "has_context": "false",
            "is_title": "false"
        },
        {
            "id": 230,
            "form": "è",
            "pos": "VER",
            "lemma": "essere",
            "has_context": "false",
            "is_title": "false"
        },
        {
            "id": 231,
            "form": "felicissimo",
            "pos": "ADJ",
            "lemma": "felice",
            "has_context": "false",
            "is_title": "false"
        },
        {
            "id": 232,
            "form": ".",
            "pos": "SENT",
            "lemma": ".",
            "has_context": "false",
            "is_title": "false"
        }
    ]
