    [
        {
            "id": 1,
            "form": "Influenza",
            "pos": "VER",
            "lemma": "influenzare",
            "has_context": "true",
            "is_title": "true"
        },
        {
            "id": 2,
            "form": "Il",
            "pos": "DET",
            "lemma": "il",
            "has_context": "false",
            "is_title": "false"
        },
        {
            "id": 3,
            "form": "Ministro",
            "pos": "NOM",
            "lemma": "ministro",
            "has_context": "true",
            "is_title": "false"
        },
        {
            "id": 4,
            "form": "della",
            "pos": "PRE",
            "lemma": "del",
            "has_context": "false",
            "is_title": "false"
        },
        {
            "id": 5,
            "form": "Sanità",
            "pos": "NOM",
            "lemma": "sanità",
            "has_context": "true",
            "is_title": "false"
        },
        {
            "id": 6,
            "form": "ha",
            "pos": "VER",
            "lemma": "avere",
            "has_context": "false",
            "is_title": "false"
        },
        {
            "id": 7,
            "form": "detto",
            "pos": "VER",
            "lemma": "dire",
            "has_context": "false",
            "is_title": "false"
        },
        {
            "id": 8,
            "form": "in",
            "pos": "PRE",
            "lemma": "in",
            "has_context": "false",
            "is_title": "false"
        },
        {
            "id": 9,
            "form": "un’",
            "pos": "DET",
            "lemma": "un",
            "has_context": "false",
            "is_title": "false"
        },
        {
            "id": 10,
            "form": "intervista",
            "pos": "NOM",
            "lemma": "intervista",
            "has_context": "true",
            "is_title": "false"
        },
        {
            "id": 11,
            "form": "che",
            "pos": "PRO",
            "lemma": "che",
            "has_context": "false",
            "is_title": "false"
        },
        {
            "id": 12,
            "form": "visto",
            "pos": "VER",
            "lemma": "vedere",
            "has_context": "false",
            "is_title": "false"
        },
        {
            "id": 13,
            "form": "che",
            "pos": "PRO",
            "lemma": "che",
            "has_context": "false",
            "is_title": "false"
        },
        {
            "id": 14,
            "form": "questo",
            "pos": "PRO",
            "lemma": "questo",
            "has_context": "false",
            "is_title": "false"
        },
        {
            "id": 15,
            "form": "sarà",
            "pos": "VER",
            "lemma": "essere",
            "has_context": "false",
            "is_title": "false"
        },
        {
            "id": 16,
            "form": "un",
            "pos": "DET",
            "lemma": "un",
            "has_context": "false",
            "is_title": "false"
        },
        {
            "id": 17,
            "form": "inverno",
            "pos": "NOM",
            "lemma": "inverno",
            "has_context": "false",
            "is_title": "false"
        },
        {
            "id": 18,
            "form": "freddo",
            "pos": "ADJ",
            "lemma": "freddo",
            "has_context": "false",
            "is_title": "false"
        },
        {
            "id": 19,
            "form": ",",
            "pos": "PON",
            "lemma": ",",
            "has_context": "false",
            "is_title": "false"
        },
        {
            "id": 20,
            "form": "ci",
            "pos": "PRO",
            "lemma": "ci",
            "has_context": "false",
            "is_title": "false"
        },
        {
            "id": 21,
            "form": "si",
            "pos": "PRO",
            "lemma": "si",
            "has_context": "false",
            "is_title": "false"
        },
        {
            "id": 22,
            "form": "aspetta",
            "pos": "VER",
            "lemma": "aspettare",
            "has_context": "false",
            "is_title": "false"
        },
        {
            "id": 23,
            "form": "un",
            "pos": "DET",
            "lemma": "un",
            "has_context": "false",
            "is_title": "false"
        },
        {
            "id": 24,
            "form": "aumento",
            "pos": "NOM",
            "lemma": "aumento",
            "has_context": "true",
            "is_title": "false"
        },
        {
            "id": 25,
            "form": "dei",
            "pos": "PRE",
            "lemma": "del",
            "has_context": "false",
            "is_title": "false"
        },
        {
            "id": 26,
            "form": "casi",
            "pos": "NOM",
            "lemma": "caso",
            "has_context": "true",
            "is_title": "false"
        },
        {
            "id": 27,
            "form": "di",
            "pos": "PRE",
            "lemma": "di",
            "has_context": "false",
            "is_title": "false"
        },
        {
            "id": 28,
            "form": "influenza",
            "pos": "NOM",
            "lemma": "influenza",
            "has_context": "true",
            "is_title": "false"
        },
        {
            "id": 29,
            "form": ".",
            "pos": "SENT",
            "lemma": ".",
            "has_context": "false",
            "is_title": "false"
        },
        {
            "id": 30,
            "form": "In",
            "pos": "PRE",
            "lemma": "in",
            "has_context": "false",
            "is_title": "false"
        },
        {
            "id": 31,
            "form": "particolare",
            "pos": "NOM",
            "lemma": "particolare",
            "has_context": "true",
            "is_title": "false"
        },
        {
            "id": 32,
            "form": "quest’",
            "pos": "ADJ",
            "lemma": "questo",
            "has_context": "false",
            "is_title": "false"
        },
        {
            "id": 33,
            "form": "anno",
            "pos": "NOM",
            "lemma": "anno",
            "has_context": "false",
            "is_title": "false"
        },
        {
            "id": 34,
            "form": "sarà",
            "pos": "VER",
            "lemma": "essere",
            "has_context": "false",
            "is_title": "false"
        },
        {
            "id": 35,
            "form": "molto",
            "pos": "ADV",
            "lemma": "molto",
            "has_context": "false",
            "is_title": "false"
        },
        {
            "id": 36,
            "form": "facile",
            "pos": "ADJ",
            "lemma": "facile",
            "has_context": "false",
            "is_title": "false"
        },
        {
            "id": 37,
            "form": "ammalarsi",
            "pos": "VER",
            "lemma": "ammalare",
            "has_context": "true",
            "is_title": "false"
        },
        {
            "id": 38,
            "form": "di",
            "pos": "PRE",
            "lemma": "di",
            "has_context": "false",
            "is_title": "false"
        },
        {
            "id": 39,
            "form": "una",
            "pos": "DET",
            "lemma": "una",
            "has_context": "false",
            "is_title": "false"
        },
        {
            "id": 40,
            "form": "brutta",
            "pos": "ADJ",
            "lemma": "brutto",
            "has_context": "false",
            "is_title": "false"
        },
        {
            "id": 41,
            "form": "influenza",
            "pos": "NOM",
            "lemma": "influenza",
            "has_context": "true",
            "is_title": "false"
        },
        {
            "id": 42,
            "form": ",",
            "pos": "PON",
            "lemma": ",",
            "has_context": "false",
            "is_title": "false"
        },
        {
            "id": 43,
            "form": "che",
            "pos": "PRO",
            "lemma": "che",
            "has_context": "false",
            "is_title": "false"
        },
        {
            "id": 44,
            "form": "viene",
            "pos": "VER",
            "lemma": "venire",
            "has_context": "false",
            "is_title": "false"
        },
        {
            "id": 45,
            "form": "chiamata",
            "pos": "VER",
            "lemma": "chiamare",
            "has_context": "false",
            "is_title": "false"
        },
        {
            "id": 46,
            "form": "“",
            "pos": "NOM",
            "lemma": "“",
            "has_context": "false",
            "is_title": "false"
        },
        {
            "id": 47,
            "form": "influenza",
            "pos": "NOM",
            "lemma": "influenza",
            "has_context": "true",
            "is_title": "false"
        },
        {
            "id": 48,
            "form": "siberiana",
            "pos": "ADJ",
            "lemma": "siberiano",
            "has_context": "false",
            "is_title": "false"
        },
        {
            "id": 49,
            "form": "”",
            "pos": "NOM",
            "lemma": "”",
            "has_context": "false",
            "is_title": "false"
        },
        {
            "id": 50,
            "form": ",",
            "pos": "PON",
            "lemma": ",",
            "has_context": "false",
            "is_title": "false"
        },
        {
            "id": 51,
            "form": "perché",
            "pos": "CON",
            "lemma": "perché",
            "has_context": "false",
            "is_title": "false"
        },
        {
            "id": 52,
            "form": "comincerà",
            "pos": "VER",
            "lemma": "cominciare",
            "has_context": "false",
            "is_title": "false"
        },
        {
            "id": 53,
            "form": "a",
            "pos": "PRE",
            "lemma": "a",
            "has_context": "false",
            "is_title": "false"
        },
        {
            "id": 54,
            "form": "diffondersi",
            "pos": "VER",
            "lemma": "diffondere",
            "has_context": "true",
            "is_title": "false"
        },
        {
            "id": 55,
            "form": "in",
            "pos": "PRE",
            "lemma": "in",
            "has_context": "false",
            "is_title": "false"
        },
        {
            "id": 56,
            "form": "inverno",
            "pos": "NOM",
            "lemma": "inverno",
            "has_context": "false",
            "is_title": "false"
        },
        {
            "id": 57,
            "form": ",",
            "pos": "PON",
            "lemma": ",",
            "has_context": "false",
            "is_title": "false"
        },
        {
            "id": 58,
            "form": "approfittando",
            "pos": "VER",
            "lemma": "approfittare",
            "has_context": "true",
            "is_title": "false"
        },
        {
            "id": 59,
            "form": "del",
            "pos": "PRE",
            "lemma": "del",
            "has_context": "false",
            "is_title": "false"
        },
        {
            "id": 60,
            "form": "freddo",
            "pos": "NOM",
            "lemma": "freddo",
            "has_context": "false",
            "is_title": "false"
        },
        {
            "id": 61,
            "form": ".",
            "pos": "SENT",
            "lemma": ".",
            "has_context": "false",
            "is_title": "false"
        },
        {
            "id": 62,
            "form": "I",
            "pos": "DET",
            "lemma": "il",
            "has_context": "false",
            "is_title": "false"
        },
        {
            "id": 63,
            "form": "bambini",
            "pos": "NOM",
            "lemma": "bambino",
            "has_context": "false",
            "is_title": "false"
        },
        {
            "id": 64,
            "form": "e",
            "pos": "CON",
            "lemma": "e",
            "has_context": "false",
            "is_title": "false"
        },
        {
            "id": 65,
            "form": "le",
            "pos": "DET",
            "lemma": "il",
            "has_context": "false",
            "is_title": "false"
        },
        {
            "id": 66,
            "form": "persone",
            "pos": "NOM",
            "lemma": "persona",
            "has_context": "false",
            "is_title": "false"
        },
        {
            "id": 67,
            "form": "anziane",
            "pos": "ADJ",
            "lemma": "anziano",
            "has_context": "false",
            "is_title": "false"
        },
        {
            "id": 68,
            "form": "sono",
            "pos": "VER",
            "lemma": "essere",
            "has_context": "false",
            "is_title": "false"
        },
        {
            "id": 69,
            "form": "quelli",
            "pos": "PRO",
            "lemma": "quello",
            "has_context": "false",
            "is_title": "false"
        },
        {
            "id": 70,
            "form": "che",
            "pos": "PRO",
            "lemma": "che",
            "has_context": "false",
            "is_title": "false"
        },
        {
            "id": 71,
            "form": "rischiano",
            "pos": "VER",
            "lemma": "rischiare",
            "has_context": "true",
            "is_title": "false"
        },
        {
            "id": 72,
            "form": "di",
            "pos": "PRE",
            "lemma": "di",
            "has_context": "false",
            "is_title": "false"
        },
        {
            "id": 73,
            "form": "ammalarsi",
            "pos": "VER",
            "lemma": "ammalare",
            "has_context": "true",
            "is_title": "false"
        },
        {
            "id": 74,
            "form": "più",
            "pos": "ADV",
            "lemma": "più",
            "has_context": "false",
            "is_title": "false"
        },
        {
            "id": 75,
            "form": "facilmente",
            "pos": "ADV",
            "lemma": "facilmente",
            "has_context": "true",
            "is_title": "false"
        },
        {
            "id": 76,
            "form": ".",
            "pos": "SENT",
            "lemma": ".",
            "has_context": "false",
            "is_title": "false"
        },
        {
            "id": 77,
            "form": "Infatti",
            "pos": "CON",
            "lemma": "infatti",
            "has_context": "false",
            "is_title": "false"
        },
        {
            "id": 78,
            "form": "a",
            "pos": "PRE",
            "lemma": "a",
            "has_context": "false",
            "is_title": "false"
        },
        {
            "id": 79,
            "form": "loro",
            "pos": "PRO",
            "lemma": "loro",
            "has_context": "false",
            "is_title": "false"
        },
        {
            "id": 80,
            "form": "si",
            "pos": "PRO",
            "lemma": "si",
            "has_context": "false",
            "is_title": "false"
        },
        {
            "id": 81,
            "form": "consiglia",
            "pos": "VER",
            "lemma": "consigliare",
            "has_context": "true",
            "is_title": "false"
        },
        {
            "id": 82,
            "form": "di",
            "pos": "PRE",
            "lemma": "di",
            "has_context": "false",
            "is_title": "false"
        },
        {
            "id": 83,
            "form": "fare",
            "pos": "VER",
            "lemma": "fare",
            "has_context": "false",
            "is_title": "false"
        },
        {
            "id": 84,
            "form": "un",
            "pos": "DET",
            "lemma": "un",
            "has_context": "false",
            "is_title": "false"
        },
        {
            "id": 85,
            "form": "vaccino",
            "pos": "NOM",
            "lemma": "vaccino",
            "has_context": "true",
            "is_title": "false"
        },
        {
            "id": 86,
            "form": "per",
            "pos": "PRE",
            "lemma": "per",
            "has_context": "false",
            "is_title": "false"
        },
        {
            "id": 87,
            "form": "evitare",
            "pos": "VER",
            "lemma": "evitare",
            "has_context": "true",
            "is_title": "false"
        },
        {
            "id": 88,
            "form": "di",
            "pos": "PRE",
            "lemma": "di",
            "has_context": "false",
            "is_title": "false"
        },
        {
            "id": 89,
            "form": "ammalarsi",
            "pos": "VER",
            "lemma": "ammalare",
            "has_context": "true",
            "is_title": "false"
        },
        {
            "id": 90,
            "form": ".",
            "pos": "SENT",
            "lemma": ".",
            "has_context": "false",
            "is_title": "false"
        },
        {
            "id": 91,
            "form": "I",
            "pos": "DET",
            "lemma": "il",
            "has_context": "false",
            "is_title": "false"
        },
        {
            "id": 92,
            "form": "sintomi",
            "pos": "NOM",
            "lemma": "sintomo",
            "has_context": "true",
            "is_title": "false"
        },
        {
            "id": 93,
            "form": "dell’",
            "pos": "PRE",
            "lemma": "del",
            "has_context": "false",
            "is_title": "false"
        },
        {
            "id": 94,
            "form": "influenza",
            "pos": "NOM",
            "lemma": "influenza",
            "has_context": "true",
            "is_title": "false"
        },
        {
            "id": 95,
            "form": "siberiana",
            "pos": "ADJ",
            "lemma": "siberiano",
            "has_context": "false",
            "is_title": "false"
        },
        {
            "id": 96,
            "form": "sono",
            "pos": "VER",
            "lemma": "essere",
            "has_context": "false",
            "is_title": "false"
        },
        {
            "id": 97,
            "form": ":",
            "pos": "PON",
            "lemma": ":",
            "has_context": "false",
            "is_title": "false"
        },
        {
            "id": 98,
            "form": "mal",
            "pos": "NOM",
            "lemma": "male",
            "has_context": "false",
            "is_title": "false"
        },
        {
            "id": 99,
            "form": "di",
            "pos": "PRE",
            "lemma": "di",
            "has_context": "false",
            "is_title": "false"
        },
        {
            "id": 100,
            "form": "gola",
            "pos": "NOM",
            "lemma": "gola",
            "has_context": "true",
            "is_title": "false"
        },
        {
            "id": 101,
            "form": ",",
            "pos": "PON",
            "lemma": ",",
            "has_context": "false",
            "is_title": "false"
        },
        {
            "id": 102,
            "form": "tosse",
            "pos": "NOM",
            "lemma": "tosse",
            "has_context": "false",
            "is_title": "false"
        },
        {
            "id": 103,
            "form": "e",
            "pos": "CON",
            "lemma": "e",
            "has_context": "false",
            "is_title": "false"
        },
        {
            "id": 104,
            "form": "febbre",
            "pos": "NOM",
            "lemma": "febbre",
            "has_context": "false",
            "is_title": "false"
        },
        {
            "id": 105,
            "form": ".",
            "pos": "SENT",
            "lemma": ".",
            "has_context": "false",
            "is_title": "false"
        },
        {
            "id": 106,
            "form": "La",
            "pos": "DET",
            "lemma": "il",
            "has_context": "false",
            "is_title": "false"
        },
        {
            "id": 107,
            "form": "febbre",
            "pos": "NOM",
            "lemma": "febbre",
            "has_context": "false",
            "is_title": "false"
        },
        {
            "id": 108,
            "form": "di",
            "pos": "PRE",
            "lemma": "di",
            "has_context": "false",
            "is_title": "false"
        },
        {
            "id": 109,
            "form": "solito",
            "pos": "NOM",
            "lemma": "solito",
            "has_context": "false",
            "is_title": "false"
        },
        {
            "id": 110,
            "form": "dura",
            "pos": "ADJ",
            "lemma": "duro",
            "has_context": "true",
            "is_title": "false"
        },
        {
            "id": 111,
            "form": "per",
            "pos": "PRE",
            "lemma": "per",
            "has_context": "false",
            "is_title": "false"
        },
        {
            "id": 112,
            "form": "tre",
            "pos": "ADJ",
            "lemma": "tre",
            "has_context": "false",
            "is_title": "false"
        },
        {
            "id": 113,
            "form": "o",
            "pos": "CON",
            "lemma": "o",
            "has_context": "false",
            "is_title": "false"
        },
        {
            "id": 114,
            "form": "quattro",
            "pos": "ADJ",
            "lemma": "quattro",
            "has_context": "false",
            "is_title": "false"
        },
        {
            "id": 115,
            "form": "giorni",
            "pos": "NOM",
            "lemma": "giorno",
            "has_context": "false",
            "is_title": "false"
        },
        {
            "id": 116,
            "form": ".",
            "pos": "SENT",
            "lemma": ".",
            "has_context": "false",
            "is_title": "false"
        },
        {
            "id": 117,
            "form": "Chi",
            "pos": "PRO",
            "lemma": "chi",
            "has_context": "false",
            "is_title": "false"
        },
        {
            "id": 118,
            "form": "dovesse",
            "pos": "VER",
            "lemma": "dovere",
            "has_context": "false",
            "is_title": "false"
        },
        {
            "id": 119,
            "form": "avere",
            "pos": "VER",
            "lemma": "avere",
            "has_context": "false",
            "is_title": "false"
        },
        {
            "id": 120,
            "form": "questi",
            "pos": "ADJ",
            "lemma": "questo",
            "has_context": "false",
            "is_title": "false"
        },
        {
            "id": 121,
            "form": "sintomi",
            "pos": "NOM",
            "lemma": "sintomo",
            "has_context": "true",
            "is_title": "false"
        },
        {
            "id": 122,
            "form": "può",
            "pos": "VER",
            "lemma": "potere",
            "has_context": "false",
            "is_title": "false"
        },
        {
            "id": 123,
            "form": "rivolgersi",
            "pos": "VER",
            "lemma": "rivolgere",
            "has_context": "true",
            "is_title": "false"
        },
        {
            "id": 124,
            "form": "al",
            "pos": "PRE",
            "lemma": "al",
            "has_context": "false",
            "is_title": "false"
        },
        {
            "id": 125,
            "form": "medico",
            "pos": "NOM",
            "lemma": "medico",
            "has_context": "false",
            "is_title": "false"
        },
        {
            "id": 126,
            "form": ",",
            "pos": "PON",
            "lemma": ",",
            "has_context": "false",
            "is_title": "false"
        },
        {
            "id": 127,
            "form": "che",
            "pos": "PRO",
            "lemma": "che",
            "has_context": "false",
            "is_title": "false"
        },
        {
            "id": 128,
            "form": "sicuramente",
            "pos": "ADV",
            "lemma": "sicuramente",
            "has_context": "true",
            "is_title": "false"
        },
        {
            "id": 129,
            "form": "potrà",
            "pos": "VER",
            "lemma": "potere",
            "has_context": "false",
            "is_title": "false"
        },
        {
            "id": 130,
            "form": "consigliare",
            "pos": "VER",
            "lemma": "consigliare",
            "has_context": "true",
            "is_title": "false"
        },
        {
            "id": 131,
            "form": "la",
            "pos": "DET",
            "lemma": "il",
            "has_context": "false",
            "is_title": "false"
        },
        {
            "id": 132,
            "form": "cura",
            "pos": "NOM",
            "lemma": "cura",
            "has_context": "true",
            "is_title": "false"
        },
        {
            "id": 133,
            "form": "giusta",
            "pos": "ADJ",
            "lemma": "giusto",
            "has_context": "false",
            "is_title": "false"
        },
        {
            "id": 134,
            "form": ".",
            "pos": "SENT",
            "lemma": ".",
            "has_context": "false",
            "is_title": "false"
        },
        {
            "id": 135,
            "form": "Dall’",
            "pos": "PRE",
            "lemma": "dal",
            "has_context": "false",
            "is_title": "false"
        },
        {
            "id": 136,
            "form": "influenza",
            "pos": "NOM",
            "lemma": "influenza",
            "has_context": "true",
            "is_title": "false"
        },
        {
            "id": 137,
            "form": "siberiana",
            "pos": "ADJ",
            "lemma": "siberiano",
            "has_context": "false",
            "is_title": "false"
        },
        {
            "id": 138,
            "form": "si",
            "pos": "PRO",
            "lemma": "si",
            "has_context": "false",
            "is_title": "false"
        },
        {
            "id": 139,
            "form": "guarisce",
            "pos": "VER",
            "lemma": "guarire",
            "has_context": "true",
            "is_title": "false"
        },
        {
            "id": 140,
            "form": "in",
            "pos": "PRE",
            "lemma": "in",
            "has_context": "false",
            "is_title": "false"
        },
        {
            "id": 141,
            "form": "cinque",
            "pos": "ADJ",
            "lemma": "cinque",
            "has_context": "false",
            "is_title": "false"
        },
        {
            "id": 142,
            "form": "giorni",
            "pos": "NOM",
            "lemma": "giorno",
            "has_context": "false",
            "is_title": "false"
        },
        {
            "id": 143,
            "form": "se",
            "pos": "CON",
            "lemma": "se",
            "has_context": "false",
            "is_title": "false"
        },
        {
            "id": 144,
            "form": "si",
            "pos": "PRO",
            "lemma": "si",
            "has_context": "false",
            "is_title": "false"
        },
        {
            "id": 145,
            "form": "assumono",
            "pos": "VER",
            "lemma": "assumere",
            "has_context": "true",
            "is_title": "false"
        },
        {
            "id": 146,
            "form": "le",
            "pos": "DET",
            "lemma": "il",
            "has_context": "false",
            "is_title": "false"
        },
        {
            "id": 147,
            "form": "medicine",
            "pos": "NOM",
            "lemma": "medicina",
            "has_context": "false",
            "is_title": "false"
        },
        {
            "id": 148,
            "form": "giuste",
            "pos": "ADJ",
            "lemma": "giusto",
            "has_context": "false",
            "is_title": "false"
        },
        {
            "id": 149,
            "form": ".",
            "pos": "SENT",
            "lemma": ".",
            "has_context": "false",
            "is_title": "false"
        },
        {
            "id": 150,
            "form": "Ovviamente",
            "pos": "ADV",
            "lemma": "ovviamente",
            "has_context": "true",
            "is_title": "false"
        },
        {
            "id": 151,
            "form": "si",
            "pos": "PRO",
            "lemma": "si",
            "has_context": "false",
            "is_title": "false"
        },
        {
            "id": 152,
            "form": "consiglia",
            "pos": "VER",
            "lemma": "consigliare",
            "has_context": "true",
            "is_title": "false"
        },
        {
            "id": 153,
            "form": "di",
            "pos": "PRE",
            "lemma": "di",
            "has_context": "false",
            "is_title": "false"
        },
        {
            "id": 154,
            "form": "rimanere",
            "pos": "VER",
            "lemma": "rimanere",
            "has_context": "false",
            "is_title": "false"
        },
        {
            "id": 155,
            "form": "a",
            "pos": "PRE",
            "lemma": "a",
            "has_context": "false",
            "is_title": "false"
        },
        {
            "id": 156,
            "form": "letto",
            "pos": "NOM",
            "lemma": "letto",
            "has_context": "false",
            "is_title": "false"
        },
        {
            "id": 157,
            "form": "al",
            "pos": "PRE",
            "lemma": "al",
            "has_context": "false",
            "is_title": "false"
        },
        {
            "id": 158,
            "form": "caldo",
            "pos": "NOM",
            "lemma": "caldo",
            "has_context": "false",
            "is_title": "false"
        },
        {
            "id": 159,
            "form": "e",
            "pos": "CON",
            "lemma": "e",
            "has_context": "false",
            "is_title": "false"
        },
        {
            "id": 160,
            "form": "di",
            "pos": "PRE",
            "lemma": "di",
            "has_context": "false",
            "is_title": "false"
        },
        {
            "id": 161,
            "form": "non",
            "pos": "ADV",
            "lemma": "non",
            "has_context": "false",
            "is_title": "false"
        },
        {
            "id": 162,
            "form": "uscire",
            "pos": "VER",
            "lemma": "uscire",
            "has_context": "false",
            "is_title": "false"
        },
        {
            "id": 163,
            "form": "se",
            "pos": "CON",
            "lemma": "se",
            "has_context": "false",
            "is_title": "false"
        },
        {
            "id": 164,
            "form": "si",
            "pos": "PRO",
            "lemma": "si",
            "has_context": "false",
            "is_title": "false"
        },
        {
            "id": 165,
            "form": "è",
            "pos": "VER",
            "lemma": "essere",
            "has_context": "false",
            "is_title": "false"
        },
        {
            "id": 166,
            "form": "ammalati",
            "pos": "ADJ",
            "lemma": "ammalato",
            "has_context": "true",
            "is_title": "false"
        },
        {
            "id": 167,
            "form": ".",
            "pos": "SENT",
            "lemma": ".",
            "has_context": "false",
            "is_title": "false"
        },
        {
            "id": 168,
            "form": "Il",
            "pos": "DET",
            "lemma": "il",
            "has_context": "false",
            "is_title": "false"
        },
        {
            "id": 169,
            "form": "Ministro",
            "pos": "NOM",
            "lemma": "ministro",
            "has_context": "true",
            "is_title": "false"
        },
        {
            "id": 170,
            "form": "invita",
            "pos": "VER",
            "lemma": "invitare",
            "has_context": "false",
            "is_title": "false"
        },
        {
            "id": 171,
            "form": "inoltre",
            "pos": "CON",
            "lemma": "inoltre",
            "has_context": "false",
            "is_title": "false"
        },
        {
            "id": 172,
            "form": "a",
            "pos": "PRE",
            "lemma": "a",
            "has_context": "false",
            "is_title": "false"
        },
        {
            "id": 173,
            "form": "indossare",
            "pos": "VER",
            "lemma": "indossare",
            "has_context": "false",
            "is_title": "false"
        },
        {
            "id": 174,
            "form": "vestiti",
            "pos": "NOM",
            "lemma": "vestito",
            "has_context": "false",
            "is_title": "false"
        },
        {
            "id": 175,
            "form": "pesanti",
            "pos": "ADJ",
            "lemma": "pesante",
            "has_context": "false",
            "is_title": "false"
        },
        {
            "id": 176,
            "form": "e",
            "pos": "CON",
            "lemma": "e",
            "has_context": "false",
            "is_title": "false"
        },
        {
            "id": 177,
            "form": "ad",
            "pos": "PRE",
            "lemma": "ad",
            "has_context": "false",
            "is_title": "false"
        },
        {
            "id": 178,
            "form": "assumere",
            "pos": "VER",
            "lemma": "assumere",
            "has_context": "true",
            "is_title": "false"
        },
        {
            "id": 179,
            "form": "molta",
            "pos": "PRO",
            "lemma": "molto",
            "has_context": "false",
            "is_title": "false"
        },
        {
            "id": 180,
            "form": "vitamina",
            "pos": "NOM",
            "lemma": "vitamina",
            "has_context": "true",
            "is_title": "false"
        },
        {
            "id": 181,
            "form": "C",
            "pos": "NUM",
            "lemma": "C",
            "has_context": "false",
            "is_title": "false"
        },
        {
            "id": 182,
            "form": ".",
            "pos": "SENT",
            "lemma": ".",
            "has_context": "false",
            "is_title": "false"
        }
    ]
