    [
        {
            "id": 1,
            "form": "La",
            "pos": "DET",
            "lemma": "il",
            "has_context": "false",
            "is_title": "true"
        },
        {
            "id": 2,
            "form": "fabbrica",
            "pos": "NOM",
            "lemma": "fabbrica",
            "has_context": "false",
            "is_title": "true"
        },
        {
            "id": 3,
            "form": "della",
            "pos": "PRE",
            "lemma": "del",
            "has_context": "false",
            "is_title": "true"
        },
        {
            "id": 4,
            "form": "Ferrari",
            "pos": "NPR",
            "lemma": "Ferrari",
            "has_context": "false",
            "is_title": "true"
        },
        {
            "id": 5,
            "form": "Dove",
            "pos": "ADV",
            "lemma": "dove",
            "has_context": "false",
            "is_title": "false"
        },
        {
            "id": 6,
            "form": "nascono",
            "pos": "VER",
            "lemma": "nascere",
            "has_context": "false",
            "is_title": "false"
        },
        {
            "id": 7,
            "form": "quelle",
            "pos": "ADJ",
            "lemma": "quello",
            "has_context": "false",
            "is_title": "false"
        },
        {
            "id": 8,
            "form": "automobili",
            "pos": "NOM",
            "lemma": "automobile",
            "has_context": "false",
            "is_title": "false"
        },
        {
            "id": 9,
            "form": "rosse",
            "pos": "ADJ",
            "lemma": "rosso",
            "has_context": "false",
            "is_title": "false"
        },
        {
            "id": 10,
            "form": "che",
            "pos": "PRO",
            "lemma": "che",
            "has_context": "false",
            "is_title": "false"
        },
        {
            "id": 11,
            "form": "ci",
            "pos": "PRO",
            "lemma": "ci",
            "has_context": "false",
            "is_title": "false"
        },
        {
            "id": 12,
            "form": "fanno",
            "pos": "VER",
            "lemma": "fare",
            "has_context": "false",
            "is_title": "false"
        },
        {
            "id": 13,
            "form": "girare",
            "pos": "VER",
            "lemma": "girare",
            "has_context": "false",
            "is_title": "false"
        },
        {
            "id": 14,
            "form": "la",
            "pos": "DET",
            "lemma": "il",
            "has_context": "false",
            "is_title": "false"
        },
        {
            "id": 15,
            "form": "testa",
            "pos": "NOM",
            "lemma": "testa",
            "has_context": "false",
            "is_title": "false"
        },
        {
            "id": 16,
            "form": "quando",
            "pos": "CON",
            "lemma": "quando",
            "has_context": "false",
            "is_title": "false"
        },
        {
            "id": 17,
            "form": "passano",
            "pos": "VER",
            "lemma": "passare",
            "has_context": "false",
            "is_title": "false"
        },
        {
            "id": 18,
            "form": "?",
            "pos": "SENT",
            "lemma": "?",
            "has_context": "false",
            "is_title": "false"
        },
        {
            "id": 19,
            "form": "Dov’",
            "pos": "ADV",
            "lemma": "dove",
            "has_context": "false",
            "is_title": "false"
        },
        {
            "id": 20,
            "form": "è",
            "pos": "VER",
            "lemma": "essere",
            "has_context": "false",
            "is_title": "false"
        },
        {
            "id": 21,
            "form": "la",
            "pos": "DET",
            "lemma": "il",
            "has_context": "false",
            "is_title": "false"
        },
        {
            "id": 22,
            "form": "fabbrica",
            "pos": "NOM",
            "lemma": "fabbrica",
            "has_context": "false",
            "is_title": "false"
        },
        {
            "id": 23,
            "form": "della",
            "pos": "PRE",
            "lemma": "del",
            "has_context": "false",
            "is_title": "false"
        },
        {
            "id": 24,
            "form": "Ferrari",
            "pos": "NPR",
            "lemma": "Ferrari",
            "has_context": "false",
            "is_title": "false"
        },
        {
            "id": 25,
            "form": ",",
            "pos": "PON",
            "lemma": ",",
            "has_context": "false",
            "is_title": "false"
        },
        {
            "id": 26,
            "form": "in",
            "pos": "PRE",
            "lemma": "in",
            "has_context": "false",
            "is_title": "false"
        },
        {
            "id": 27,
            "form": "cui",
            "pos": "PRO",
            "lemma": "cui",
            "has_context": "false",
            "is_title": "false"
        },
        {
            "id": 28,
            "form": "ingegneri",
            "pos": "NOM",
            "lemma": "ingegnere",
            "has_context": "false",
            "is_title": "false"
        },
        {
            "id": 29,
            "form": "e",
            "pos": "CON",
            "lemma": "e",
            "has_context": "false",
            "is_title": "false"
        },
        {
            "id": 30,
            "form": "tecnici",
            "pos": "NOM",
            "lemma": "tecnico",
            "has_context": "false",
            "is_title": "false"
        },
        {
            "id": 31,
            "form": "specializzati",
            "pos": "ADJ",
            "lemma": "specializzato",
            "has_context": "true",
            "is_title": "false"
        },
        {
            "id": 32,
            "form": "progettano",
            "pos": "VER",
            "lemma": "progettare",
            "has_context": "true",
            "is_title": "false"
        },
        {
            "id": 33,
            "form": "e",
            "pos": "CON",
            "lemma": "e",
            "has_context": "false",
            "is_title": "false"
        },
        {
            "id": 34,
            "form": "costruiscono",
            "pos": "VER",
            "lemma": "costruire",
            "has_context": "true",
            "is_title": "false"
        },
        {
            "id": 35,
            "form": "le",
            "pos": "DET",
            "lemma": "il",
            "has_context": "false",
            "is_title": "false"
        },
        {
            "id": 36,
            "form": "automobili",
            "pos": "NOM",
            "lemma": "automobile",
            "has_context": "false",
            "is_title": "false"
        },
        {
            "id": 37,
            "form": "più",
            "pos": "ADV",
            "lemma": "più",
            "has_context": "false",
            "is_title": "false"
        },
        {
            "id": 38,
            "form": "veloci",
            "pos": "ADJ",
            "lemma": "veloce",
            "has_context": "false",
            "is_title": "false"
        },
        {
            "id": 39,
            "form": "del",
            "pos": "PRE",
            "lemma": "del",
            "has_context": "false",
            "is_title": "false"
        },
        {
            "id": 40,
            "form": "mondo",
            "pos": "NOM",
            "lemma": "mondo",
            "has_context": "false",
            "is_title": "false"
        },
        {
            "id": 41,
            "form": "?",
            "pos": "SENT",
            "lemma": "?",
            "has_context": "false",
            "is_title": "false"
        },
        {
            "id": 42,
            "form": "La",
            "pos": "DET",
            "lemma": "il",
            "has_context": "false",
            "is_title": "false"
        },
        {
            "id": 43,
            "form": "risposta",
            "pos": "NOM",
            "lemma": "risposta",
            "has_context": "false",
            "is_title": "false"
        },
        {
            "id": 44,
            "form": "è",
            "pos": "VER",
            "lemma": "essere",
            "has_context": "false",
            "is_title": "false"
        },
        {
            "id": 45,
            "form": "semplice",
            "pos": "ADJ",
            "lemma": "semplice",
            "has_context": "true",
            "is_title": "false"
        },
        {
            "id": 46,
            "form": ":",
            "pos": "PON",
            "lemma": ":",
            "has_context": "false",
            "is_title": "false"
        },
        {
            "id": 47,
            "form": "a",
            "pos": "PRE",
            "lemma": "a",
            "has_context": "false",
            "is_title": "false"
        },
        {
            "id": 48,
            "form": "Maranello",
            "pos": "NPR",
            "lemma": "Maranello",
            "has_context": "false",
            "is_title": "false"
        },
        {
            "id": 49,
            "form": ",",
            "pos": "PON",
            "lemma": ",",
            "has_context": "false",
            "is_title": "false"
        },
        {
            "id": 50,
            "form": "il",
            "pos": "DET",
            "lemma": "il",
            "has_context": "false",
            "is_title": "false"
        },
        {
            "id": 51,
            "form": "paese",
            "pos": "NOM",
            "lemma": "paese",
            "has_context": "true",
            "is_title": "false"
        },
        {
            "id": 52,
            "form": "dove",
            "pos": "PRO",
            "lemma": "dove",
            "has_context": "false",
            "is_title": "false"
        },
        {
            "id": 53,
            "form": "Enzo",
            "pos": "NPR",
            "lemma": "Enzo",
            "has_context": "false",
            "is_title": "false"
        },
        {
            "id": 54,
            "form": "Ferrari",
            "pos": "NPR",
            "lemma": "Ferrari",
            "has_context": "false",
            "is_title": "false"
        },
        {
            "id": 55,
            "form": "ha",
            "pos": "VER",
            "lemma": "avere",
            "has_context": "false",
            "is_title": "false"
        },
        {
            "id": 56,
            "form": "fondato",
            "pos": "VER",
            "lemma": "fondare",
            "has_context": "true",
            "is_title": "false"
        },
        {
            "id": 57,
            "form": "la",
            "pos": "DET",
            "lemma": "il",
            "has_context": "false",
            "is_title": "false"
        },
        {
            "id": 58,
            "form": "sua",
            "pos": "ADJ",
            "lemma": "suo",
            "has_context": "false",
            "is_title": "false"
        },
        {
            "id": 59,
            "form": "azienda",
            "pos": "NOM",
            "lemma": "azienda",
            "has_context": "true",
            "is_title": "false"
        },
        {
            "id": 60,
            "form": "e",
            "pos": "CON",
            "lemma": "e",
            "has_context": "false",
            "is_title": "false"
        },
        {
            "id": 61,
            "form": "dove",
            "pos": "PRO",
            "lemma": "dove",
            "has_context": "false",
            "is_title": "false"
        },
        {
            "id": 62,
            "form": "la",
            "pos": "DET",
            "lemma": "il",
            "has_context": "false",
            "is_title": "false"
        },
        {
            "id": 63,
            "form": "gente",
            "pos": "NOM",
            "lemma": "gente",
            "has_context": "true",
            "is_title": "false"
        },
        {
            "id": 64,
            "form": "scende",
            "pos": "VER",
            "lemma": "scendere",
            "has_context": "true",
            "is_title": "false"
        },
        {
            "id": 65,
            "form": "in",
            "pos": "PRE",
            "lemma": "in",
            "has_context": "false",
            "is_title": "false"
        },
        {
            "id": 66,
            "form": "piazza",
            "pos": "NOM",
            "lemma": "piazza",
            "has_context": "false",
            "is_title": "false"
        },
        {
            "id": 67,
            "form": "a",
            "pos": "PRE",
            "lemma": "a",
            "has_context": "false",
            "is_title": "false"
        },
        {
            "id": 68,
            "form": "festeggiare",
            "pos": "VER",
            "lemma": "festeggiare",
            "has_context": "true",
            "is_title": "false"
        },
        {
            "id": 69,
            "form": "quando",
            "pos": "CON",
            "lemma": "quando",
            "has_context": "false",
            "is_title": "false"
        },
        {
            "id": 70,
            "form": "la",
            "pos": "DET",
            "lemma": "il",
            "has_context": "false",
            "is_title": "false"
        },
        {
            "id": 71,
            "form": "Ferrari",
            "pos": "NPR",
            "lemma": "Ferrari",
            "has_context": "false",
            "is_title": "false"
        },
        {
            "id": 72,
            "form": "vince",
            "pos": "VER",
            "lemma": "vincere",
            "has_context": "true",
            "is_title": "false"
        },
        {
            "id": 73,
            "form": "un",
            "pos": "DET",
            "lemma": "un",
            "has_context": "false",
            "is_title": "false"
        },
        {
            "id": 74,
            "form": "Gran",
            "pos": "ADJ",
            "lemma": "grande",
            "has_context": "false",
            "is_title": "false"
        },
        {
            "id": 75,
            "form": "Premio",
            "pos": "NOM",
            "lemma": "premio",
            "has_context": "true",
            "is_title": "false"
        },
        {
            "id": 76,
            "form": ".",
            "pos": "SENT",
            "lemma": ".",
            "has_context": "false",
            "is_title": "false"
        },
        {
            "id": 77,
            "form": "Ogni",
            "pos": "ADJ",
            "lemma": "ogni",
            "has_context": "false",
            "is_title": "false"
        },
        {
            "id": 78,
            "form": "anno",
            "pos": "NOM",
            "lemma": "anno",
            "has_context": "false",
            "is_title": "false"
        },
        {
            "id": 79,
            "form": "molte",
            "pos": "ADJ",
            "lemma": "molto",
            "has_context": "false",
            "is_title": "false"
        },
        {
            "id": 80,
            "form": "persone",
            "pos": "NOM",
            "lemma": "persona",
            "has_context": "false",
            "is_title": "false"
        },
        {
            "id": 81,
            "form": "vanno",
            "pos": "VER",
            "lemma": "andare",
            "has_context": "false",
            "is_title": "false"
        },
        {
            "id": 82,
            "form": "a",
            "pos": "PRE",
            "lemma": "a",
            "has_context": "false",
            "is_title": "false"
        },
        {
            "id": 83,
            "form": "visitare",
            "pos": "VER",
            "lemma": "visitare",
            "has_context": "false",
            "is_title": "false"
        },
        {
            "id": 84,
            "form": "la",
            "pos": "DET",
            "lemma": "il",
            "has_context": "false",
            "is_title": "false"
        },
        {
            "id": 85,
            "form": "città",
            "pos": "NOM",
            "lemma": "città",
            "has_context": "false",
            "is_title": "false"
        },
        {
            "id": 86,
            "form": "della",
            "pos": "PRE",
            "lemma": "del",
            "has_context": "false",
            "is_title": "false"
        },
        {
            "id": 87,
            "form": "Ferrari",
            "pos": "NPR",
            "lemma": "Ferrari",
            "has_context": "false",
            "is_title": "false"
        },
        {
            "id": 88,
            "form": ".",
            "pos": "SENT",
            "lemma": ".",
            "has_context": "false",
            "is_title": "false"
        },
        {
            "id": 89,
            "form": "Quando",
            "pos": "CON",
            "lemma": "quando",
            "has_context": "false",
            "is_title": "false"
        },
        {
            "id": 90,
            "form": "arrivi",
            "pos": "VER",
            "lemma": "arrivare",
            "has_context": "false",
            "is_title": "false"
        },
        {
            "id": 91,
            "form": "nella",
            "pos": "PRE",
            "lemma": "nel",
            "has_context": "false",
            "is_title": "false"
        },
        {
            "id": 92,
            "form": "grande",
            "pos": "ADJ",
            "lemma": "grande",
            "has_context": "false",
            "is_title": "false"
        },
        {
            "id": 93,
            "form": "area",
            "pos": "NOM",
            "lemma": "area",
            "has_context": "true",
            "is_title": "false"
        },
        {
            "id": 94,
            "form": "dove",
            "pos": "PRO",
            "lemma": "dove",
            "has_context": "false",
            "is_title": "false"
        },
        {
            "id": 95,
            "form": "ci",
            "pos": "ADV",
            "lemma": "ci",
            "has_context": "false",
            "is_title": "false"
        },
        {
            "id": 96,
            "form": "sono",
            "pos": "VER",
            "lemma": "essere",
            "has_context": "false",
            "is_title": "false"
        },
        {
            "id": 97,
            "form": "gli",
            "pos": "DET",
            "lemma": "il",
            "has_context": "false",
            "is_title": "false"
        },
        {
            "id": 98,
            "form": "stabilimenti",
            "pos": "NOM",
            "lemma": "stabilimento",
            "has_context": "true",
            "is_title": "false"
        },
        {
            "id": 99,
            "form": "capisci",
            "pos": "VER",
            "lemma": "capire",
            "has_context": "false",
            "is_title": "false"
        },
        {
            "id": 100,
            "form": "subito",
            "pos": "ADV",
            "lemma": "subito",
            "has_context": "false",
            "is_title": "false"
        },
        {
            "id": 101,
            "form": "di",
            "pos": "PRE",
            "lemma": "di",
            "has_context": "false",
            "is_title": "false"
        },
        {
            "id": 102,
            "form": "trovarti",
            "pos": "VER",
            "lemma": "trovare",
            "has_context": "false",
            "is_title": "false"
        },
        {
            "id": 103,
            "form": "in",
            "pos": "PRE",
            "lemma": "in",
            "has_context": "false",
            "is_title": "false"
        },
        {
            "id": 104,
            "form": "un",
            "pos": "DET",
            "lemma": "un",
            "has_context": "false",
            "is_title": "false"
        },
        {
            "id": 105,
            "form": "posto",
            "pos": "NOM",
            "lemma": "posto",
            "has_context": "false",
            "is_title": "false"
        },
        {
            "id": 106,
            "form": "magico",
            "pos": "ADJ",
            "lemma": "magico",
            "has_context": "true",
            "is_title": "false"
        },
        {
            "id": 107,
            "form": ".",
            "pos": "SENT",
            "lemma": ".",
            "has_context": "false",
            "is_title": "false"
        },
        {
            "id": 108,
            "form": "Dal",
            "pos": "PRE",
            "lemma": "dal",
            "has_context": "false",
            "is_title": "false"
        },
        {
            "id": 109,
            "form": "viale",
            "pos": "NOM",
            "lemma": "viale",
            "has_context": "true",
            "is_title": "false"
        },
        {
            "id": 110,
            "form": "principale",
            "pos": "ADJ",
            "lemma": "principale",
            "has_context": "true",
            "is_title": "false"
        },
        {
            "id": 111,
            "form": "è",
            "pos": "VER",
            "lemma": "essere",
            "has_context": "false",
            "is_title": "false"
        },
        {
            "id": 112,
            "form": "possibile",
            "pos": "ADJ",
            "lemma": "possibile",
            "has_context": "false",
            "is_title": "false"
        },
        {
            "id": 113,
            "form": "vedere",
            "pos": "VER",
            "lemma": "vedere",
            "has_context": "false",
            "is_title": "false"
        },
        {
            "id": 114,
            "form": "gli",
            "pos": "DET",
            "lemma": "il",
            "has_context": "false",
            "is_title": "false"
        },
        {
            "id": 115,
            "form": "edifici",
            "pos": "NOM",
            "lemma": "edificio",
            "has_context": "true",
            "is_title": "false"
        },
        {
            "id": 116,
            "form": "di",
            "pos": "PRE",
            "lemma": "di",
            "has_context": "false",
            "is_title": "false"
        },
        {
            "id": 117,
            "form": "produzione",
            "pos": "NOM",
            "lemma": "produzione",
            "has_context": "true",
            "is_title": "false"
        },
        {
            "id": 118,
            "form": "delle",
            "pos": "PRE",
            "lemma": "del",
            "has_context": "false",
            "is_title": "false"
        },
        {
            "id": 119,
            "form": "automobili",
            "pos": "NOM",
            "lemma": "automobile",
            "has_context": "false",
            "is_title": "false"
        },
        {
            "id": 120,
            "form": "che",
            "pos": "PRO",
            "lemma": "che",
            "has_context": "false",
            "is_title": "false"
        },
        {
            "id": 121,
            "form": "sono",
            "pos": "VER",
            "lemma": "essere",
            "has_context": "false",
            "is_title": "false"
        },
        {
            "id": 122,
            "form": "straordinari",
            "pos": "ADJ",
            "lemma": "straordinario",
            "has_context": "true",
            "is_title": "false"
        },
        {
            "id": 123,
            "form": "perché",
            "pos": "CON",
            "lemma": "perché",
            "has_context": "false",
            "is_title": "false"
        },
        {
            "id": 124,
            "form": "li",
            "pos": "PRO",
            "lemma": "li",
            "has_context": "false",
            "is_title": "false"
        },
        {
            "id": 125,
            "form": "hanno",
            "pos": "VER",
            "lemma": "avere",
            "has_context": "false",
            "is_title": "false"
        },
        {
            "id": 126,
            "form": "pensati",
            "pos": "VER",
            "lemma": "pensare",
            "has_context": "false",
            "is_title": "false"
        },
        {
            "id": 127,
            "form": "grandi",
            "pos": "ADJ",
            "lemma": "grande",
            "has_context": "false",
            "is_title": "false"
        },
        {
            "id": 128,
            "form": "architetti",
            "pos": "NOM",
            "lemma": "architetto",
            "has_context": "true",
            "is_title": "false"
        },
        {
            "id": 129,
            "form": ".",
            "pos": "SENT",
            "lemma": ".",
            "has_context": "false",
            "is_title": "false"
        },
        {
            "id": 130,
            "form": "La",
            "pos": "DET",
            "lemma": "il",
            "has_context": "false",
            "is_title": "false"
        },
        {
            "id": 131,
            "form": "costruzione",
            "pos": "NOM",
            "lemma": "costruzione",
            "has_context": "true",
            "is_title": "false"
        },
        {
            "id": 132,
            "form": "delle",
            "pos": "PRE",
            "lemma": "del",
            "has_context": "false",
            "is_title": "false"
        },
        {
            "id": 133,
            "form": "automobili",
            "pos": "NOM",
            "lemma": "automobile",
            "has_context": "false",
            "is_title": "false"
        },
        {
            "id": 134,
            "form": "è",
            "pos": "VER",
            "lemma": "essere",
            "has_context": "false",
            "is_title": "false"
        },
        {
            "id": 135,
            "form": "molto",
            "pos": "ADV",
            "lemma": "molto",
            "has_context": "false",
            "is_title": "false"
        },
        {
            "id": 136,
            "form": "accurata",
            "pos": "ADJ",
            "lemma": "accurato",
            "has_context": "true",
            "is_title": "false"
        },
        {
            "id": 137,
            "form": "e",
            "pos": "CON",
            "lemma": "e",
            "has_context": "false",
            "is_title": "false"
        },
        {
            "id": 138,
            "form": "i",
            "pos": "DET",
            "lemma": "il",
            "has_context": "false",
            "is_title": "false"
        },
        {
            "id": 139,
            "form": "clienti",
            "pos": "NOM",
            "lemma": "cliente",
            "has_context": "true",
            "is_title": "false"
        },
        {
            "id": 140,
            "form": "devono",
            "pos": "VER",
            "lemma": "dovere",
            "has_context": "false",
            "is_title": "false"
        },
        {
            "id": 141,
            "form": "aspettare",
            "pos": "VER",
            "lemma": "aspettare",
            "has_context": "false",
            "is_title": "false"
        },
        {
            "id": 142,
            "form": "molti",
            "pos": "ADJ",
            "lemma": "molto",
            "has_context": "false",
            "is_title": "false"
        },
        {
            "id": 143,
            "form": "mesi",
            "pos": "NOM",
            "lemma": "mese",
            "has_context": "false",
            "is_title": "false"
        },
        {
            "id": 144,
            "form": "per",
            "pos": "PRE",
            "lemma": "per",
            "has_context": "false",
            "is_title": "false"
        },
        {
            "id": 145,
            "form": "avere",
            "pos": "VER",
            "lemma": "avere",
            "has_context": "false",
            "is_title": "false"
        },
        {
            "id": 146,
            "form": "l’",
            "pos": "DET",
            "lemma": "il",
            "has_context": "false",
            "is_title": "false"
        },
        {
            "id": 147,
            "form": "auto",
            "pos": "NOM",
            "lemma": "auto",
            "has_context": "false",
            "is_title": "false"
        },
        {
            "id": 148,
            "form": "che",
            "pos": "PRO",
            "lemma": "che",
            "has_context": "false",
            "is_title": "false"
        },
        {
            "id": 149,
            "form": "hanno",
            "pos": "VER",
            "lemma": "avere",
            "has_context": "false",
            "is_title": "false"
        },
        {
            "id": 150,
            "form": "ordinato",
            "pos": "VER",
            "lemma": "ordinare",
            "has_context": "false",
            "is_title": "false"
        },
        {
            "id": 151,
            "form": ".",
            "pos": "SENT",
            "lemma": ".",
            "has_context": "false",
            "is_title": "false"
        },
        {
            "id": 152,
            "form": "A",
            "pos": "PRE",
            "lemma": "a",
            "has_context": "false",
            "is_title": "false"
        },
        {
            "id": 153,
            "form": "Maranello",
            "pos": "NPR",
            "lemma": "Maranello",
            "has_context": "false",
            "is_title": "false"
        },
        {
            "id": 154,
            "form": "c’",
            "pos": "ADV",
            "lemma": "ci",
            "has_context": "false",
            "is_title": "false"
        },
        {
            "id": 155,
            "form": "è",
            "pos": "VER",
            "lemma": "essere",
            "has_context": "false",
            "is_title": "false"
        },
        {
            "id": 156,
            "form": "anche",
            "pos": "CON",
            "lemma": "anche",
            "has_context": "false",
            "is_title": "false"
        },
        {
            "id": 157,
            "form": "un",
            "pos": "DET",
            "lemma": "un",
            "has_context": "false",
            "is_title": "false"
        },
        {
            "id": 158,
            "form": "bellissimo",
            "pos": "ADJ",
            "lemma": "bello",
            "has_context": "false",
            "is_title": "false"
        },
        {
            "id": 159,
            "form": "museo",
            "pos": "NOM",
            "lemma": "museo",
            "has_context": "false",
            "is_title": "false"
        },
        {
            "id": 160,
            "form": "dove",
            "pos": "PRO",
            "lemma": "dove",
            "has_context": "false",
            "is_title": "false"
        },
        {
            "id": 161,
            "form": "è",
            "pos": "VER",
            "lemma": "essere",
            "has_context": "false",
            "is_title": "false"
        },
        {
            "id": 162,
            "form": "possibile",
            "pos": "ADJ",
            "lemma": "possibile",
            "has_context": "false",
            "is_title": "false"
        },
        {
            "id": 163,
            "form": "vedere",
            "pos": "VER",
            "lemma": "vedere",
            "has_context": "false",
            "is_title": "false"
        },
        {
            "id": 164,
            "form": "le",
            "pos": "DET",
            "lemma": "il",
            "has_context": "false",
            "is_title": "false"
        },
        {
            "id": 165,
            "form": "automobili",
            "pos": "ADJ",
            "lemma": "automobile",
            "has_context": "false",
            "is_title": "false"
        },
        {
            "id": 166,
            "form": "d’",
            "pos": "PRE",
            "lemma": "di",
            "has_context": "false",
            "is_title": "false"
        },
        {
            "id": 167,
            "form": "epoca",
            "pos": "NOM",
            "lemma": "epoca",
            "has_context": "true",
            "is_title": "false"
        },
        {
            "id": 168,
            "form": ",",
            "pos": "PON",
            "lemma": ",",
            "has_context": "false",
            "is_title": "false"
        },
        {
            "id": 169,
            "form": "le",
            "pos": "DET",
            "lemma": "il",
            "has_context": "false",
            "is_title": "false"
        },
        {
            "id": 170,
            "form": "coppe",
            "pos": "NOM",
            "lemma": "coppa",
            "has_context": "true",
            "is_title": "false"
        },
        {
            "id": 171,
            "form": "vinte",
            "pos": "ADJ",
            "lemma": "vinto",
            "has_context": "true",
            "is_title": "false"
        },
        {
            "id": 172,
            "form": "nelle",
            "pos": "PRE",
            "lemma": "nel",
            "has_context": "false",
            "is_title": "false"
        },
        {
            "id": 173,
            "form": "gare",
            "pos": "NOM",
            "lemma": "gara",
            "has_context": "true",
            "is_title": "false"
        },
        {
            "id": 174,
            "form": "e",
            "pos": "CON",
            "lemma": "e",
            "has_context": "false",
            "is_title": "false"
        },
        {
            "id": 175,
            "form": "la",
            "pos": "DET",
            "lemma": "il",
            "has_context": "false",
            "is_title": "false"
        },
        {
            "id": 176,
            "form": "collezione",
            "pos": "NOM",
            "lemma": "collezione",
            "has_context": "true",
            "is_title": "false"
        },
        {
            "id": 177,
            "form": "di",
            "pos": "PRE",
            "lemma": "di",
            "has_context": "false",
            "is_title": "false"
        },
        {
            "id": 178,
            "form": "tutte",
            "pos": "ADJ",
            "lemma": "tutto",
            "has_context": "false",
            "is_title": "false"
        },
        {
            "id": 179,
            "form": "le",
            "pos": "DET",
            "lemma": "il",
            "has_context": "false",
            "is_title": "false"
        },
        {
            "id": 180,
            "form": "Ferrari",
            "pos": "NPR",
            "lemma": "Ferrari",
            "has_context": "false",
            "is_title": "false"
        },
        {
            "id": 181,
            "form": "che",
            "pos": "PRO",
            "lemma": "che",
            "has_context": "false",
            "is_title": "false"
        },
        {
            "id": 182,
            "form": "hanno",
            "pos": "VER",
            "lemma": "avere",
            "has_context": "false",
            "is_title": "false"
        },
        {
            "id": 183,
            "form": "gareggiato",
            "pos": "VER",
            "lemma": "gareggiare",
            "has_context": "true",
            "is_title": "false"
        },
        {
            "id": 184,
            "form": "nella",
            "pos": "PRE",
            "lemma": "nel",
            "has_context": "false",
            "is_title": "false"
        },
        {
            "id": 185,
            "form": "Formula",
            "pos": "NPR",
            "lemma": "Formula",
            "has_context": "false",
            "is_title": "false"
        },
        {
            "id": 186,
            "form": "1",
            "pos": "NUM",
            "lemma": "@card@",
            "has_context": "false",
            "is_title": "false"
        },
        {
            "id": 187,
            "form": "in",
            "pos": "PRE",
            "lemma": "in",
            "has_context": "false",
            "is_title": "false"
        },
        {
            "id": 188,
            "form": "scala",
            "pos": "NOM",
            "lemma": "scala",
            "has_context": "false",
            "is_title": "false"
        },
        {
            "id": 189,
            "form": "ridotta",
            "pos": "ADJ",
            "lemma": "ridotto",
            "has_context": "true",
            "is_title": "false"
        },
        {
            "id": 190,
            "form": ".",
            "pos": "SENT",
            "lemma": ".",
            "has_context": "false",
            "is_title": "false"
        },
        {
            "id": 191,
            "form": "Vedere",
            "pos": "VER",
            "lemma": "vedere",
            "has_context": "false",
            "is_title": "false"
        },
        {
            "id": 192,
            "form": "la",
            "pos": "DET",
            "lemma": "il",
            "has_context": "false",
            "is_title": "false"
        },
        {
            "id": 193,
            "form": "casa",
            "pos": "NOM",
            "lemma": "casa",
            "has_context": "false",
            "is_title": "false"
        },
        {
            "id": 194,
            "form": "della",
            "pos": "PRE",
            "lemma": "del",
            "has_context": "false",
            "is_title": "false"
        },
        {
            "id": 195,
            "form": "Ferrari",
            "pos": "NPR",
            "lemma": "Ferrari",
            "has_context": "false",
            "is_title": "false"
        },
        {
            "id": 196,
            "form": "è",
            "pos": "VER",
            "lemma": "essere",
            "has_context": "false",
            "is_title": "false"
        },
        {
            "id": 197,
            "form": "una",
            "pos": "DET",
            "lemma": "una",
            "has_context": "false",
            "is_title": "false"
        },
        {
            "id": 198,
            "form": "vera",
            "pos": "ADJ",
            "lemma": "vero",
            "has_context": "false",
            "is_title": "false"
        },
        {
            "id": 199,
            "form": "meraviglia",
            "pos": "NOM",
            "lemma": "meraviglia",
            "has_context": "true",
            "is_title": "false"
        },
        {
            "id": 200,
            "form": "per",
            "pos": "PRE",
            "lemma": "per",
            "has_context": "false",
            "is_title": "false"
        },
        {
            "id": 201,
            "form": "tutti",
            "pos": "ADJ",
            "lemma": "tutto",
            "has_context": "false",
            "is_title": "false"
        },
        {
            "id": 202,
            "form": "quelli",
            "pos": "PRO",
            "lemma": "quello",
            "has_context": "false",
            "is_title": "false"
        },
        {
            "id": 203,
            "form": "che",
            "pos": "PRO",
            "lemma": "che",
            "has_context": "false",
            "is_title": "false"
        },
        {
            "id": 204,
            "form": "amano",
            "pos": "VER",
            "lemma": "amare",
            "has_context": "false",
            "is_title": "false"
        },
        {
            "id": 205,
            "form": "queste",
            "pos": "ADJ",
            "lemma": "questo",
            "has_context": "false",
            "is_title": "false"
        },
        {
            "id": 206,
            "form": "automobili",
            "pos": "NOM",
            "lemma": "automobile",
            "has_context": "false",
            "is_title": "false"
        },
        {
            "id": 207,
            "form": "da",
            "pos": "PRE",
            "lemma": "da",
            "has_context": "false",
            "is_title": "false"
        },
        {
            "id": 208,
            "form": "corsa",
            "pos": "NOM",
            "lemma": "corsa",
            "has_context": "true",
            "is_title": "false"
        },
        {
            "id": 209,
            "form": ".",
            "pos": "SENT",
            "lemma": ".",
            "has_context": "false",
            "is_title": "false"
        }
    ]
