    [
        {
            "id": 1,
            "form": "Recensione",
            "pos": "NOM",
            "lemma": "recensione",
            "has_context": "true",
            "is_title": "true"
        },
        {
            "id": 2,
            "form": "cinematografica",
            "pos": "ADJ",
            "lemma": "cinematografico",
            "has_context": "true",
            "is_title": "true"
        },
        {
            "id": 3,
            "form": "Quest’",
            "pos": "ADJ",
            "lemma": "questo",
            "has_context": "false",
            "is_title": "false"
        },
        {
            "id": 4,
            "form": "anno",
            "pos": "NOM",
            "lemma": "anno",
            "has_context": "false",
            "is_title": "false"
        },
        {
            "id": 5,
            "form": "«",
            "pos": "PON",
            "lemma": "«",
            "has_context": "false",
            "is_title": "false"
        },
        {
            "id": 6,
            "form": "La",
            "pos": "DET",
            "lemma": "il",
            "has_context": "false",
            "is_title": "false"
        },
        {
            "id": 7,
            "form": "Grande",
            "pos": "ADJ",
            "lemma": "grande",
            "has_context": "false",
            "is_title": "false"
        },
        {
            "id": 8,
            "form": "Bellezza",
            "pos": "NOM",
            "lemma": "bellezza",
            "has_context": "true",
            "is_title": "false"
        },
        {
            "id": 9,
            "form": "»",
            "pos": "PON",
            "lemma": "»",
            "has_context": "false",
            "is_title": "false"
        },
        {
            "id": 10,
            "form": "di",
            "pos": "PRE",
            "lemma": "di",
            "has_context": "false",
            "is_title": "false"
        },
        {
            "id": 11,
            "form": "Paolo",
            "pos": "NPR",
            "lemma": "Paolo",
            "has_context": "false",
            "is_title": "false"
        },
        {
            "id": 12,
            "form": "Sorrentino",
            "pos": "NPR",
            "lemma": "Sorrentino",
            "has_context": "false",
            "is_title": "false"
        },
        {
            "id": 13,
            "form": "ha",
            "pos": "VER",
            "lemma": "avere",
            "has_context": "false",
            "is_title": "false"
        },
        {
            "id": 14,
            "form": "vinto",
            "pos": "VER",
            "lemma": "vincere",
            "has_context": "true",
            "is_title": "false"
        },
        {
            "id": 15,
            "form": "il",
            "pos": "DET",
            "lemma": "il",
            "has_context": "false",
            "is_title": "false"
        },
        {
            "id": 16,
            "form": "Premio",
            "pos": "NOM",
            "lemma": "premio",
            "has_context": "true",
            "is_title": "false"
        },
        {
            "id": 17,
            "form": "Oscar",
            "pos": "NPR",
            "lemma": "Oscar",
            "has_context": "false",
            "is_title": "false"
        },
        {
            "id": 18,
            "form": "per",
            "pos": "PRE",
            "lemma": "per",
            "has_context": "false",
            "is_title": "false"
        },
        {
            "id": 19,
            "form": "il",
            "pos": "DET",
            "lemma": "il",
            "has_context": "false",
            "is_title": "false"
        },
        {
            "id": 20,
            "form": "miglior",
            "pos": "ADJ",
            "lemma": "migliore",
            "has_context": "true",
            "is_title": "false"
        },
        {
            "id": 21,
            "form": "film",
            "pos": "NOM",
            "lemma": "film",
            "has_context": "false",
            "is_title": "false"
        },
        {
            "id": 22,
            "form": "straniero",
            "pos": "ADJ",
            "lemma": "straniero",
            "has_context": "false",
            "is_title": "false"
        },
        {
            "id": 23,
            "form": ".",
            "pos": "SENT",
            "lemma": ".",
            "has_context": "false",
            "is_title": "false"
        },
        {
            "id": 24,
            "form": "Qualcuno",
            "pos": "PRO",
            "lemma": "qualcuno",
            "has_context": "false",
            "is_title": "false"
        },
        {
            "id": 25,
            "form": "l’",
            "pos": "pro",
            "lemma": "lo",
            "has_context": "false",
            "is_title": "false"
        },
        {
            "id": 26,
            "form": "ha",
            "pos": "VER",
            "lemma": "avere",
            "has_context": "false",
            "is_title": "false"
        },
        {
            "id": 27,
            "form": "visto",
            "pos": "VER",
            "lemma": "vedere",
            "has_context": "false",
            "is_title": "false"
        },
        {
            "id": 28,
            "form": ",",
            "pos": "PON",
            "lemma": ",",
            "has_context": "false",
            "is_title": "false"
        },
        {
            "id": 29,
            "form": "altri",
            "pos": "PRO",
            "lemma": "altro",
            "has_context": "false",
            "is_title": "false"
        },
        {
            "id": 30,
            "form": "l’",
            "pos": "PRO",
            "lemma": "lo",
            "has_context": "false",
            "is_title": "false"
        },
        {
            "id": 31,
            "form": "hanno",
            "pos": "VER",
            "lemma": "avere",
            "has_context": "false",
            "is_title": "false"
        },
        {
            "id": 32,
            "form": "ignorato",
            "pos": "VER",
            "lemma": "ignorare",
            "has_context": "true",
            "is_title": "false"
        },
        {
            "id": 33,
            "form": ",",
            "pos": "PON",
            "lemma": ",",
            "has_context": "false",
            "is_title": "false"
        },
        {
            "id": 34,
            "form": "ma",
            "pos": "CON",
            "lemma": "ma",
            "has_context": "false",
            "is_title": "false"
        },
        {
            "id": 35,
            "form": "sicuramente",
            "pos": "ADV",
            "lemma": "sicuramente",
            "has_context": "true",
            "is_title": "false"
        },
        {
            "id": 36,
            "form": "tutti",
            "pos": "PRO",
            "lemma": "tutto",
            "has_context": "false",
            "is_title": "false"
        },
        {
            "id": 37,
            "form": "ne",
            "pos": "PRO",
            "lemma": "ne",
            "has_context": "false",
            "is_title": "false"
        },
        {
            "id": 38,
            "form": "hanno",
            "pos": "VER",
            "lemma": "avere",
            "has_context": "false",
            "is_title": "false"
        },
        {
            "id": 39,
            "form": "sentito",
            "pos": "VER",
            "lemma": "sentire",
            "has_context": "false",
            "is_title": "false"
        },
        {
            "id": 40,
            "form": "parlare",
            "pos": "VER",
            "lemma": "parlare",
            "has_context": "false",
            "is_title": "false"
        },
        {
            "id": 41,
            "form": ".",
            "pos": "SENT",
            "lemma": ".",
            "has_context": "false",
            "is_title": "false"
        },
        {
            "id": 42,
            "form": "Molti",
            "pos": "PRO",
            "lemma": "molto",
            "has_context": "false",
            "is_title": "false"
        },
        {
            "id": 43,
            "form": "l’",
            "pos": "PRO",
            "lemma": "lo",
            "has_context": "false",
            "is_title": "false"
        },
        {
            "id": 44,
            "form": "hanno",
            "pos": "VER",
            "lemma": "avere",
            "has_context": "false",
            "is_title": "false"
        },
        {
            "id": 45,
            "form": "criticato",
            "pos": "VER",
            "lemma": "criticare",
            "has_context": "true",
            "is_title": "false"
        },
        {
            "id": 46,
            "form": "duramente",
            "pos": "ADV",
            "lemma": "duramente",
            "has_context": "true",
            "is_title": "false"
        },
        {
            "id": 47,
            "form": "a",
            "pos": "PRE",
            "lemma": "a",
            "has_context": "false",
            "is_title": "false"
        },
        {
            "id": 48,
            "form": "causa",
            "pos": "NOM",
            "lemma": "causa",
            "has_context": "true",
            "is_title": "false"
        },
        {
            "id": 49,
            "form": "dei",
            "pos": "PRE",
            "lemma": "del",
            "has_context": "false",
            "is_title": "false"
        },
        {
            "id": 50,
            "form": "personaggi",
            "pos": "NOM",
            "lemma": "personaggio",
            "has_context": "true",
            "is_title": "false"
        },
        {
            "id": 51,
            "form": ",",
            "pos": "PON",
            "lemma": ",",
            "has_context": "false",
            "is_title": "false"
        },
        {
            "id": 52,
            "form": "della",
            "pos": "PRE",
            "lemma": "del",
            "has_context": "false",
            "is_title": "false"
        },
        {
            "id": 53,
            "form": "musica",
            "pos": "NOM",
            "lemma": "musica",
            "has_context": "false",
            "is_title": "false"
        },
        {
            "id": 54,
            "form": "e",
            "pos": "CON",
            "lemma": "e",
            "has_context": "false",
            "is_title": "false"
        },
        {
            "id": 55,
            "form": "della",
            "pos": "PRE",
            "lemma": "del",
            "has_context": "false",
            "is_title": "false"
        },
        {
            "id": 56,
            "form": "cattiva",
            "pos": "ADJ",
            "lemma": "cattivo",
            "has_context": "false",
            "is_title": "false"
        },
        {
            "id": 57,
            "form": "immagine",
            "pos": "NOM",
            "lemma": "immagine",
            "has_context": "true",
            "is_title": "false"
        },
        {
            "id": 58,
            "form": "che",
            "pos": "PRO",
            "lemma": "che",
            "has_context": "false",
            "is_title": "false"
        },
        {
            "id": 59,
            "form": "ha",
            "pos": "VER",
            "lemma": "avere",
            "has_context": "false",
            "is_title": "false"
        },
        {
            "id": 60,
            "form": "dato",
            "pos": "VER",
            "lemma": "dare",
            "has_context": "false",
            "is_title": "false"
        },
        {
            "id": 61,
            "form": "dell’",
            "pos": "PRE",
            "lemma": "del",
            "has_context": "false",
            "is_title": "false"
        },
        {
            "id": 62,
            "form": "Italia",
            "pos": "NPR",
            "lemma": "Italia",
            "has_context": "false",
            "is_title": "false"
        },
        {
            "id": 63,
            "form": ".",
            "pos": "SENT",
            "lemma": ".",
            "has_context": "false",
            "is_title": "false"
        },
        {
            "id": 64,
            "form": "Quasi",
            "pos": "ADV",
            "lemma": "quasi",
            "has_context": "false",
            "is_title": "false"
        },
        {
            "id": 65,
            "form": "nessuno",
            "pos": "PRO",
            "lemma": "nessuno",
            "has_context": "false",
            "is_title": "false"
        },
        {
            "id": 66,
            "form": ",",
            "pos": "PON",
            "lemma": ",",
            "has_context": "false",
            "is_title": "false"
        },
        {
            "id": 67,
            "form": "però",
            "pos": "CON",
            "lemma": "però",
            "has_context": "false",
            "is_title": "false"
        },
        {
            "id": 68,
            "form": ",",
            "pos": "PON",
            "lemma": ",",
            "has_context": "false",
            "is_title": "false"
        },
        {
            "id": 69,
            "form": "si",
            "pos": "PRO",
            "lemma": "si",
            "has_context": "false",
            "is_title": "false"
        },
        {
            "id": 70,
            "form": "è",
            "pos": "VER",
            "lemma": "essere",
            "has_context": "false",
            "is_title": "false"
        },
        {
            "id": 71,
            "form": "lamentato",
            "pos": "VER",
            "lemma": "lamentare",
            "has_context": "true",
            "is_title": "false"
        },
        {
            "id": 72,
            "form": "della",
            "pos": "PRE",
            "lemma": "del",
            "has_context": "false",
            "is_title": "false"
        },
        {
            "id": 73,
            "form": "scenografia",
            "pos": "NOM",
            "lemma": "scenografia",
            "has_context": "true",
            "is_title": "false"
        },
        {
            "id": 74,
            "form": ".",
            "pos": "SENT",
            "lemma": ".",
            "has_context": "false",
            "is_title": "false"
        },
        {
            "id": 75,
            "form": "La",
            "pos": "DET",
            "lemma": "il",
            "has_context": "false",
            "is_title": "false"
        },
        {
            "id": 76,
            "form": "Roma",
            "pos": "NPR",
            "lemma": "Roma",
            "has_context": "false",
            "is_title": "false"
        },
        {
            "id": 77,
            "form": "del",
            "pos": "PRE",
            "lemma": "del",
            "has_context": "false",
            "is_title": "false"
        },
        {
            "id": 78,
            "form": "film",
            "pos": "NOM",
            "lemma": "film",
            "has_context": "false",
            "is_title": "false"
        },
        {
            "id": 79,
            "form": "è",
            "pos": "VER",
            "lemma": "essere",
            "has_context": "false",
            "is_title": "false"
        },
        {
            "id": 80,
            "form": "speciale",
            "pos": "ADJ",
            "lemma": "speciale",
            "has_context": "true",
            "is_title": "false"
        },
        {
            "id": 81,
            "form": ",",
            "pos": "PON",
            "lemma": ",",
            "has_context": "false",
            "is_title": "false"
        },
        {
            "id": 82,
            "form": "è",
            "pos": "VER",
            "lemma": "essere",
            "has_context": "false",
            "is_title": "false"
        },
        {
            "id": 83,
            "form": "una",
            "pos": "DET",
            "lemma": "una",
            "has_context": "false",
            "is_title": "false"
        },
        {
            "id": 84,
            "form": "cartolina",
            "pos": "NOM",
            "lemma": "cartolina",
            "has_context": "false",
            "is_title": "false"
        },
        {
            "id": 85,
            "form": ",",
            "pos": "PON",
            "lemma": ",",
            "has_context": "false",
            "is_title": "false"
        },
        {
            "id": 86,
            "form": "ed",
            "pos": "CON",
            "lemma": "ed",
            "has_context": "false",
            "is_title": "false"
        },
        {
            "id": 87,
            "form": "è",
            "pos": "VER",
            "lemma": "essere",
            "has_context": "false",
            "is_title": "false"
        },
        {
            "id": 88,
            "form": "una",
            "pos": "DET",
            "lemma": "una",
            "has_context": "false",
            "is_title": "false"
        },
        {
            "id": 89,
            "form": "città",
            "pos": "NOM",
            "lemma": "città",
            "has_context": "false",
            "is_title": "false"
        },
        {
            "id": 90,
            "form": "dove",
            "pos": "ADV",
            "lemma": "dove",
            "has_context": "false",
            "is_title": "false"
        },
        {
            "id": 91,
            "form": "tutto",
            "pos": "ADV",
            "lemma": "tutto",
            "has_context": "false",
            "is_title": "false"
        },
        {
            "id": 92,
            "form": "è",
            "pos": "VER",
            "lemma": "essere",
            "has_context": "false",
            "is_title": "false"
        },
        {
            "id": 93,
            "form": "perfetto",
            "pos": "ADJ",
            "lemma": "perfetto",
            "has_context": "true",
            "is_title": "false"
        },
        {
            "id": 94,
            "form": ".",
            "pos": "SENT",
            "lemma": ".",
            "has_context": "false",
            "is_title": "false"
        },
        {
            "id": 95,
            "form": "Addirittura",
            "pos": "ADV",
            "lemma": "addirittura",
            "has_context": "true",
            "is_title": "false"
        },
        {
            "id": 96,
            "form": "adesso",
            "pos": "ADV",
            "lemma": "adesso",
            "has_context": "false",
            "is_title": "false"
        },
        {
            "id": 97,
            "form": "a",
            "pos": "PRE",
            "lemma": "a",
            "has_context": "false",
            "is_title": "false"
        },
        {
            "id": 98,
            "form": "Roma",
            "pos": "NPR",
            "lemma": "Roma",
            "has_context": "false",
            "is_title": "false"
        },
        {
            "id": 99,
            "form": "è",
            "pos": "VER",
            "lemma": "essere",
            "has_context": "false",
            "is_title": "false"
        },
        {
            "id": 100,
            "form": "possibile",
            "pos": "ADJ",
            "lemma": "possibile",
            "has_context": "false",
            "is_title": "false"
        },
        {
            "id": 101,
            "form": "partecipare",
            "pos": "VER",
            "lemma": "partecipare",
            "has_context": "true",
            "is_title": "false"
        },
        {
            "id": 102,
            "form": "ai",
            "pos": "PRE",
            "lemma": "al",
            "has_context": "false",
            "is_title": "false"
        },
        {
            "id": 103,
            "form": "Tour",
            "pos": "NOM",
            "lemma": "tour",
            "has_context": "false",
            "is_title": "false"
        },
        {
            "id": 104,
            "form": "della",
            "pos": "PRE",
            "lemma": "del",
            "has_context": "false",
            "is_title": "false"
        },
        {
            "id": 105,
            "form": "Grande",
            "pos": "ADJ",
            "lemma": "grande",
            "has_context": "false",
            "is_title": "false"
        },
        {
            "id": 106,
            "form": "Bellezza",
            "pos": "NOM",
            "lemma": "bellezza",
            "has_context": "true",
            "is_title": "false"
        },
        {
            "id": 107,
            "form": ":",
            "pos": "PON",
            "lemma": ":",
            "has_context": "false",
            "is_title": "false"
        },
        {
            "id": 108,
            "form": "un",
            "pos": "DET",
            "lemma": "un",
            "has_context": "false",
            "is_title": "false"
        },
        {
            "id": 109,
            "form": "viaggio",
            "pos": "NOM",
            "lemma": "viaggio",
            "has_context": "false",
            "is_title": "false"
        },
        {
            "id": 110,
            "form": "nei",
            "pos": "PRE",
            "lemma": "nel",
            "has_context": "false",
            "is_title": "false"
        },
        {
            "id": 111,
            "form": "luoghi",
            "pos": "NOM",
            "lemma": "luogo",
            "has_context": "false",
            "is_title": "false"
        },
        {
            "id": 112,
            "form": "del",
            "pos": "PRE",
            "lemma": "del",
            "has_context": "false",
            "is_title": "false"
        },
        {
            "id": 113,
            "form": "film",
            "pos": "NOM",
            "lemma": "film",
            "has_context": "false",
            "is_title": "false"
        },
        {
            "id": 114,
            "form": ".",
            "pos": "SENT",
            "lemma": ".",
            "has_context": "false",
            "is_title": "false"
        },
        {
            "id": 115,
            "form": "Certi",
            "pos": "PRO",
            "lemma": "certo",
            "has_context": "false",
            "is_title": "false"
        },
        {
            "id": 116,
            "form": "hanno",
            "pos": "VER",
            "lemma": "avere",
            "has_context": "false",
            "is_title": "false"
        },
        {
            "id": 117,
            "form": "già",
            "pos": "ADV",
            "lemma": "già",
            "has_context": "false",
            "is_title": "false"
        },
        {
            "id": 118,
            "form": "partecipato",
            "pos": "VER",
            "lemma": "partecipare",
            "has_context": "true",
            "is_title": "false"
        },
        {
            "id": 119,
            "form": "a",
            "pos": "PRE",
            "lemma": "a",
            "has_context": "false",
            "is_title": "false"
        },
        {
            "id": 120,
            "form": "questi",
            "pos": "ADJ",
            "lemma": "questo",
            "has_context": "false",
            "is_title": "false"
        },
        {
            "id": 121,
            "form": "tour",
            "pos": "NOM",
            "lemma": "tour",
            "has_context": "false",
            "is_title": "false"
        },
        {
            "id": 122,
            "form": ",",
            "pos": "PON",
            "lemma": ",",
            "has_context": "false",
            "is_title": "false"
        },
        {
            "id": 123,
            "form": "altri",
            "pos": "PRO",
            "lemma": "altro",
            "has_context": "false",
            "is_title": "false"
        },
        {
            "id": 124,
            "form": "non",
            "pos": "ADV",
            "lemma": "non",
            "has_context": "false",
            "is_title": "false"
        },
        {
            "id": 125,
            "form": "vedono",
            "pos": "VER",
            "lemma": "vedere",
            "has_context": "false",
            "is_title": "false"
        },
        {
            "id": 126,
            "form": "l’",
            "pos": "DET",
            "lemma": "il",
            "has_context": "false",
            "is_title": "false"
        },
        {
            "id": 127,
            "form": "ora",
            "pos": "NOM",
            "lemma": "ora",
            "has_context": "false",
            "is_title": "false"
        },
        {
            "id": 128,
            "form": "di",
            "pos": "PRE",
            "lemma": "di",
            "has_context": "false",
            "is_title": "false"
        },
        {
            "id": 129,
            "form": "farlo",
            "pos": "VER",
            "lemma": "fare",
            "has_context": "false",
            "is_title": "false"
        },
        {
            "id": 130,
            "form": ".",
            "pos": "SENT",
            "lemma": ".",
            "has_context": "false",
            "is_title": "false"
        },
        {
            "id": 131,
            "form": "Chiunque",
            "pos": "PRO",
            "lemma": "chiunque",
            "has_context": "false",
            "is_title": "false"
        },
        {
            "id": 132,
            "form": "voglia",
            "pos": "VER",
            "lemma": "volere",
            "has_context": "false",
            "is_title": "false"
        },
        {
            "id": 133,
            "form": ",",
            "pos": "PON",
            "lemma": ",",
            "has_context": "false",
            "is_title": "false"
        },
        {
            "id": 134,
            "form": "può",
            "pos": "VER",
            "lemma": "potere",
            "has_context": "false",
            "is_title": "false"
        },
        {
            "id": 135,
            "form": "prenotare",
            "pos": "VER",
            "lemma": "prenotare",
            "has_context": "false",
            "is_title": "false"
        },
        {
            "id": 136,
            "form": "il",
            "pos": "DET",
            "lemma": "il",
            "has_context": "false",
            "is_title": "false"
        },
        {
            "id": 137,
            "form": "suo",
            "pos": "ADJ",
            "lemma": "suo",
            "has_context": "false",
            "is_title": "false"
        },
        {
            "id": 138,
            "form": "tour",
            "pos": "NOM",
            "lemma": "tour",
            "has_context": "false",
            "is_title": "false"
        },
        {
            "id": 139,
            "form": "online",
            "pos": "ADJ",
            "lemma": "online",
            "has_context": "false",
            "is_title": "false"
        },
        {
            "id": 140,
            "form": ".",
            "pos": "SENT",
            "lemma": ".",
            "has_context": "false",
            "is_title": "false"
        },
        {
            "id": 141,
            "form": "Uno",
            "pos": "DET",
            "lemma": "uno",
            "has_context": "false",
            "is_title": "false"
        },
        {
            "id": 142,
            "form": "perfetto",
            "pos": "NOM",
            "lemma": "perfetto",
            "has_context": "false",
            "is_title": "false"
        },
        {
            "id": 143,
            "form": "in",
            "pos": "PRE",
            "lemma": "in",
            "has_context": "false",
            "is_title": "false"
        },
        {
            "id": 144,
            "form": "questo",
            "pos": "ADJ",
            "lemma": "questo",
            "has_context": "false",
            "is_title": "false"
        },
        {
            "id": 145,
            "form": "film",
            "pos": "NOM",
            "lemma": "film",
            "has_context": "false",
            "is_title": "false"
        },
        {
            "id": 146,
            "form": "è",
            "pos": "VER",
            "lemma": "essere",
            "has_context": "false",
            "is_title": "false"
        },
        {
            "id": 147,
            "form": "Jep",
            "pos": "NPR",
            "lemma": "Jep",
            "has_context": "false",
            "is_title": "false"
        },
        {
            "id": 148,
            "form": "Gambardella",
            "pos": "NPR",
            "lemma": "Gambardella",
            "has_context": "false",
            "is_title": "false"
        },
        {
            "id": 149,
            "form": ",",
            "pos": "PON",
            "lemma": ",",
            "has_context": "false",
            "is_title": "false"
        },
        {
            "id": 150,
            "form": "il",
            "pos": "DET",
            "lemma": "il",
            "has_context": "false",
            "is_title": "false"
        },
        {
            "id": 151,
            "form": "personaggio",
            "pos": "NOM",
            "lemma": "personaggio",
            "has_context": "true",
            "is_title": "false"
        },
        {
            "id": 152,
            "form": "principale",
            "pos": "ADJ",
            "lemma": "principale",
            "has_context": "true",
            "is_title": "false"
        },
        {
            "id": 153,
            "form": ".",
            "pos": "SENT",
            "lemma": ".",
            "has_context": "false",
            "is_title": "false"
        },
        {
            "id": 154,
            "form": "Qualcuno",
            "pos": "PRO",
            "lemma": "qualcuno",
            "has_context": "false",
            "is_title": "false"
        },
        {
            "id": 155,
            "form": "l’",
            "pos": "PRO",
            "lemma": "lo",
            "has_context": "false",
            "is_title": "false"
        },
        {
            "id": 156,
            "form": "ha",
            "pos": "VER",
            "lemma": "avere",
            "has_context": "false",
            "is_title": "false"
        },
        {
            "id": 157,
            "form": "definito",
            "pos": "VER",
            "lemma": "definire",
            "has_context": "true",
            "is_title": "false"
        },
        {
            "id": 158,
            "form": "una",
            "pos": "DET",
            "lemma": "una",
            "has_context": "false",
            "is_title": "false"
        },
        {
            "id": 159,
            "form": "persona",
            "pos": "NOM",
            "lemma": "persona",
            "has_context": "false",
            "is_title": "false"
        },
        {
            "id": 160,
            "form": "mediocre",
            "pos": "ADJ",
            "lemma": "mediocre",
            "has_context": "true",
            "is_title": "false"
        },
        {
            "id": 161,
            "form": "e",
            "pos": "CON",
            "lemma": "e",
            "has_context": "false",
            "is_title": "false"
        },
        {
            "id": 162,
            "form": "bassa",
            "pos": "ADJ",
            "lemma": "basso",
            "has_context": "false",
            "is_title": "false"
        },
        {
            "id": 163,
            "form": ",",
            "pos": "PON",
            "lemma": ",",
            "has_context": "false",
            "is_title": "false"
        },
        {
            "id": 164,
            "form": "altri",
            "pos": "PRO",
            "lemma": "altro",
            "has_context": "false",
            "is_title": "false"
        },
        {
            "id": 165,
            "form": "hanno",
            "pos": "VER",
            "lemma": "avere",
            "has_context": "false",
            "is_title": "false"
        },
        {
            "id": 166,
            "form": "apprezzato",
            "pos": "VER",
            "lemma": "apprezzare",
            "has_context": "true",
            "is_title": "false"
        },
        {
            "id": 167,
            "form": "molto",
            "pos": "ADV",
            "lemma": "molto",
            "has_context": "false",
            "is_title": "false"
        },
        {
            "id": 168,
            "form": "il",
            "pos": "DET",
            "lemma": "il",
            "has_context": "false",
            "is_title": "false"
        },
        {
            "id": 169,
            "form": "suo",
            "pos": "ADJ",
            "lemma": "suo",
            "has_context": "false",
            "is_title": "false"
        },
        {
            "id": 170,
            "form": "stile",
            "pos": "NOM",
            "lemma": "stile",
            "has_context": "true",
            "is_title": "false"
        },
        {
            "id": 171,
            "form": "un",
            "pos": "DET",
            "lemma": "un",
            "has_context": "false",
            "is_title": "false"
        },
        {
            "id": 172,
            "form": "po’",
            "pos": "ADV",
            "lemma": "po’",
            "has_context": "false",
            "is_title": "false"
        },
        {
            "id": 173,
            "form": "dandy",
            "pos": "NOM",
            "lemma": "dandy",
            "has_context": "false",
            "is_title": "false"
        },
        {
            "id": 174,
            "form": "e",
            "pos": "CON",
            "lemma": "e",
            "has_context": "false",
            "is_title": "false"
        },
        {
            "id": 175,
            "form": "adesso",
            "pos": "ADV",
            "lemma": "adesso",
            "has_context": "false",
            "is_title": "false"
        },
        {
            "id": 176,
            "form": "si",
            "pos": "PRO",
            "lemma": "si",
            "has_context": "false",
            "is_title": "false"
        },
        {
            "id": 177,
            "form": "vestono",
            "pos": "VER",
            "lemma": "vestire",
            "has_context": "true",
            "is_title": "false"
        },
        {
            "id": 178,
            "form": "come",
            "pos": "PRE",
            "lemma": "come",
            "has_context": "false",
            "is_title": "false"
        },
        {
            "id": 179,
            "form": "lui",
            "pos": "PRO",
            "lemma": "lui",
            "has_context": "false",
            "is_title": "false"
        },
        {
            "id": 180,
            "form": ".",
            "pos": "SENT",
            "lemma": ".",
            "has_context": "false",
            "is_title": "false"
        },
        {
            "id": 181,
            "form": "In",
            "pos": "PRE",
            "lemma": "in",
            "has_context": "false",
            "is_title": "false"
        },
        {
            "id": 182,
            "form": "città",
            "pos": "NOM",
            "lemma": "città",
            "has_context": "false",
            "is_title": "false"
        },
        {
            "id": 183,
            "form": "a",
            "pos": "PRE",
            "lemma": "a",
            "has_context": "false",
            "is_title": "false"
        },
        {
            "id": 184,
            "form": "volte",
            "pos": "NOM",
            "lemma": "volta",
            "has_context": "false",
            "is_title": "false"
        },
        {
            "id": 185,
            "form": "si",
            "pos": "PRO",
            "lemma": "si",
            "has_context": "false",
            "is_title": "false"
        },
        {
            "id": 186,
            "form": "vedono",
            "pos": "VER",
            "lemma": "vedere",
            "has_context": "false",
            "is_title": "false"
        },
        {
            "id": 187,
            "form": "alcuni",
            "pos": "PRO",
            "lemma": "alcuno",
            "has_context": "false",
            "is_title": "false"
        },
        {
            "id": 188,
            "form": "vestiti",
            "pos": "NOM",
            "lemma": "vestito",
            "has_context": "false",
            "is_title": "false"
        },
        {
            "id": 189,
            "form": "con",
            "pos": "PRE",
            "lemma": "con",
            "has_context": "false",
            "is_title": "false"
        },
        {
            "id": 190,
            "form": "giacche",
            "pos": "NOM",
            "lemma": "giacca",
            "has_context": "false",
            "is_title": "false"
        },
        {
            "id": 191,
            "form": "gialle",
            "pos": "ADJ",
            "lemma": "giallo",
            "has_context": "false",
            "is_title": "false"
        },
        {
            "id": 192,
            "form": "e",
            "pos": "CON",
            "lemma": "e",
            "has_context": "false",
            "is_title": "false"
        },
        {
            "id": 193,
            "form": "pantaloni",
            "pos": "NOM",
            "lemma": "pantalone",
            "has_context": "false",
            "is_title": "false"
        },
        {
            "id": 194,
            "form": "bianchi",
            "pos": "ADJ",
            "lemma": "bianco",
            "has_context": "false",
            "is_title": "false"
        },
        {
            "id": 195,
            "form": ",",
            "pos": "PON",
            "lemma": ",",
            "has_context": "false",
            "is_title": "false"
        },
        {
            "id": 196,
            "form": "proprio",
            "pos": "ADV",
            "lemma": "proprio",
            "has_context": "true",
            "is_title": "false"
        },
        {
            "id": 197,
            "form": "come",
            "pos": "PRE",
            "lemma": "come",
            "has_context": "false",
            "is_title": "false"
        },
        {
            "id": 198,
            "form": "lui",
            "pos": "PRO",
            "lemma": "lui",
            "has_context": "false",
            "is_title": "false"
        },
        {
            "id": 199,
            "form": ".",
            "pos": "SENT",
            "lemma": ".",
            "has_context": "false",
            "is_title": "false"
        },
        {
            "id": 200,
            "form": "Checché",
            "pos": "PRO",
            "lemma": "checché",
            "has_context": "false",
            "is_title": "false"
        },
        {
            "id": 201,
            "form": "ne",
            "pos": "PRO",
            "lemma": "ne",
            "has_context": "false",
            "is_title": "false"
        },
        {
            "id": 202,
            "form": "dicano",
            "pos": "VER",
            "lemma": "dire",
            "has_context": "false",
            "is_title": "false"
        },
        {
            "id": 203,
            "form": "i",
            "pos": "DET",
            "lemma": "il",
            "has_context": "false",
            "is_title": "false"
        },
        {
            "id": 204,
            "form": "critici",
            "pos": "NOM",
            "lemma": "critico",
            "has_context": "true",
            "is_title": "false"
        },
        {
            "id": 205,
            "form": ",",
            "pos": "PON",
            "lemma": ",",
            "has_context": "false",
            "is_title": "false"
        },
        {
            "id": 206,
            "form": "io",
            "pos": "PRO",
            "lemma": "io",
            "has_context": "false",
            "is_title": "false"
        },
        {
            "id": 207,
            "form": "credo",
            "pos": "VER",
            "lemma": "credere",
            "has_context": "false",
            "is_title": "false"
        },
        {
            "id": 208,
            "form": "che",
            "pos": "CON",
            "lemma": "che",
            "has_context": "false",
            "is_title": "false"
        },
        {
            "id": 209,
            "form": "non",
            "pos": "ADV",
            "lemma": "non",
            "has_context": "false",
            "is_title": "false"
        },
        {
            "id": 210,
            "form": "ci",
            "pos": "PRO",
            "lemma": "ci",
            "has_context": "false",
            "is_title": "false"
        },
        {
            "id": 211,
            "form": "sia",
            "pos": "VER",
            "lemma": "essere",
            "has_context": "false",
            "is_title": "false"
        },
        {
            "id": 212,
            "form": "niente",
            "pos": "PRO",
            "lemma": "niente",
            "has_context": "false",
            "is_title": "false"
        },
        {
            "id": 213,
            "form": "di",
            "pos": "PRE",
            "lemma": "di",
            "has_context": "false",
            "is_title": "false"
        },
        {
            "id": 214,
            "form": "falso",
            "pos": "ADJ",
            "lemma": "falso",
            "has_context": "false",
            "is_title": "false"
        },
        {
            "id": 215,
            "form": "in",
            "pos": "PRE",
            "lemma": "in",
            "has_context": "false",
            "is_title": "false"
        },
        {
            "id": 216,
            "form": "questo",
            "pos": "ADJ",
            "lemma": "questo",
            "has_context": "false",
            "is_title": "false"
        },
        {
            "id": 217,
            "form": "film",
            "pos": "NOM",
            "lemma": "film",
            "has_context": "false",
            "is_title": "false"
        },
        {
            "id": 218,
            "form": ".",
            "pos": "SENT",
            "lemma": ".",
            "has_context": "false",
            "is_title": "false"
        },
        {
            "id": 219,
            "form": "Chiunque",
            "pos": "PRO",
            "lemma": "chiunque",
            "has_context": "false",
            "is_title": "false"
        },
        {
            "id": 220,
            "form": "conosca",
            "pos": "VER",
            "lemma": "conoscere",
            "has_context": "false",
            "is_title": "false"
        },
        {
            "id": 221,
            "form": "un",
            "pos": "DET",
            "lemma": "un",
            "has_context": "false",
            "is_title": "false"
        },
        {
            "id": 222,
            "form": "po’",
            "pos": "ADV",
            "lemma": "po’",
            "has_context": "false",
            "is_title": "false"
        },
        {
            "id": 223,
            "form": "l’",
            "pos": "DET",
            "lemma": "il",
            "has_context": "false",
            "is_title": "false"
        },
        {
            "id": 224,
            "form": "Italia",
            "pos": "NPR",
            "lemma": "Italia",
            "has_context": "false",
            "is_title": "false"
        },
        {
            "id": 225,
            "form": "e",
            "pos": "CON",
            "lemma": "e",
            "has_context": "false",
            "is_title": "false"
        },
        {
            "id": 226,
            "form": "gli",
            "pos": "DET",
            "lemma": "il",
            "has_context": "false",
            "is_title": "false"
        },
        {
            "id": 227,
            "form": "italiani",
            "pos": "NOM",
            "lemma": "italiano",
            "has_context": "false",
            "is_title": "false"
        },
        {
            "id": 228,
            "form": ",",
            "pos": "PON",
            "lemma": ",",
            "has_context": "false",
            "is_title": "false"
        },
        {
            "id": 229,
            "form": "sa",
            "pos": "VER",
            "lemma": "sapere",
            "has_context": "false",
            "is_title": "false"
        },
        {
            "id": 230,
            "form": "che",
            "pos": "CON",
            "lemma": "che",
            "has_context": "false",
            "is_title": "false"
        },
        {
            "id": 231,
            "form": "tanto",
            "pos": "PRO",
            "lemma": "tanto",
            "has_context": "false",
            "is_title": "false"
        },
        {
            "id": 232,
            "form": "nel",
            "pos": "PRE",
            "lemma": "nel",
            "has_context": "false",
            "is_title": "false"
        },
        {
            "id": 233,
            "form": "film",
            "pos": "NOM",
            "lemma": "film",
            "has_context": "false",
            "is_title": "false"
        },
        {
            "id": 234,
            "form": "è",
            "pos": "VER",
            "lemma": "essere",
            "has_context": "false",
            "is_title": "false"
        },
        {
            "id": 235,
            "form": "inventato",
            "pos": "VER",
            "lemma": "inventare",
            "has_context": "true",
            "is_title": "false"
        },
        {
            "id": 236,
            "form": ",",
            "pos": "PON",
            "lemma": ",",
            "has_context": "false",
            "is_title": "false"
        },
        {
            "id": 237,
            "form": "ma",
            "pos": "CON",
            "lemma": "ma",
            "has_context": "false",
            "is_title": "false"
        },
        {
            "id": 238,
            "form": "molto",
            "pos": "PRO",
            "lemma": "molto",
            "has_context": "false",
            "is_title": "false"
        },
        {
            "id": 239,
            "form": "rappresenta",
            "pos": "VER",
            "lemma": "rappresentare",
            "has_context": "true",
            "is_title": "false"
        },
        {
            "id": 240,
            "form": "la",
            "pos": "DET",
            "lemma": "il",
            "has_context": "false",
            "is_title": "false"
        },
        {
            "id": 241,
            "form": "realtà",
            "pos": "NOM",
            "lemma": "realtà",
            "has_context": "true",
            "is_title": "false"
        },
        {
            "id": 242,
            "form": "della",
            "pos": "PRE",
            "lemma": "del",
            "has_context": "false",
            "is_title": "false"
        },
        {
            "id": 243,
            "form": "nostra",
            "pos": "PRO",
            "lemma": "nostro",
            "has_context": "false",
            "is_title": "false"
        },
        {
            "id": 244,
            "form": "società",
            "pos": "NOM",
            "lemma": "società",
            "has_context": "true",
            "is_title": "false"
        },
        {
            "id": 245,
            "form": ".",
            "pos": "SENT",
            "lemma": ".",
            "has_context": "false",
            "is_title": "false"
        }
    ]
