    [
        {
            "id": 1,
            "form": "Cristoforo",
            "pos": "NPR",
            "lemma": "Cristoforo",
            "has_context": "false",
            "is_title": "true"
        },
        {
            "id": 2,
            "form": "Colombo",
            "pos": "NPR",
            "lemma": "Colombo",
            "has_context": "false",
            "is_title": "true"
        },
        {
            "id": 3,
            "form": "Cristoforo",
            "pos": "NPR",
            "lemma": "Cristoforo",
            "has_context": "false",
            "is_title": "false"
        },
        {
            "id": 4,
            "form": "Colombo",
            "pos": "NPR",
            "lemma": "Colombo",
            "has_context": "false",
            "is_title": "false"
        },
        {
            "id": 5,
            "form": "nasce",
            "pos": "VER",
            "lemma": "nascere",
            "has_context": "false",
            "is_title": "false"
        },
        {
            "id": 6,
            "form": "vicino",
            "pos": "ADJ",
            "lemma": "vicino",
            "has_context": "false",
            "is_title": "false"
        },
        {
            "id": 7,
            "form": "a",
            "pos": "PRE",
            "lemma": "a",
            "has_context": "false",
            "is_title": "false"
        },
        {
            "id": 8,
            "form": "Genova",
            "pos": "NPR",
            "lemma": "Genova",
            "has_context": "false",
            "is_title": "false"
        },
        {
            "id": 9,
            "form": "nel",
            "pos": "PRE",
            "lemma": "nel",
            "has_context": "false",
            "is_title": "false"
        },
        {
            "id": 10,
            "form": "1451",
            "pos": "NUM",
            "lemma": "@card@",
            "has_context": "false",
            "is_title": "false"
        },
        {
            "id": 11,
            "form": "e",
            "pos": "CON",
            "lemma": "e",
            "has_context": "false",
            "is_title": "false"
        },
        {
            "id": 12,
            "form": "già",
            "pos": "ADV",
            "lemma": "già",
            "has_context": "false",
            "is_title": "false"
        },
        {
            "id": 13,
            "form": "da",
            "pos": "PRE",
            "lemma": "da",
            "has_context": "false",
            "is_title": "false"
        },
        {
            "id": 14,
            "form": "giovane",
            "pos": "ADJ",
            "lemma": "giovane",
            "has_context": "false",
            "is_title": "false"
        },
        {
            "id": 15,
            "form": "comincia",
            "pos": "VER",
            "lemma": "cominciare",
            "has_context": "false",
            "is_title": "false"
        },
        {
            "id": 16,
            "form": "ad",
            "pos": "PRE",
            "lemma": "ad",
            "has_context": "false",
            "is_title": "false"
        },
        {
            "id": 17,
            "form": "appassionarsi",
            "pos": "VER",
            "lemma": "appassionare",
            "has_context": "true",
            "is_title": "false"
        },
        {
            "id": 18,
            "form": "al",
            "pos": "PRE",
            "lemma": "al",
            "has_context": "false",
            "is_title": "false"
        },
        {
            "id": 19,
            "form": "mare",
            "pos": "NOM",
            "lemma": "mare",
            "has_context": "false",
            "is_title": "false"
        },
        {
            "id": 20,
            "form": "e",
            "pos": "CON",
            "lemma": "e",
            "has_context": "false",
            "is_title": "false"
        },
        {
            "id": 21,
            "form": "alla",
            "pos": "PRE",
            "lemma": "al",
            "has_context": "false",
            "is_title": "false"
        },
        {
            "id": 22,
            "form": "navigazione",
            "pos": "NOM",
            "lemma": "navigazione",
            "has_context": "true",
            "is_title": "false"
        },
        {
            "id": 23,
            "form": ".",
            "pos": "SENT",
            "lemma": ".",
            "has_context": "false",
            "is_title": "false"
        },
        {
            "id": 24,
            "form": "All'",
            "pos": "PRE",
            "lemma": "al",
            "has_context": "false",
            "is_title": "false"
        },
        {
            "id": 25,
            "form": "età",
            "pos": "NOM",
            "lemma": "età",
            "has_context": "false",
            "is_title": "false"
        },
        {
            "id": 26,
            "form": "di",
            "pos": "PRE",
            "lemma": "di",
            "has_context": "false",
            "is_title": "false"
        },
        {
            "id": 27,
            "form": "14",
            "pos": "NUM",
            "lemma": "@card@",
            "has_context": "false",
            "is_title": "false"
        },
        {
            "id": 28,
            "form": "anni",
            "pos": "NOM",
            "lemma": "anno",
            "has_context": "false",
            "is_title": "false"
        },
        {
            "id": 29,
            "form": "diventa",
            "pos": "VER",
            "lemma": "diventare",
            "has_context": "true",
            "is_title": "false"
        },
        {
            "id": 30,
            "form": "marinaio",
            "pos": "NOM",
            "lemma": "marinaio",
            "has_context": "true",
            "is_title": "false"
        },
        {
            "id": 31,
            "form": "e",
            "pos": "CON",
            "lemma": "e",
            "has_context": "false",
            "is_title": "false"
        },
        {
            "id": 32,
            "form": "inizia",
            "pos": "VER",
            "lemma": "iniziare",
            "has_context": "false",
            "is_title": "false"
        },
        {
            "id": 33,
            "form": "a",
            "pos": "PRE",
            "lemma": "a",
            "has_context": "false",
            "is_title": "false"
        },
        {
            "id": 34,
            "form": "viaggiare",
            "pos": "VER",
            "lemma": "viaggiare",
            "has_context": "false",
            "is_title": "false"
        },
        {
            "id": 35,
            "form": "in",
            "pos": "PRE",
            "lemma": "in",
            "has_context": "false",
            "is_title": "false"
        },
        {
            "id": 36,
            "form": "numerosi",
            "pos": "ADJ",
            "lemma": "numeroso",
            "has_context": "true",
            "is_title": "false"
        },
        {
            "id": 37,
            "form": "Paesi",
            "pos": "NOM",
            "lemma": "paese",
            "has_context": "true",
            "is_title": "false"
        },
        {
            "id": 38,
            "form": "europei",
            "pos": "ADJ",
            "lemma": "europeo",
            "has_context": "true",
            "is_title": "false"
        },
        {
            "id": 39,
            "form": ".",
            "pos": "SENT",
            "lemma": ".",
            "has_context": "false",
            "is_title": "false"
        },
        {
            "id": 40,
            "form": "Cristoforo",
            "pos": "NPR",
            "lemma": "Cristoforo",
            "has_context": "false",
            "is_title": "false"
        },
        {
            "id": 41,
            "form": "Colombo",
            "pos": "NPR",
            "lemma": "Colombo",
            "has_context": "false",
            "is_title": "false"
        },
        {
            "id": 42,
            "form": ",",
            "pos": "PON",
            "lemma": ",",
            "has_context": "false",
            "is_title": "false"
        },
        {
            "id": 43,
            "form": "appassionato",
            "pos": "ADJ",
            "lemma": "appassionato",
            "has_context": "true",
            "is_title": "false"
        },
        {
            "id": 44,
            "form": "di",
            "pos": "PRE",
            "lemma": "di",
            "has_context": "false",
            "is_title": "false"
        },
        {
            "id": 45,
            "form": "geografia",
            "pos": "NOM",
            "lemma": "geografia",
            "has_context": "false",
            "is_title": "false"
        },
        {
            "id": 46,
            "form": "ed",
            "pos": "CON",
            "lemma": "ed",
            "has_context": "false",
            "is_title": "false"
        },
        {
            "id": 47,
            "form": "astronomia",
            "pos": "NOM",
            "lemma": "astronomia",
            "has_context": "true",
            "is_title": "false"
        },
        {
            "id": 48,
            "form": ",",
            "pos": "PON",
            "lemma": ",",
            "has_context": "false",
            "is_title": "false"
        },
        {
            "id": 49,
            "form": "sostiene",
            "pos": "VER",
            "lemma": "sostenere",
            "has_context": "true",
            "is_title": "false"
        },
        {
            "id": 50,
            "form": "fermamente",
            "pos": "ADV",
            "lemma": "fermamente",
            "has_context": "true",
            "is_title": "false"
        },
        {
            "id": 51,
            "form": "che",
            "pos": "CON",
            "lemma": "che",
            "has_context": "false",
            "is_title": "false"
        },
        {
            "id": 52,
            "form": "la",
            "pos": "DET",
            "lemma": "il",
            "has_context": "false",
            "is_title": "false"
        },
        {
            "id": 53,
            "form": "Terra",
            "pos": "NOM",
            "lemma": "Terra",
            "has_context": "false",
            "is_title": "false"
        },
        {
            "id": 54,
            "form": "è",
            "pos": "VER",
            "lemma": "essere",
            "has_context": "false",
            "is_title": "false"
        },
        {
            "id": 55,
            "form": "rotonda",
            "pos": "ADJ",
            "lemma": "rotondo",
            "has_context": "true",
            "is_title": "false"
        },
        {
            "id": 56,
            "form": ".",
            "pos": "SENT",
            "lemma": ".",
            "has_context": "false",
            "is_title": "false"
        },
        {
            "id": 57,
            "form": "Per",
            "pos": "PRE",
            "lemma": "per",
            "has_context": "false",
            "is_title": "false"
        },
        {
            "id": 58,
            "form": "dimostrarlo",
            "pos": "VER",
            "lemma": "dimostrare",
            "has_context": "true",
            "is_title": "false"
        },
        {
            "id": 59,
            "form": "a",
            "pos": "PRE",
            "lemma": "a",
            "has_context": "false",
            "is_title": "false"
        },
        {
            "id": 60,
            "form": "tutti",
            "pos": "PRO",
            "lemma": "tutto",
            "has_context": "false",
            "is_title": "false"
        },
        {
            "id": 61,
            "form": ",",
            "pos": "PON",
            "lemma": ",",
            "has_context": "false",
            "is_title": "false"
        },
        {
            "id": 62,
            "form": "alla",
            "pos": "PRE",
            "lemma": "al",
            "has_context": "false",
            "is_title": "false"
        },
        {
            "id": 63,
            "form": "fine",
            "pos": "NOM",
            "lemma": "fine",
            "has_context": "false",
            "is_title": "false"
        },
        {
            "id": 64,
            "form": "del",
            "pos": "PRE",
            "lemma": "del",
            "has_context": "false",
            "is_title": "false"
        },
        {
            "id": 65,
            "form": "XV",
            "pos": "NUM",
            "lemma": "XV",
            "has_context": "false",
            "is_title": "false"
        },
        {
            "id": 66,
            "form": "secolo",
            "pos": "NOM",
            "lemma": "secolo",
            "has_context": "true",
            "is_title": "false"
        },
        {
            "id": 67,
            "form": "decide",
            "pos": "VER",
            "lemma": "decidere",
            "has_context": "true",
            "is_title": "false"
        },
        {
            "id": 68,
            "form": "di",
            "pos": "PRE",
            "lemma": "di",
            "has_context": "false",
            "is_title": "false"
        },
        {
            "id": 69,
            "form": "viaggiare",
            "pos": "VER",
            "lemma": "viaggiare",
            "has_context": "false",
            "is_title": "false"
        },
        {
            "id": 70,
            "form": "verso",
            "pos": "PRE",
            "lemma": "verso",
            "has_context": "false",
            "is_title": "false"
        },
        {
            "id": 71,
            "form": "l'",
            "pos": "DET",
            "lemma": "il",
            "has_context": "false",
            "is_title": "false"
        },
        {
            "id": 72,
            "form": "India",
            "pos": "NPR",
            "lemma": "India",
            "has_context": "false",
            "is_title": "false"
        },
        {
            "id": 73,
            "form": "navigando",
            "pos": "VER",
            "lemma": "navigare",
            "has_context": "true",
            "is_title": "false"
        },
        {
            "id": 74,
            "form": "in",
            "pos": "PRE",
            "lemma": "in",
            "has_context": "false",
            "is_title": "false"
        },
        {
            "id": 75,
            "form": "direzione",
            "pos": "NOM",
            "lemma": "direzione",
            "has_context": "true",
            "is_title": "false"
        },
        {
            "id": 76,
            "form": "ovest",
            "pos": "NOM",
            "lemma": "ovest",
            "has_context": "false",
            "is_title": "false"
        },
        {
            "id": 77,
            "form": ".",
            "pos": "SENT",
            "lemma": ".",
            "has_context": "false",
            "is_title": "false"
        },
        {
            "id": 78,
            "form": "La",
            "pos": "DET",
            "lemma": "il",
            "has_context": "false",
            "is_title": "false"
        },
        {
            "id": 79,
            "form": "spedizione",
            "pos": "NOM",
            "lemma": "spedizione",
            "has_context": "true",
            "is_title": "false"
        },
        {
            "id": 80,
            "form": "è",
            "pos": "VER",
            "lemma": "essere",
            "has_context": "false",
            "is_title": "false"
        },
        {
            "id": 81,
            "form": "molto",
            "pos": "ADV",
            "lemma": "molto",
            "has_context": "false",
            "is_title": "false"
        },
        {
            "id": 82,
            "form": "costosa",
            "pos": "ADJ",
            "lemma": "costoso",
            "has_context": "true",
            "is_title": "false"
        },
        {
            "id": 83,
            "form": "e",
            "pos": "CON",
            "lemma": "e",
            "has_context": "false",
            "is_title": "false"
        },
        {
            "id": 84,
            "form": "Cristoforo",
            "pos": "NPR",
            "lemma": "Cristoforo",
            "has_context": "false",
            "is_title": "false"
        },
        {
            "id": 85,
            "form": "Colombo",
            "pos": "NPR",
            "lemma": "Colombo",
            "has_context": "false",
            "is_title": "false"
        },
        {
            "id": 86,
            "form": "decidere",
            "pos": "VER",
            "lemma": "decidere",
            "has_context": "true",
            "is_title": "false"
        },
        {
            "id": 87,
            "form": "di",
            "pos": "PRE",
            "lemma": "di",
            "has_context": "false",
            "is_title": "false"
        },
        {
            "id": 88,
            "form": "chiedere",
            "pos": "VER",
            "lemma": "chiedere",
            "has_context": "false",
            "is_title": "false"
        },
        {
            "id": 89,
            "form": "un",
            "pos": "DET",
            "lemma": "un",
            "has_context": "false",
            "is_title": "false"
        },
        {
            "id": 90,
            "form": "aiuto",
            "pos": "NOM",
            "lemma": "aiuto",
            "has_context": "false",
            "is_title": "false"
        },
        {
            "id": 91,
            "form": "economico",
            "pos": "ADJ",
            "lemma": "economico",
            "has_context": "true",
            "is_title": "false"
        },
        {
            "id": 92,
            "form": "ai",
            "pos": "PRE",
            "lemma": "al",
            "has_context": "false",
            "is_title": "false"
        },
        {
            "id": 93,
            "form": "sovrani",
            "pos": "NOM",
            "lemma": "sovrano",
            "has_context": "true",
            "is_title": "false"
        },
        {
            "id": 94,
            "form": "del",
            "pos": "PRE",
            "lemma": "del",
            "has_context": "false",
            "is_title": "false"
        },
        {
            "id": 95,
            "form": "Portogallo",
            "pos": "NPR",
            "lemma": "Portogallo",
            "has_context": "false",
            "is_title": "false"
        },
        {
            "id": 96,
            "form": ".",
            "pos": "SENT",
            "lemma": ".",
            "has_context": "false",
            "is_title": "false"
        },
        {
            "id": 97,
            "form": "Il",
            "pos": "DET",
            "lemma": "il",
            "has_context": "false",
            "is_title": "false"
        },
        {
            "id": 98,
            "form": "re",
            "pos": "NOM",
            "lemma": "re",
            "has_context": "true",
            "is_title": "false"
        },
        {
            "id": 99,
            "form": "del",
            "pos": "PRE",
            "lemma": "del",
            "has_context": "false",
            "is_title": "false"
        },
        {
            "id": 100,
            "form": "Portogallo",
            "pos": "NPR",
            "lemma": "Portogallo",
            "has_context": "false",
            "is_title": "false"
        },
        {
            "id": 101,
            "form": "gli",
            "pos": "PRO",
            "lemma": "gli",
            "has_context": "false",
            "is_title": "false"
        },
        {
            "id": 102,
            "form": "nega",
            "pos": "VER",
            "lemma": "negare",
            "has_context": "true",
            "is_title": "false"
        },
        {
            "id": 103,
            "form": "l'",
            "pos": "DET",
            "lemma": "il",
            "has_context": "false",
            "is_title": "false"
        },
        {
            "id": 104,
            "form": "appoggio",
            "pos": "NOM",
            "lemma": "appoggio",
            "has_context": "true",
            "is_title": "false"
        },
        {
            "id": 105,
            "form": "economico",
            "pos": "ADJ",
            "lemma": "economico",
            "has_context": "true",
            "is_title": "false"
        },
        {
            "id": 106,
            "form": ",",
            "pos": "PON",
            "lemma": ",",
            "has_context": "false",
            "is_title": "false"
        },
        {
            "id": 107,
            "form": "quindi",
            "pos": "CON",
            "lemma": "quindi",
            "has_context": "false",
            "is_title": "false"
        },
        {
            "id": 108,
            "form": "si",
            "pos": "PRO",
            "lemma": "si",
            "has_context": "false",
            "is_title": "false"
        },
        {
            "id": 109,
            "form": "rivolge",
            "pos": "VER",
            "lemma": "rivolgere",
            "has_context": "true",
            "is_title": "false"
        },
        {
            "id": 110,
            "form": "alla",
            "pos": "PRE",
            "lemma": "al",
            "has_context": "false",
            "is_title": "false"
        },
        {
            "id": 111,
            "form": "regina",
            "pos": "NOM",
            "lemma": "regina",
            "has_context": "true",
            "is_title": "false"
        },
        {
            "id": 112,
            "form": "Isabella",
            "pos": "NPR",
            "lemma": "Isabella",
            "has_context": "false",
            "is_title": "false"
        },
        {
            "id": 113,
            "form": "di",
            "pos": "PRE",
            "lemma": "di",
            "has_context": "false",
            "is_title": "false"
        },
        {
            "id": 114,
            "form": "Castiglia",
            "pos": "NPR",
            "lemma": "Castiglia",
            "has_context": "false",
            "is_title": "false"
        },
        {
            "id": 115,
            "form": ".",
            "pos": "SENT",
            "lemma": ".",
            "has_context": "false",
            "is_title": "false"
        },
        {
            "id": 116,
            "form": "Ottenuti",
            "pos": "VER",
            "lemma": "ottenere",
            "has_context": "true",
            "is_title": "false"
        },
        {
            "id": 117,
            "form": "soldi",
            "pos": "NOM",
            "lemma": "soldo",
            "has_context": "false",
            "is_title": "false"
        },
        {
            "id": 118,
            "form": "e",
            "pos": "CON",
            "lemma": "e",
            "has_context": "false",
            "is_title": "false"
        },
        {
            "id": 119,
            "form": "navi",
            "pos": "NOM",
            "lemma": "nave",
            "has_context": "false",
            "is_title": "false"
        },
        {
            "id": 120,
            "form": ",",
            "pos": "PON",
            "lemma": ",",
            "has_context": "false",
            "is_title": "false"
        },
        {
            "id": 121,
            "form": "salpa",
            "pos": "VER",
            "lemma": "salpare",
            "has_context": "true",
            "is_title": "false"
        },
        {
            "id": 122,
            "form": "da",
            "pos": "PRE",
            "lemma": "da",
            "has_context": "false",
            "is_title": "false"
        },
        {
            "id": 123,
            "form": "Palos",
            "pos": "NPR",
            "lemma": "Palos",
            "has_context": "false",
            "is_title": "false"
        },
        {
            "id": 124,
            "form": "de",
            "pos": "NPR",
            "lemma": "de",
            "has_context": "false",
            "is_title": "false"
        },
        {
            "id": 125,
            "form": "la",
            "pos": "DET",
            "lemma": "il",
            "has_context": "false",
            "is_title": "false"
        },
        {
            "id": 126,
            "form": "Frontera",
            "pos": "NPR",
            "lemma": "Frontera",
            "has_context": "false",
            "is_title": "false"
        },
        {
            "id": 127,
            "form": "il",
            "pos": "DET",
            "lemma": "il",
            "has_context": "false",
            "is_title": "false"
        },
        {
            "id": 128,
            "form": "3",
            "pos": "NUM",
            "lemma": "@card@",
            "has_context": "false",
            "is_title": "false"
        },
        {
            "id": 129,
            "form": "agosto",
            "pos": "NOM",
            "lemma": "agosto",
            "has_context": "false",
            "is_title": "false"
        },
        {
            "id": 130,
            "form": "del",
            "pos": "PRE",
            "lemma": "del",
            "has_context": "false",
            "is_title": "false"
        },
        {
            "id": 131,
            "form": "1492",
            "pos": "NUM",
            "lemma": "@card@",
            "has_context": "false",
            "is_title": "false"
        },
        {
            "id": 132,
            "form": "e",
            "pos": "CON",
            "lemma": "e",
            "has_context": "false",
            "is_title": "false"
        },
        {
            "id": 133,
            "form": ",",
            "pos": "PON",
            "lemma": ",",
            "has_context": "false",
            "is_title": "false"
        },
        {
            "id": 134,
            "form": "dopo",
            "pos": "PRE",
            "lemma": "dopo",
            "has_context": "false",
            "is_title": "false"
        },
        {
            "id": 135,
            "form": "mesi",
            "pos": "NOM",
            "lemma": "mese",
            "has_context": "false",
            "is_title": "false"
        },
        {
            "id": 136,
            "form": "di",
            "pos": "PRE",
            "lemma": "di",
            "has_context": "false",
            "is_title": "false"
        },
        {
            "id": 137,
            "form": "navigazione",
            "pos": "NOM",
            "lemma": "navigazione",
            "has_context": "true",
            "is_title": "false"
        },
        {
            "id": 138,
            "form": ",",
            "pos": "PON",
            "lemma": ",",
            "has_context": "false",
            "is_title": "false"
        },
        {
            "id": 139,
            "form": "tocca",
            "pos": "VER",
            "lemma": "toccare",
            "has_context": "false",
            "is_title": "false"
        },
        {
            "id": 140,
            "form": "terra",
            "pos": "NOM",
            "lemma": "terra",
            "has_context": "false",
            "is_title": "false"
        },
        {
            "id": 141,
            "form": "il",
            "pos": "DET",
            "lemma": "il",
            "has_context": "false",
            "is_title": "false"
        },
        {
            "id": 142,
            "form": "12",
            "pos": "NUM",
            "lemma": "@card@",
            "has_context": "false",
            "is_title": "false"
        },
        {
            "id": 143,
            "form": "ottobre",
            "pos": "NOM",
            "lemma": "ottobre",
            "has_context": "false",
            "is_title": "false"
        },
        {
            "id": 144,
            "form": ".",
            "pos": "SENT",
            "lemma": ".",
            "has_context": "false",
            "is_title": "false"
        },
        {
            "id": 145,
            "form": "Tuttavia",
            "pos": "CON",
            "lemma": "tuttavia",
            "has_context": "false",
            "is_title": "false"
        },
        {
            "id": 146,
            "form": ",",
            "pos": "PON",
            "lemma": ",",
            "has_context": "false",
            "is_title": "false"
        },
        {
            "id": 147,
            "form": "non",
            "pos": "ADV",
            "lemma": "non",
            "has_context": "false",
            "is_title": "false"
        },
        {
            "id": 148,
            "form": "si",
            "pos": "PRO",
            "lemma": "si",
            "has_context": "false",
            "is_title": "false"
        },
        {
            "id": 149,
            "form": "tratta",
            "pos": "VER",
            "lemma": "trattare",
            "has_context": "true",
            "is_title": "false"
        },
        {
            "id": 150,
            "form": "dell'",
            "pos": "PRE",
            "lemma": "del",
            "has_context": "false",
            "is_title": "false"
        },
        {
            "id": 151,
            "form": "India",
            "pos": "NPR",
            "lemma": "India",
            "has_context": "false",
            "is_title": "false"
        },
        {
            "id": 152,
            "form": "ma",
            "pos": "CON",
            "lemma": "ma",
            "has_context": "false",
            "is_title": "false"
        },
        {
            "id": 153,
            "form": "di",
            "pos": "PRE",
            "lemma": "di",
            "has_context": "false",
            "is_title": "false"
        },
        {
            "id": 154,
            "form": "un",
            "pos": "DET",
            "lemma": "un",
            "has_context": "false",
            "is_title": "false"
        },
        {
            "id": 155,
            "form": "nuovo",
            "pos": "ADJ",
            "lemma": "nuovo",
            "has_context": "false",
            "is_title": "false"
        },
        {
            "id": 156,
            "form": "continente",
            "pos": "NOM",
            "lemma": "continente",
            "has_context": "true",
            "is_title": "false"
        },
        {
            "id": 157,
            "form": ":",
            "pos": "PON",
            "lemma": ":",
            "has_context": "false",
            "is_title": "false"
        },
        {
            "id": 158,
            "form": "l'",
            "pos": "DET",
            "lemma": "il",
            "has_context": "false",
            "is_title": "false"
        },
        {
            "id": 159,
            "form": "America",
            "pos": "NPR",
            "lemma": "America",
            "has_context": "false",
            "is_title": "false"
        },
        {
            "id": 160,
            "form": ",",
            "pos": "PON",
            "lemma": ",",
            "has_context": "false",
            "is_title": "false"
        },
        {
            "id": 161,
            "form": "che",
            "pos": "PRO",
            "lemma": "che",
            "has_context": "false",
            "is_title": "false"
        },
        {
            "id": 162,
            "form": "viene",
            "pos": "VER",
            "lemma": "venire",
            "has_context": "false",
            "is_title": "false"
        },
        {
            "id": 163,
            "form": "denominata",
            "pos": "VER",
            "lemma": "denominare",
            "has_context": "true",
            "is_title": "false"
        },
        {
            "id": 164,
            "form": "Nuovo",
            "pos": "ADJ",
            "lemma": "nuovo",
            "has_context": "false",
            "is_title": "false"
        },
        {
            "id": 165,
            "form": "Mondo",
            "pos": "NOM",
            "lemma": "mondo",
            "has_context": "false",
            "is_title": "false"
        },
        {
            "id": 166,
            "form": ".",
            "pos": "SENT",
            "lemma": ".",
            "has_context": "false",
            "is_title": "false"
        },
        {
            "id": 167,
            "form": "Da",
            "pos": "PRE",
            "lemma": "da",
            "has_context": "false",
            "is_title": "false"
        },
        {
            "id": 168,
            "form": "quel",
            "pos": "ADJ",
            "lemma": "quello",
            "has_context": "false",
            "is_title": "false"
        },
        {
            "id": 169,
            "form": "momento",
            "pos": "NOM",
            "lemma": "momento",
            "has_context": "false",
            "is_title": "false"
        },
        {
            "id": 170,
            "form": "prende",
            "pos": "VER",
            "lemma": "prendere",
            "has_context": "false",
            "is_title": "false"
        },
        {
            "id": 171,
            "form": "inizio",
            "pos": "NOM",
            "lemma": "inizio",
            "has_context": "false",
            "is_title": "false"
        },
        {
            "id": 172,
            "form": "la",
            "pos": "DET",
            "lemma": "il",
            "has_context": "false",
            "is_title": "false"
        },
        {
            "id": 173,
            "form": "grande",
            "pos": "ADJ",
            "lemma": "grande",
            "has_context": "false",
            "is_title": "false"
        },
        {
            "id": 174,
            "form": "colonizzazione",
            "pos": "NOM",
            "lemma": "colonizzazione",
            "has_context": "true",
            "is_title": "false"
        },
        {
            "id": 175,
            "form": "spagnola",
            "pos": "ADJ",
            "lemma": "spagnolo",
            "has_context": "false",
            "is_title": "false"
        },
        {
            "id": 176,
            "form": "del",
            "pos": "PRE",
            "lemma": "del",
            "has_context": "false",
            "is_title": "false"
        },
        {
            "id": 177,
            "form": "continente",
            "pos": "NOM",
            "lemma": "continente",
            "has_context": "true",
            "is_title": "false"
        },
        {
            "id": 178,
            "form": "americano",
            "pos": "ADJ",
            "lemma": "americano",
            "has_context": "false",
            "is_title": "false"
        },
        {
            "id": 179,
            "form": ".",
            "pos": "SENT",
            "lemma": ".",
            "has_context": "false",
            "is_title": "false"
        },
        {
            "id": 180,
            "form": "Lo",
            "pos": "DET",
            "lemma": "il",
            "has_context": "false",
            "is_title": "false"
        },
        {
            "id": 181,
            "form": "stesso",
            "pos": "ADJ",
            "lemma": "stesso",
            "has_context": "false",
            "is_title": "false"
        },
        {
            "id": 182,
            "form": "Cristoforo",
            "pos": "NPR",
            "lemma": "Cristoforo",
            "has_context": "false",
            "is_title": "false"
        },
        {
            "id": 183,
            "form": "Colombo",
            "pos": "NPR",
            "lemma": "Colombo",
            "has_context": "false",
            "is_title": "false"
        },
        {
            "id": 184,
            "form": "organizza",
            "pos": "VER",
            "lemma": "organizzare",
            "has_context": "false",
            "is_title": "false"
        },
        {
            "id": 185,
            "form": "altri",
            "pos": "PRO",
            "lemma": "altro",
            "has_context": "false",
            "is_title": "false"
        },
        {
            "id": 186,
            "form": "tre",
            "pos": "ADJ",
            "lemma": "tre",
            "has_context": "false",
            "is_title": "false"
        },
        {
            "id": 187,
            "form": "viaggi",
            "pos": "NOM",
            "lemma": "viaggio",
            "has_context": "false",
            "is_title": "false"
        },
        {
            "id": 188,
            "form": "verso",
            "pos": "PRE",
            "lemma": "verso",
            "has_context": "false",
            "is_title": "false"
        },
        {
            "id": 189,
            "form": "l'",
            "pos": "DET",
            "lemma": "il",
            "has_context": "false",
            "is_title": "false"
        },
        {
            "id": 190,
            "form": "America",
            "pos": "NPR",
            "lemma": "America",
            "has_context": "false",
            "is_title": "false"
        },
        {
            "id": 191,
            "form": ",",
            "pos": "PON",
            "lemma": ",",
            "has_context": "false",
            "is_title": "false"
        },
        {
            "id": 192,
            "form": "ma",
            "pos": "CON",
            "lemma": "ma",
            "has_context": "false",
            "is_title": "false"
        },
        {
            "id": 193,
            "form": "continui",
            "pos": "ADJ",
            "lemma": "continuo",
            "has_context": "true",
            "is_title": "false"
        },
        {
            "id": 194,
            "form": "problemi",
            "pos": "NOM",
            "lemma": "problema",
            "has_context": "false",
            "is_title": "false"
        },
        {
            "id": 195,
            "form": "e",
            "pos": "CON",
            "lemma": "e",
            "has_context": "false",
            "is_title": "false"
        },
        {
            "id": 196,
            "form": "le",
            "pos": "DET",
            "lemma": "il",
            "has_context": "false",
            "is_title": "false"
        },
        {
            "id": 197,
            "form": "grosse",
            "pos": "ADJ",
            "lemma": "grosso",
            "has_context": "true",
            "is_title": "false"
        },
        {
            "id": 198,
            "form": "difficoltà",
            "pos": "NOM",
            "lemma": "difficoltà",
            "has_context": "true",
            "is_title": "false"
        },
        {
            "id": 199,
            "form": "nel",
            "pos": "PRE",
            "lemma": "nel",
            "has_context": "false",
            "is_title": "false"
        },
        {
            "id": 200,
            "form": "trovare",
            "pos": "VER",
            "lemma": "trovare",
            "has_context": "false",
            "is_title": "false"
        },
        {
            "id": 201,
            "form": "l'",
            "pos": "DET",
            "lemma": "il",
            "has_context": "false",
            "is_title": "false"
        },
        {
            "id": 202,
            "form": "oro",
            "pos": "NOM",
            "lemma": "oro",
            "has_context": "false",
            "is_title": "false"
        },
        {
            "id": 203,
            "form": "lo",
            "pos": "PRO",
            "lemma": "lo",
            "has_context": "false",
            "is_title": "false"
        },
        {
            "id": 204,
            "form": "rendono",
            "pos": "VER",
            "lemma": "rendere",
            "has_context": "true",
            "is_title": "false"
        },
        {
            "id": 205,
            "form": "poco",
            "pos": "ADV",
            "lemma": "poco",
            "has_context": "false",
            "is_title": "false"
        },
        {
            "id": 206,
            "form": "amato",
            "pos": "ADJ",
            "lemma": "amato",
            "has_context": "true",
            "is_title": "false"
        },
        {
            "id": 207,
            "form": "dai",
            "pos": "PRE",
            "lemma": "dal",
            "has_context": "false",
            "is_title": "false"
        },
        {
            "id": 208,
            "form": "re",
            "pos": "NOM",
            "lemma": "re",
            "has_context": "true",
            "is_title": "false"
        },
        {
            "id": 209,
            "form": "di",
            "pos": "PRE",
            "lemma": "di",
            "has_context": "false",
            "is_title": "false"
        },
        {
            "id": 210,
            "form": "Spagna",
            "pos": "NPR",
            "lemma": "Spagna",
            "has_context": "false",
            "is_title": "false"
        },
        {
            "id": 211,
            "form": ".",
            "pos": "SENT",
            "lemma": ".",
            "has_context": "false",
            "is_title": "false"
        },
        {
            "id": 212,
            "form": "Muore",
            "pos": "VER",
            "lemma": "morire",
            "has_context": "false",
            "is_title": "false"
        },
        {
            "id": 213,
            "form": "a",
            "pos": "PRE",
            "lemma": "a",
            "has_context": "false",
            "is_title": "false"
        },
        {
            "id": 214,
            "form": "Valladolid",
            "pos": "NPR",
            "lemma": "Valladolid",
            "has_context": "false",
            "is_title": "false"
        },
        {
            "id": 215,
            "form": "nel",
            "pos": "PRE",
            "lemma": "nel",
            "has_context": "false",
            "is_title": "false"
        },
        {
            "id": 216,
            "form": "1506",
            "pos": "NUM",
            "lemma": "@card@",
            "has_context": "false",
            "is_title": "false"
        },
        {
            "id": 217,
            "form": ",",
            "pos": "PON",
            "lemma": ",",
            "has_context": "false",
            "is_title": "false"
        },
        {
            "id": 218,
            "form": "povero",
            "pos": "ADJ",
            "lemma": "povero",
            "has_context": "false",
            "is_title": "false"
        },
        {
            "id": 219,
            "form": "e",
            "pos": "CON",
            "lemma": "e",
            "has_context": "false",
            "is_title": "false"
        },
        {
            "id": 220,
            "form": "dimenticato",
            "pos": "VER",
            "lemma": "dimenticare",
            "has_context": "false",
            "is_title": "false"
        },
        {
            "id": 221,
            "form": "da",
            "pos": "PRE",
            "lemma": "da",
            "has_context": "false",
            "is_title": "false"
        },
        {
            "id": 222,
            "form": "tutti",
            "pos": "PRO",
            "lemma": "tutto",
            "has_context": "false",
            "is_title": "false"
        },
        {
            "id": 223,
            "form": ".",
            "pos": "SENT",
            "lemma": ".",
            "has_context": "false",
            "is_title": "false"
        }
    ]
