    [
        {
            "id": 1,
            "form": "Poveri",
            "pos": "ADJ",
            "lemma": "povero",
            "has_context": "false",
            "is_title": "true"
        },
        {
            "id": 2,
            "form": "ma",
            "pos": "CON",
            "lemma": "ma",
            "has_context": "false",
            "is_title": "true"
        },
        {
            "id": 3,
            "form": "innamorati",
            "pos": "ADJ",
            "lemma": "innamorato",
            "has_context": "true",
            "is_title": "true"
        },
        {
            "id": 4,
            "form": "Dina",
            "pos": "NPR",
            "lemma": "Dina",
            "has_context": "false",
            "is_title": "false"
        },
        {
            "id": 5,
            "form": ",",
            "pos": "PON",
            "lemma": ",",
            "has_context": "false",
            "is_title": "false"
        },
        {
            "id": 6,
            "form": "da",
            "pos": "PRE",
            "lemma": "da",
            "has_context": "false",
            "is_title": "false"
        },
        {
            "id": 7,
            "form": "giovane",
            "pos": "ADJ",
            "lemma": "giovane",
            "has_context": "false",
            "is_title": "false"
        },
        {
            "id": 8,
            "form": ",",
            "pos": "PON",
            "lemma": ",",
            "has_context": "false",
            "is_title": "false"
        },
        {
            "id": 9,
            "form": "si",
            "pos": "PRO",
            "lemma": "si",
            "has_context": "false",
            "is_title": "false"
        },
        {
            "id": 10,
            "form": "sposa",
            "pos": "VER",
            "lemma": "sposare",
            "has_context": "false",
            "is_title": "false"
        },
        {
            "id": 11,
            "form": "con",
            "pos": "PRE",
            "lemma": "con",
            "has_context": "false",
            "is_title": "false"
        },
        {
            "id": 12,
            "form": "Marco",
            "pos": "NPR",
            "lemma": "Marco",
            "has_context": "false",
            "is_title": "false"
        },
        {
            "id": 13,
            "form": "che",
            "pos": "PRO",
            "lemma": "che",
            "has_context": "false",
            "is_title": "false"
        },
        {
            "id": 14,
            "form": ",",
            "pos": "PON",
            "lemma": ",",
            "has_context": "false",
            "is_title": "false"
        },
        {
            "id": 15,
            "form": "un",
            "pos": "DET",
            "lemma": "un",
            "has_context": "false",
            "is_title": "false"
        },
        {
            "id": 16,
            "form": "giorno",
            "pos": "NOM",
            "lemma": "giorno",
            "has_context": "false",
            "is_title": "false"
        },
        {
            "id": 17,
            "form": ",",
            "pos": "PON",
            "lemma": ",",
            "has_context": "false",
            "is_title": "false"
        },
        {
            "id": 18,
            "form": "dopo",
            "pos": "ADV",
            "lemma": "dopo",
            "has_context": "false",
            "is_title": "false"
        },
        {
            "id": 19,
            "form": "vent’",
            "pos": "ADJ",
            "lemma": "venti",
            "has_context": "false",
            "is_title": "false"
        },
        {
            "id": 20,
            "form": "anni",
            "pos": "NOM",
            "lemma": "anno",
            "has_context": "false",
            "is_title": "false"
        },
        {
            "id": 21,
            "form": "di",
            "pos": "PRE",
            "lemma": "di",
            "has_context": "false",
            "is_title": "false"
        },
        {
            "id": 22,
            "form": "matrimonio",
            "pos": "NOM",
            "lemma": "matrimonio",
            "has_context": "false",
            "is_title": "false"
        },
        {
            "id": 23,
            "form": ",",
            "pos": "PON",
            "lemma": ",",
            "has_context": "false",
            "is_title": "false"
        },
        {
            "id": 24,
            "form": "va",
            "pos": "VER",
            "lemma": "andare",
            "has_context": "false",
            "is_title": "false"
        },
        {
            "id": 25,
            "form": "via",
            "pos": "ADV",
            "lemma": "via",
            "has_context": "false",
            "is_title": "false"
        },
        {
            "id": 26,
            "form": "di",
            "pos": "PRE",
            "lemma": "di",
            "has_context": "false",
            "is_title": "false"
        },
        {
            "id": 27,
            "form": "casa",
            "pos": "NOM",
            "lemma": "casa",
            "has_context": "false",
            "is_title": "false"
        },
        {
            "id": 28,
            "form": "e",
            "pos": "CON",
            "lemma": "e",
            "has_context": "false",
            "is_title": "false"
        },
        {
            "id": 29,
            "form": "la",
            "pos": "PRO",
            "lemma": "la",
            "has_context": "false",
            "is_title": "false"
        },
        {
            "id": 30,
            "form": "lascia",
            "pos": "VER",
            "lemma": "lasciare",
            "has_context": "false",
            "is_title": "false"
        },
        {
            "id": 31,
            "form": "sola",
            "pos": "ADJ",
            "lemma": "solo",
            "has_context": "false",
            "is_title": "false"
        },
        {
            "id": 32,
            "form": "con",
            "pos": "PRE",
            "lemma": "con",
            "has_context": "false",
            "is_title": "false"
        },
        {
            "id": 33,
            "form": "cinque",
            "pos": "ADJ",
            "lemma": "cinque",
            "has_context": "false",
            "is_title": "false"
        },
        {
            "id": 34,
            "form": "figli",
            "pos": "NOM",
            "lemma": "figlio",
            "has_context": "false",
            "is_title": "false"
        },
        {
            "id": 35,
            "form": "e",
            "pos": "CON",
            "lemma": "e",
            "has_context": "false",
            "is_title": "false"
        },
        {
            "id": 36,
            "form": "molti",
            "pos": "ADJ",
            "lemma": "molto",
            "has_context": "false",
            "is_title": "false"
        },
        {
            "id": 37,
            "form": "conti",
            "pos": "NOM",
            "lemma": "conto",
            "has_context": "false",
            "is_title": "false"
        },
        {
            "id": 38,
            "form": "da",
            "pos": "PRE",
            "lemma": "da",
            "has_context": "false",
            "is_title": "false"
        },
        {
            "id": 39,
            "form": "pagare",
            "pos": "VER",
            "lemma": "pagare",
            "has_context": "false",
            "is_title": "false"
        },
        {
            "id": 40,
            "form": ".",
            "pos": "SENT",
            "lemma": ".",
            "has_context": "false",
            "is_title": "false"
        },
        {
            "id": 41,
            "form": "Dina",
            "pos": "NP",
            "lemma": "dina",
            "has_context": "false",
            "is_title": "false"
        },
        {
            "id": 42,
            "form": "resta",
            "pos": "VER",
            "lemma": "restare",
            "has_context": "false",
            "is_title": "false"
        },
        {
            "id": 43,
            "form": "con",
            "pos": "PRE",
            "lemma": "con",
            "has_context": "false",
            "is_title": "false"
        },
        {
            "id": 44,
            "form": "le",
            "pos": "DET",
            "lemma": "il",
            "has_context": "false",
            "is_title": "false"
        },
        {
            "id": 45,
            "form": "due",
            "pos": "ADJ",
            "lemma": "due",
            "has_context": "false",
            "is_title": "false"
        },
        {
            "id": 46,
            "form": "figlie",
            "pos": "NOM",
            "lemma": "figlia",
            "has_context": "false",
            "is_title": "false"
        },
        {
            "id": 47,
            "form": "piccole",
            "pos": "ADJ",
            "lemma": "piccolo",
            "has_context": "false",
            "is_title": "false"
        },
        {
            "id": 48,
            "form": ",",
            "pos": "PON",
            "lemma": ",",
            "has_context": "false",
            "is_title": "false"
        },
        {
            "id": 49,
            "form": "mentre",
            "pos": "CON",
            "lemma": "mentre",
            "has_context": "false",
            "is_title": "false"
        },
        {
            "id": 50,
            "form": "gli",
            "pos": "DET",
            "lemma": "il",
            "has_context": "false",
            "is_title": "false"
        },
        {
            "id": 51,
            "form": "altri",
            "pos": "PRO",
            "lemma": "altro",
            "has_context": "false",
            "is_title": "false"
        },
        {
            "id": 52,
            "form": "tre",
            "pos": "ADJ",
            "lemma": "tre",
            "has_context": "false",
            "is_title": "false"
        },
        {
            "id": 53,
            "form": ",",
            "pos": "PON",
            "lemma": ",",
            "has_context": "false",
            "is_title": "false"
        },
        {
            "id": 54,
            "form": "ormai",
            "pos": "ADV",
            "lemma": "ormai",
            "has_context": "true",
            "is_title": "false"
        },
        {
            "id": 55,
            "form": "grandi",
            "pos": "ADJ",
            "lemma": "grande",
            "has_context": "false",
            "is_title": "false"
        },
        {
            "id": 56,
            "form": ",",
            "pos": "PON",
            "lemma": ",",
            "has_context": "false",
            "is_title": "false"
        },
        {
            "id": 57,
            "form": "vanno",
            "pos": "VER",
            "lemma": "andare",
            "has_context": "false",
            "is_title": "false"
        },
        {
            "id": 58,
            "form": "a",
            "pos": "PRE",
            "lemma": "a",
            "has_context": "false",
            "is_title": "false"
        },
        {
            "id": 59,
            "form": "vivere",
            "pos": "VER",
            "lemma": "vivere",
            "has_context": "false",
            "is_title": "false"
        },
        {
            "id": 60,
            "form": "da",
            "pos": "PRE",
            "lemma": "da",
            "has_context": "false",
            "is_title": "false"
        },
        {
            "id": 61,
            "form": "soli",
            "pos": "ADJ",
            "lemma": "solo",
            "has_context": "false",
            "is_title": "false"
        },
        {
            "id": 62,
            "form": ".",
            "pos": "SENT",
            "lemma": ".",
            "has_context": "false",
            "is_title": "false"
        },
        {
            "id": 63,
            "form": "Lei",
            "pos": "PRO",
            "lemma": "lei",
            "has_context": "false",
            "is_title": "false"
        },
        {
            "id": 64,
            "form": "lavora",
            "pos": "VER",
            "lemma": "lavorare",
            "has_context": "false",
            "is_title": "false"
        },
        {
            "id": 65,
            "form": "come",
            "pos": "PRE",
            "lemma": "come",
            "has_context": "false",
            "is_title": "false"
        },
        {
            "id": 66,
            "form": "infermiera",
            "pos": "NOM",
            "lemma": "infermiera",
            "has_context": "false",
            "is_title": "false"
        },
        {
            "id": 67,
            "form": ",",
            "pos": "PON",
            "lemma": ",",
            "has_context": "false",
            "is_title": "false"
        },
        {
            "id": 68,
            "form": "ma",
            "pos": "CON",
            "lemma": "ma",
            "has_context": "false",
            "is_title": "false"
        },
        {
            "id": 69,
            "form": "il",
            "pos": "DET",
            "lemma": "il",
            "has_context": "false",
            "is_title": "false"
        },
        {
            "id": 70,
            "form": "suo",
            "pos": "ADJ",
            "lemma": "suo",
            "has_context": "false",
            "is_title": "false"
        },
        {
            "id": 71,
            "form": "stipendio",
            "pos": "NOM",
            "lemma": "stipendio",
            "has_context": "true",
            "is_title": "false"
        },
        {
            "id": 72,
            "form": "non",
            "pos": "ADV",
            "lemma": "non",
            "has_context": "false",
            "is_title": "false"
        },
        {
            "id": 73,
            "form": "basta",
            "pos": "VER",
            "lemma": "bastare",
            "has_context": "true",
            "is_title": "false"
        },
        {
            "id": 74,
            "form": "e",
            "pos": "CON",
            "lemma": "e",
            "has_context": "false",
            "is_title": "false"
        },
        {
            "id": 75,
            "form": ",",
            "pos": "PON",
            "lemma": ",",
            "has_context": "false",
            "is_title": "false"
        },
        {
            "id": 76,
            "form": "per",
            "pos": "PRE",
            "lemma": "per",
            "has_context": "false",
            "is_title": "false"
        },
        {
            "id": 77,
            "form": "fare",
            "pos": "VER",
            "lemma": "fare",
            "has_context": "false",
            "is_title": "false"
        },
        {
            "id": 78,
            "form": "una",
            "pos": "DET",
            "lemma": "una",
            "has_context": "false",
            "is_title": "false"
        },
        {
            "id": 79,
            "form": "vita",
            "pos": "NOM",
            "lemma": "vita",
            "has_context": "true",
            "is_title": "false"
        },
        {
            "id": 80,
            "form": "dignitosa",
            "pos": "ADJ",
            "lemma": "dignitoso",
            "has_context": "true",
            "is_title": "false"
        },
        {
            "id": 81,
            "form": ",",
            "pos": "PON",
            "lemma": ",",
            "has_context": "false",
            "is_title": "false"
        },
        {
            "id": 82,
            "form": "continua",
            "pos": "VER",
            "lemma": "continuare",
            "has_context": "false",
            "is_title": "false"
        },
        {
            "id": 83,
            "form": "a",
            "pos": "PRE",
            "lemma": "a",
            "has_context": "false",
            "is_title": "false"
        },
        {
            "id": 84,
            "form": "chiedere",
            "pos": "VER",
            "lemma": "chiedere",
            "has_context": "false",
            "is_title": "false"
        },
        {
            "id": 85,
            "form": "soldi",
            "pos": "NOM",
            "lemma": "soldo",
            "has_context": "false",
            "is_title": "false"
        },
        {
            "id": 86,
            "form": "alla",
            "pos": "PRE",
            "lemma": "al",
            "has_context": "false",
            "is_title": "false"
        },
        {
            "id": 87,
            "form": "banca",
            "pos": "NOM",
            "lemma": "banca",
            "has_context": "false",
            "is_title": "false"
        },
        {
            "id": 88,
            "form": ".",
            "pos": "SENT",
            "lemma": ".",
            "has_context": "false",
            "is_title": "false"
        },
        {
            "id": 89,
            "form": "Chiede",
            "pos": "VER",
            "lemma": "chiedere",
            "has_context": "false",
            "is_title": "false"
        },
        {
            "id": 90,
            "form": "aiuto",
            "pos": "NOM",
            "lemma": "aiuto",
            "has_context": "false",
            "is_title": "false"
        },
        {
            "id": 91,
            "form": "anche",
            "pos": "CON",
            "lemma": "anche",
            "has_context": "false",
            "is_title": "false"
        },
        {
            "id": 92,
            "form": "ai",
            "pos": "PRE",
            "lemma": "al",
            "has_context": "false",
            "is_title": "false"
        },
        {
            "id": 93,
            "form": "figli",
            "pos": "NOM",
            "lemma": "figlio",
            "has_context": "false",
            "is_title": "false"
        },
        {
            "id": 94,
            "form": "più",
            "pos": "ADV",
            "lemma": "più",
            "has_context": "false",
            "is_title": "false"
        },
        {
            "id": 95,
            "form": "grandi",
            "pos": "ADJ",
            "lemma": "grande",
            "has_context": "false",
            "is_title": "false"
        },
        {
            "id": 96,
            "form": ",",
            "pos": "PON",
            "lemma": ",",
            "has_context": "false",
            "is_title": "false"
        },
        {
            "id": 97,
            "form": "che",
            "pos": "PRO",
            "lemma": "che",
            "has_context": "false",
            "is_title": "false"
        },
        {
            "id": 98,
            "form": "non",
            "pos": "ADV",
            "lemma": "non",
            "has_context": "false",
            "is_title": "false"
        },
        {
            "id": 99,
            "form": "possono",
            "pos": "VER",
            "lemma": "potere",
            "has_context": "false",
            "is_title": "false"
        },
        {
            "id": 100,
            "form": "o",
            "pos": "CON",
            "lemma": "o",
            "has_context": "false",
            "is_title": "false"
        },
        {
            "id": 101,
            "form": "non",
            "pos": "ADV",
            "lemma": "non",
            "has_context": "false",
            "is_title": "false"
        },
        {
            "id": 102,
            "form": "vogliono",
            "pos": "VER",
            "lemma": "volere",
            "has_context": "false",
            "is_title": "false"
        },
        {
            "id": 103,
            "form": "aiutarla",
            "pos": "VER",
            "lemma": "aiutare",
            "has_context": "false",
            "is_title": "false"
        },
        {
            "id": 104,
            "form": ".",
            "pos": "SENT",
            "lemma": ".",
            "has_context": "false",
            "is_title": "false"
        },
        {
            "id": 105,
            "form": "Così",
            "pos": "ADV",
            "lemma": "così",
            "has_context": "false",
            "is_title": "false"
        },
        {
            "id": 106,
            "form": "a",
            "pos": "PRE",
            "lemma": "a",
            "has_context": "false",
            "is_title": "false"
        },
        {
            "id": 107,
            "form": "Dina",
            "pos": "NPR",
            "lemma": "Dina",
            "has_context": "false",
            "is_title": "false"
        },
        {
            "id": 108,
            "form": "non",
            "pos": "ADV",
            "lemma": "non",
            "has_context": "false",
            "is_title": "false"
        },
        {
            "id": 109,
            "form": "resta",
            "pos": "VER",
            "lemma": "restare",
            "has_context": "false",
            "is_title": "false"
        },
        {
            "id": 110,
            "form": "che",
            "pos": "CON",
            "lemma": "che",
            "has_context": "false",
            "is_title": "false"
        },
        {
            "id": 111,
            "form": "affidare",
            "pos": "VER",
            "lemma": "affidare",
            "has_context": "true",
            "is_title": "false"
        },
        {
            "id": 112,
            "form": "le",
            "pos": "DET",
            "lemma": "il",
            "has_context": "false",
            "is_title": "false"
        },
        {
            "id": 113,
            "form": "due",
            "pos": "ADJ",
            "lemma": "due",
            "has_context": "false",
            "is_title": "false"
        },
        {
            "id": 114,
            "form": "bambine",
            "pos": "NOM",
            "lemma": "bambina",
            "has_context": "false",
            "is_title": "false"
        },
        {
            "id": 115,
            "form": "ai",
            "pos": "PRE",
            "lemma": "al",
            "has_context": "false",
            "is_title": "false"
        },
        {
            "id": 116,
            "form": "figli",
            "pos": "NOM",
            "lemma": "figlio",
            "has_context": "false",
            "is_title": "false"
        },
        {
            "id": 117,
            "form": "più",
            "pos": "ADV",
            "lemma": "più",
            "has_context": "false",
            "is_title": "false"
        },
        {
            "id": 118,
            "form": "grandi",
            "pos": "ADJ",
            "lemma": "grande",
            "has_context": "false",
            "is_title": "false"
        },
        {
            "id": 119,
            "form": ",",
            "pos": "PON",
            "lemma": ",",
            "has_context": "false",
            "is_title": "false"
        },
        {
            "id": 120,
            "form": "lasciare",
            "pos": "VER",
            "lemma": "lasciare",
            "has_context": "false",
            "is_title": "false"
        },
        {
            "id": 121,
            "form": "la",
            "pos": "DET",
            "lemma": "il",
            "has_context": "false",
            "is_title": "false"
        },
        {
            "id": 122,
            "form": "casa",
            "pos": "NOM",
            "lemma": "casa",
            "has_context": "false",
            "is_title": "false"
        },
        {
            "id": 123,
            "form": "e",
            "pos": "CON",
            "lemma": "e",
            "has_context": "false",
            "is_title": "false"
        },
        {
            "id": 124,
            "form": "andare",
            "pos": "VER",
            "lemma": "andare",
            "has_context": "false",
            "is_title": "false"
        },
        {
            "id": 125,
            "form": "a",
            "pos": "PRE",
            "lemma": "a",
            "has_context": "false",
            "is_title": "false"
        },
        {
            "id": 126,
            "form": "vivere",
            "pos": "VER",
            "lemma": "vivere",
            "has_context": "false",
            "is_title": "false"
        },
        {
            "id": 127,
            "form": "alla",
            "pos": "PRE",
            "lemma": "al",
            "has_context": "false",
            "is_title": "false"
        },
        {
            "id": 128,
            "form": "stazione",
            "pos": "NOM",
            "lemma": "stazione",
            "has_context": "false",
            "is_title": "false"
        },
        {
            "id": 129,
            "form": ".",
            "pos": "SENT",
            "lemma": ".",
            "has_context": "false",
            "is_title": "false"
        },
        {
            "id": 130,
            "form": "Dopo",
            "pos": "PRE",
            "lemma": "dopo",
            "has_context": "false",
            "is_title": "false"
        },
        {
            "id": 131,
            "form": "un",
            "pos": "DET",
            "lemma": "un",
            "has_context": "false",
            "is_title": "false"
        },
        {
            "id": 132,
            "form": "mese",
            "pos": "NOM",
            "lemma": "mese",
            "has_context": "false",
            "is_title": "false"
        },
        {
            "id": 133,
            "form": ",",
            "pos": "PON",
            "lemma": ",",
            "has_context": "false",
            "is_title": "false"
        },
        {
            "id": 134,
            "form": "incontra",
            "pos": "VER",
            "lemma": "incontrare",
            "has_context": "false",
            "is_title": "false"
        },
        {
            "id": 135,
            "form": "“",
            "pos": "NOM",
            "lemma": "“",
            "has_context": "false",
            "is_title": "false"
        },
        {
            "id": 136,
            "form": "lui",
            "pos": "PRO",
            "lemma": "lui",
            "has_context": "false",
            "is_title": "false"
        },
        {
            "id": 137,
            "form": "”",
            "pos": "NOM",
            "lemma": "”",
            "has_context": "false",
            "is_title": "false"
        },
        {
            "id": 138,
            "form": ":",
            "pos": "PON",
            "lemma": ":",
            "has_context": "false",
            "is_title": "false"
        },
        {
            "id": 139,
            "form": "si",
            "pos": "PRO",
            "lemma": "si",
            "has_context": "false",
            "is_title": "false"
        },
        {
            "id": 140,
            "form": "guardano",
            "pos": "VER",
            "lemma": "guardare",
            "has_context": "false",
            "is_title": "false"
        },
        {
            "id": 141,
            "form": ",",
            "pos": "PON",
            "lemma": ",",
            "has_context": "false",
            "is_title": "false"
        },
        {
            "id": 142,
            "form": "si",
            "pos": "PRO",
            "lemma": "si",
            "has_context": "false",
            "is_title": "false"
        },
        {
            "id": 143,
            "form": "parlano",
            "pos": "VER",
            "lemma": "parlare",
            "has_context": "false",
            "is_title": "false"
        },
        {
            "id": 144,
            "form": ",",
            "pos": "PON",
            "lemma": ",",
            "has_context": "false",
            "is_title": "false"
        },
        {
            "id": 145,
            "form": "cominciano",
            "pos": "VER",
            "lemma": "cominciare",
            "has_context": "false",
            "is_title": "false"
        },
        {
            "id": 146,
            "form": "a",
            "pos": "PRE",
            "lemma": "a",
            "has_context": "false",
            "is_title": "false"
        },
        {
            "id": 147,
            "form": "conoscersi",
            "pos": "VER",
            "lemma": "conoscere",
            "has_context": "false",
            "is_title": "false"
        },
        {
            "id": 148,
            "form": "e",
            "pos": "CON",
            "lemma": "e",
            "has_context": "false",
            "is_title": "false"
        },
        {
            "id": 149,
            "form": "in",
            "pos": "PRE",
            "lemma": "in",
            "has_context": "false",
            "is_title": "false"
        },
        {
            "id": 150,
            "form": "questo",
            "pos": "ADJ",
            "lemma": "questo",
            "has_context": "false",
            "is_title": "false"
        },
        {
            "id": 151,
            "form": "modo",
            "pos": "NOM",
            "lemma": "modo",
            "has_context": "true",
            "is_title": "false"
        },
        {
            "id": 152,
            "form": "inizia",
            "pos": "VER",
            "lemma": "iniziare",
            "has_context": "false",
            "is_title": "false"
        },
        {
            "id": 153,
            "form": "la",
            "pos": "DET",
            "lemma": "il",
            "has_context": "false",
            "is_title": "false"
        },
        {
            "id": 154,
            "form": "loro",
            "pos": "ADJ",
            "lemma": "loro",
            "has_context": "false",
            "is_title": "false"
        },
        {
            "id": 155,
            "form": "storia",
            "pos": "NOM",
            "lemma": "storia",
            "has_context": "false",
            "is_title": "false"
        },
        {
            "id": 156,
            "form": "d’",
            "pos": "PRE",
            "lemma": "di",
            "has_context": "false",
            "is_title": "false"
        },
        {
            "id": 157,
            "form": "amore",
            "pos": "NOM",
            "lemma": "amore",
            "has_context": "false",
            "is_title": "false"
        },
        {
            "id": 158,
            "form": ".",
            "pos": "SENT",
            "lemma": ".",
            "has_context": "false",
            "is_title": "false"
        },
        {
            "id": 159,
            "form": "Antonello",
            "pos": "NPR",
            "lemma": "Antonello",
            "has_context": "false",
            "is_title": "false"
        },
        {
            "id": 160,
            "form": "e",
            "pos": "CON",
            "lemma": "e",
            "has_context": "false",
            "is_title": "false"
        },
        {
            "id": 161,
            "form": "Dina",
            "pos": "NPR",
            "lemma": "Dina",
            "has_context": "false",
            "is_title": "false"
        },
        {
            "id": 162,
            "form": "stanno",
            "pos": "VER",
            "lemma": "stare",
            "has_context": "false",
            "is_title": "false"
        },
        {
            "id": 163,
            "form": "sempre",
            "pos": "ADV",
            "lemma": "sempre",
            "has_context": "false",
            "is_title": "false"
        },
        {
            "id": 164,
            "form": "insieme",
            "pos": "ADV",
            "lemma": "insieme",
            "has_context": "false",
            "is_title": "false"
        },
        {
            "id": 165,
            "form": ",",
            "pos": "PON",
            "lemma": ",",
            "has_context": "false",
            "is_title": "false"
        },
        {
            "id": 166,
            "form": "discutono",
            "pos": "VER",
            "lemma": "discutere",
            "has_context": "true",
            "is_title": "false"
        },
        {
            "id": 167,
            "form": "dei",
            "pos": "PRE",
            "lemma": "del",
            "has_context": "false",
            "is_title": "false"
        },
        {
            "id": 168,
            "form": "loro",
            "pos": "ADJ",
            "lemma": "loro",
            "has_context": "false",
            "is_title": "false"
        },
        {
            "id": 169,
            "form": "problemi",
            "pos": "NOM",
            "lemma": "problema",
            "has_context": "false",
            "is_title": "false"
        },
        {
            "id": 170,
            "form": "e",
            "pos": "CON",
            "lemma": "e",
            "has_context": "false",
            "is_title": "false"
        },
        {
            "id": 171,
            "form": "lui",
            "pos": "PRO",
            "lemma": "lui",
            "has_context": "false",
            "is_title": "false"
        },
        {
            "id": 172,
            "form": "le",
            "pos": "PRO",
            "lemma": "le",
            "has_context": "false",
            "is_title": "false"
        },
        {
            "id": 173,
            "form": "ripete",
            "pos": "VER",
            "lemma": "ripetere",
            "has_context": "false",
            "is_title": "false"
        },
        {
            "id": 174,
            "form": ":",
            "pos": "PON",
            "lemma": ":",
            "has_context": "false",
            "is_title": "false"
        },
        {
            "id": 175,
            "form": "“",
            "pos": "NOM",
            "lemma": "“",
            "has_context": "false",
            "is_title": "false"
        },
        {
            "id": 176,
            "form": "Questa",
            "pos": "PRO",
            "lemma": "questo",
            "has_context": "false",
            "is_title": "false"
        },
        {
            "id": 177,
            "form": "non",
            "pos": "ADV",
            "lemma": "non",
            "has_context": "false",
            "is_title": "false"
        },
        {
            "id": 178,
            "form": "è",
            "pos": "VER",
            "lemma": "essere",
            "has_context": "false",
            "is_title": "false"
        },
        {
            "id": 179,
            "form": "vita",
            "pos": "NOM",
            "lemma": "vita",
            "has_context": "true",
            "is_title": "false"
        },
        {
            "id": 180,
            "form": "per",
            "pos": "PRE",
            "lemma": "per",
            "has_context": "false",
            "is_title": "false"
        },
        {
            "id": 181,
            "form": "te",
            "pos": "PRO",
            "lemma": "te",
            "has_context": "false",
            "is_title": "false"
        },
        {
            "id": 182,
            "form": "”",
            "pos": "NOM",
            "lemma": "”",
            "has_context": "false",
            "is_title": "false"
        },
        {
            "id": 183,
            "form": ".",
            "pos": "SENT",
            "lemma": ".",
            "has_context": "false",
            "is_title": "false"
        },
        {
            "id": 184,
            "form": "Lei",
            "pos": "PRO",
            "lemma": "lei",
            "has_context": "false",
            "is_title": "false"
        },
        {
            "id": 185,
            "form": "continua",
            "pos": "VER",
            "lemma": "continuare",
            "has_context": "false",
            "is_title": "false"
        },
        {
            "id": 186,
            "form": "a",
            "pos": "PRE",
            "lemma": "a",
            "has_context": "false",
            "is_title": "false"
        },
        {
            "id": 187,
            "form": "lavorare",
            "pos": "VER",
            "lemma": "lavorare",
            "has_context": "false",
            "is_title": "false"
        },
        {
            "id": 188,
            "form": "anche",
            "pos": "CON",
            "lemma": "anche",
            "has_context": "false",
            "is_title": "false"
        },
        {
            "id": 189,
            "form": "se",
            "pos": "CON",
            "lemma": "se",
            "has_context": "false",
            "is_title": "false"
        },
        {
            "id": 190,
            "form": ":",
            "pos": "PON",
            "lemma": ":",
            "has_context": "false",
            "is_title": "false"
        },
        {
            "id": 191,
            "form": "“",
            "pos": "NOM",
            "lemma": "“",
            "has_context": "false",
            "is_title": "false"
        },
        {
            "id": 192,
            "form": "...",
            "pos": "PON",
            "lemma": "...",
            "has_context": "false",
            "is_title": "false"
        },
        {
            "id": 193,
            "form": "la",
            "pos": "DET",
            "lemma": "il",
            "has_context": "false",
            "is_title": "false"
        },
        {
            "id": 194,
            "form": "gente",
            "pos": "NOM",
            "lemma": "gente",
            "has_context": "true",
            "is_title": "false"
        },
        {
            "id": 195,
            "form": "chiacchiera",
            "pos": "VER",
            "lemma": "chiacchierare",
            "has_context": "true",
            "is_title": "false"
        },
        {
            "id": 196,
            "form": "e",
            "pos": "CON",
            "lemma": "e",
            "has_context": "false",
            "is_title": "false"
        },
        {
            "id": 197,
            "form": "dice",
            "pos": "VER",
            "lemma": "dire",
            "has_context": "false",
            "is_title": "false"
        },
        {
            "id": 198,
            "form": "cattiverie",
            "pos": "NOM",
            "lemma": "cattiveria",
            "has_context": "true",
            "is_title": "false"
        },
        {
            "id": 199,
            "form": ",",
            "pos": "PON",
            "lemma": ",",
            "has_context": "false",
            "is_title": "false"
        },
        {
            "id": 200,
            "form": "ma",
            "pos": "CON",
            "lemma": "ma",
            "has_context": "false",
            "is_title": "false"
        },
        {
            "id": 201,
            "form": "a",
            "pos": "PRE",
            "lemma": "a",
            "has_context": "false",
            "is_title": "false"
        },
        {
            "id": 202,
            "form": "me",
            "pos": "PRO",
            "lemma": "me",
            "has_context": "false",
            "is_title": "false"
        },
        {
            "id": 203,
            "form": "non",
            "pos": "ADV",
            "lemma": "non",
            "has_context": "false",
            "is_title": "false"
        },
        {
            "id": 204,
            "form": "importa",
            "pos": "VER",
            "lemma": "importare",
            "has_context": "true",
            "is_title": "false"
        },
        {
            "id": 205,
            "form": "nulla",
            "pos": "PRO",
            "lemma": "nulla",
            "has_context": "false",
            "is_title": "false"
        },
        {
            "id": 206,
            "form": "”",
            "pos": "NOM",
            "lemma": "”",
            "has_context": "false",
            "is_title": "false"
        },
        {
            "id": 207,
            "form": ".",
            "pos": "SENT",
            "lemma": ".",
            "has_context": "false",
            "is_title": "false"
        },
        {
            "id": 208,
            "form": "Due",
            "pos": "ADJ",
            "lemma": "due",
            "has_context": "false",
            "is_title": "false"
        },
        {
            "id": 209,
            "form": "volte",
            "pos": "NOM",
            "lemma": "volta",
            "has_context": "false",
            "is_title": "false"
        },
        {
            "id": 210,
            "form": "alla",
            "pos": "PRE",
            "lemma": "al",
            "has_context": "false",
            "is_title": "false"
        },
        {
            "id": 211,
            "form": "settimana",
            "pos": "NOM",
            "lemma": "settimana",
            "has_context": "false",
            "is_title": "false"
        },
        {
            "id": 212,
            "form": "va",
            "pos": "VER",
            "lemma": "andare",
            "has_context": "false",
            "is_title": "false"
        },
        {
            "id": 213,
            "form": "a",
            "pos": "PRE",
            "lemma": "a",
            "has_context": "false",
            "is_title": "false"
        },
        {
            "id": 214,
            "form": "trovare",
            "pos": "VER",
            "lemma": "trovare",
            "has_context": "false",
            "is_title": "false"
        },
        {
            "id": 215,
            "form": "le",
            "pos": "DET",
            "lemma": "il",
            "has_context": "false",
            "is_title": "false"
        },
        {
            "id": 216,
            "form": "sue",
            "pos": "ADJ",
            "lemma": "suo",
            "has_context": "false",
            "is_title": "false"
        },
        {
            "id": 217,
            "form": "piccole",
            "pos": "NOM",
            "lemma": "piccolo",
            "has_context": "false",
            "is_title": "false"
        },
        {
            "id": 218,
            "form": "alle",
            "pos": "PRE",
            "lemma": "al",
            "has_context": "false",
            "is_title": "false"
        },
        {
            "id": 219,
            "form": "quali",
            "pos": "PRO",
            "lemma": "quale",
            "has_context": "false",
            "is_title": "false"
        },
        {
            "id": 220,
            "form": "ha",
            "pos": "VER",
            "lemma": "avere",
            "has_context": "false",
            "is_title": "false"
        },
        {
            "id": 221,
            "form": "presentato",
            "pos": "VER",
            "lemma": "presentare",
            "has_context": "true",
            "is_title": "false"
        },
        {
            "id": 222,
            "form": "Antonello",
            "pos": "NPR",
            "lemma": "Antonello",
            "has_context": "false",
            "is_title": "false"
        },
        {
            "id": 223,
            "form": ",",
            "pos": "PON",
            "lemma": ",",
            "has_context": "false",
            "is_title": "false"
        },
        {
            "id": 224,
            "form": "con",
            "pos": "PRE",
            "lemma": "con",
            "has_context": "false",
            "is_title": "false"
        },
        {
            "id": 225,
            "form": "il",
            "pos": "DET",
            "lemma": "il",
            "has_context": "false",
            "is_title": "false"
        },
        {
            "id": 226,
            "form": "quale",
            "pos": "PRO",
            "lemma": "quale",
            "has_context": "false",
            "is_title": "false"
        },
        {
            "id": 227,
            "form": "hanno",
            "pos": "VER",
            "lemma": "avere",
            "has_context": "false",
            "is_title": "false"
        },
        {
            "id": 228,
            "form": "scherzato",
            "pos": "VER",
            "lemma": "scherzare",
            "has_context": "true",
            "is_title": "false"
        },
        {
            "id": 229,
            "form": "e",
            "pos": "CON",
            "lemma": "e",
            "has_context": "false",
            "is_title": "false"
        },
        {
            "id": 230,
            "form": "giocato",
            "pos": "VER",
            "lemma": "giocare",
            "has_context": "false",
            "is_title": "false"
        },
        {
            "id": 231,
            "form": "subito",
            "pos": "ADV",
            "lemma": "subito",
            "has_context": "false",
            "is_title": "false"
        },
        {
            "id": 232,
            "form": ".",
            "pos": "SENT",
            "lemma": ".",
            "has_context": "false",
            "is_title": "false"
        },
        {
            "id": 233,
            "form": "Ora",
            "pos": "ADV",
            "lemma": "ora",
            "has_context": "false",
            "is_title": "false"
        },
        {
            "id": 234,
            "form": ",",
            "pos": "PON",
            "lemma": ",",
            "has_context": "false",
            "is_title": "false"
        },
        {
            "id": 235,
            "form": "i",
            "pos": "DET",
            "lemma": "il",
            "has_context": "false",
            "is_title": "false"
        },
        {
            "id": 236,
            "form": "due",
            "pos": "ADJ",
            "lemma": "due",
            "has_context": "false",
            "is_title": "false"
        },
        {
            "id": 237,
            "form": "innamorati",
            "pos": "NOM",
            "lemma": "innamorato",
            "has_context": "false",
            "is_title": "false"
        },
        {
            "id": 238,
            "form": "sognano",
            "pos": "VER",
            "lemma": "sognare",
            "has_context": "true",
            "is_title": "false"
        },
        {
            "id": 239,
            "form": "di",
            "pos": "PRE",
            "lemma": "di",
            "has_context": "false",
            "is_title": "false"
        },
        {
            "id": 240,
            "form": "trovare",
            "pos": "VER",
            "lemma": "trovare",
            "has_context": "false",
            "is_title": "false"
        },
        {
            "id": 241,
            "form": "una",
            "pos": "DET",
            "lemma": "una",
            "has_context": "false",
            "is_title": "false"
        },
        {
            "id": 242,
            "form": "casa",
            "pos": "NOM",
            "lemma": "casa",
            "has_context": "false",
            "is_title": "false"
        },
        {
            "id": 243,
            "form": "per",
            "pos": "PRE",
            "lemma": "per",
            "has_context": "false",
            "is_title": "false"
        },
        {
            "id": 244,
            "form": "continuare",
            "pos": "VER",
            "lemma": "continuare",
            "has_context": "false",
            "is_title": "false"
        },
        {
            "id": 245,
            "form": "a",
            "pos": "PRE",
            "lemma": "a",
            "has_context": "false",
            "is_title": "false"
        },
        {
            "id": 246,
            "form": "vivere",
            "pos": "VER",
            "lemma": "vivere",
            "has_context": "false",
            "is_title": "false"
        },
        {
            "id": 247,
            "form": "insieme",
            "pos": "ADV",
            "lemma": "insieme",
            "has_context": "false",
            "is_title": "false"
        },
        {
            "id": 248,
            "form": "e",
            "pos": "CON",
            "lemma": "e",
            "has_context": "false",
            "is_title": "false"
        },
        {
            "id": 249,
            "form": "sperano",
            "pos": "VER",
            "lemma": "sperare",
            "has_context": "false",
            "is_title": "false"
        },
        {
            "id": 250,
            "form": "di",
            "pos": "PRE",
            "lemma": "di",
            "has_context": "false",
            "is_title": "false"
        },
        {
            "id": 251,
            "form": "diventare",
            "pos": "VER",
            "lemma": "diventare",
            "has_context": "true",
            "is_title": "false"
        },
        {
            "id": 252,
            "form": "presto",
            "pos": "ADV",
            "lemma": "presto",
            "has_context": "false",
            "is_title": "false"
        },
        {
            "id": 253,
            "form": "una",
            "pos": "DET",
            "lemma": "una",
            "has_context": "false",
            "is_title": "false"
        },
        {
            "id": 254,
            "form": "vera",
            "pos": "ADJ",
            "lemma": "vero",
            "has_context": "false",
            "is_title": "false"
        },
        {
            "id": 255,
            "form": "famiglia",
            "pos": "NOM",
            "lemma": "famiglia",
            "has_context": "false",
            "is_title": "false"
        },
        {
            "id": 256,
            "form": "tranquilla",
            "pos": "ADJ",
            "lemma": "tranquillo",
            "has_context": "false",
            "is_title": "false"
        },
        {
            "id": 257,
            "form": ".",
            "pos": "SENT",
            "lemma": ".",
            "has_context": "false",
            "is_title": "false"
        }
    ]
