    [
        {
            "id": 1,
            "form": "La",
            "pos": "DET",
            "lemma": "il",
            "has_context": "false",
            "is_title": "true"
        },
        {
            "id": 2,
            "form": "mia",
            "pos": "ADJ",
            "lemma": "mio",
            "has_context": "false",
            "is_title": "true"
        },
        {
            "id": 3,
            "form": "città",
            "pos": "NOM",
            "lemma": "città",
            "has_context": "false",
            "is_title": "true"
        },
        {
            "id": 4,
            "form": "Sono",
            "pos": "VER",
            "lemma": "essere",
            "has_context": "false",
            "is_title": "false"
        },
        {
            "id": 5,
            "form": "nata",
            "pos": "VER",
            "lemma": "nascere",
            "has_context": "false",
            "is_title": "false"
        },
        {
            "id": 6,
            "form": "a",
            "pos": "PRE",
            "lemma": "a",
            "has_context": "false",
            "is_title": "false"
        },
        {
            "id": 7,
            "form": "Roma",
            "pos": "NPR",
            "lemma": "Roma",
            "has_context": "false",
            "is_title": "false"
        },
        {
            "id": 8,
            "form": "e",
            "pos": "CON",
            "lemma": "e",
            "has_context": "false",
            "is_title": "false"
        },
        {
            "id": 9,
            "form": "penso",
            "pos": "VER",
            "lemma": "pensare",
            "has_context": "false",
            "is_title": "false"
        },
        {
            "id": 10,
            "form": "che",
            "pos": "PRO",
            "lemma": "che",
            "has_context": "false",
            "is_title": "false"
        },
        {
            "id": 11,
            "form": "sia",
            "pos": "VER",
            "lemma": "essere",
            "has_context": "false",
            "is_title": "false"
        },
        {
            "id": 12,
            "form": "la",
            "pos": "DET",
            "lemma": "il",
            "has_context": "false",
            "is_title": "false"
        },
        {
            "id": 13,
            "form": "città",
            "pos": "NOM",
            "lemma": "città",
            "has_context": "false",
            "is_title": "false"
        },
        {
            "id": 14,
            "form": "più",
            "pos": "ADV",
            "lemma": "più",
            "has_context": "false",
            "is_title": "false"
        },
        {
            "id": 15,
            "form": "bella",
            "pos": "ADJ",
            "lemma": "bello",
            "has_context": "false",
            "is_title": "false"
        },
        {
            "id": 16,
            "form": "del",
            "pos": "PRE",
            "lemma": "del",
            "has_context": "false",
            "is_title": "false"
        },
        {
            "id": 17,
            "form": "mondo",
            "pos": "NOM",
            "lemma": "mondo",
            "has_context": "false",
            "is_title": "false"
        },
        {
            "id": 18,
            "form": ".",
            "pos": "SENT",
            "lemma": ".",
            "has_context": "false",
            "is_title": "false"
        },
        {
            "id": 19,
            "form": "Io",
            "pos": "PRO",
            "lemma": "io",
            "has_context": "false",
            "is_title": "false"
        },
        {
            "id": 20,
            "form": "vivo",
            "pos": "VER",
            "lemma": "vivere",
            "has_context": "false",
            "is_title": "false"
        },
        {
            "id": 21,
            "form": "in",
            "pos": "PRE",
            "lemma": "in",
            "has_context": "false",
            "is_title": "false"
        },
        {
            "id": 22,
            "form": "periferia",
            "pos": "NOM",
            "lemma": "periferia",
            "has_context": "false",
            "is_title": "false"
        },
        {
            "id": 23,
            "form": "ma",
            "pos": "CON",
            "lemma": "ma",
            "has_context": "false",
            "is_title": "false"
        },
        {
            "id": 24,
            "form": "tutti",
            "pos": "ADJ",
            "lemma": "tutto",
            "has_context": "false",
            "is_title": "false"
        },
        {
            "id": 25,
            "form": "i",
            "pos": "DET",
            "lemma": "il",
            "has_context": "false",
            "is_title": "false"
        },
        {
            "id": 26,
            "form": "weekend",
            "pos": "NOM",
            "lemma": "weekend",
            "has_context": "false",
            "is_title": "false"
        },
        {
            "id": 27,
            "form": "visito",
            "pos": "VER",
            "lemma": "visitare",
            "has_context": "false",
            "is_title": "false"
        },
        {
            "id": 28,
            "form": "il",
            "pos": "DET",
            "lemma": "il",
            "has_context": "false",
            "is_title": "false"
        },
        {
            "id": 29,
            "form": "centro",
            "pos": "NOM",
            "lemma": "centro",
            "has_context": "false",
            "is_title": "false"
        },
        {
            "id": 30,
            "form": "con",
            "pos": "PRE",
            "lemma": "con",
            "has_context": "false",
            "is_title": "false"
        },
        {
            "id": 31,
            "form": "la",
            "pos": "DET",
            "lemma": "il",
            "has_context": "false",
            "is_title": "false"
        },
        {
            "id": 32,
            "form": "mia",
            "pos": "ADJ",
            "lemma": "mio",
            "has_context": "false",
            "is_title": "false"
        },
        {
            "id": 33,
            "form": "famiglia",
            "pos": "NOM",
            "lemma": "famiglia",
            "has_context": "false",
            "is_title": "false"
        },
        {
            "id": 34,
            "form": ".",
            "pos": "SENT",
            "lemma": ".",
            "has_context": "false",
            "is_title": "false"
        },
        {
            "id": 35,
            "form": "Il",
            "pos": "DET",
            "lemma": "il",
            "has_context": "false",
            "is_title": "false"
        },
        {
            "id": 36,
            "form": "luogo",
            "pos": "NOM",
            "lemma": "luogo",
            "has_context": "false",
            "is_title": "false"
        },
        {
            "id": 37,
            "form": "che",
            "pos": "PRO",
            "lemma": "che",
            "has_context": "false",
            "is_title": "false"
        },
        {
            "id": 38,
            "form": "amo",
            "pos": "VER",
            "lemma": "amare",
            "has_context": "false",
            "is_title": "false"
        },
        {
            "id": 39,
            "form": "di",
            "pos": "PRE",
            "lemma": "di",
            "has_context": "false",
            "is_title": "false"
        },
        {
            "id": 40,
            "form": "più",
            "pos": "ADV",
            "lemma": "più",
            "has_context": "false",
            "is_title": "false"
        },
        {
            "id": 41,
            "form": "è",
            "pos": "VER",
            "lemma": "essere",
            "has_context": "false",
            "is_title": "false"
        },
        {
            "id": 42,
            "form": "Villa",
            "pos": "NPR",
            "lemma": "Villa",
            "has_context": "false",
            "is_title": "false"
        },
        {
            "id": 43,
            "form": "Borghese",
            "pos": "NPR",
            "lemma": "Borghese",
            "has_context": "false",
            "is_title": "false"
        },
        {
            "id": 44,
            "form": ":",
            "pos": "PON",
            "lemma": ":",
            "has_context": "false",
            "is_title": "false"
        },
        {
            "id": 45,
            "form": "potrei",
            "pos": "VER",
            "lemma": "potere",
            "has_context": "false",
            "is_title": "false"
        },
        {
            "id": 46,
            "form": "trascorrere",
            "pos": "VER",
            "lemma": "trascorrere",
            "has_context": "false",
            "is_title": "false"
        },
        {
            "id": 47,
            "form": "intere",
            "pos": "ADJ",
            "lemma": "intero",
            "has_context": "true",
            "is_title": "false"
        },
        {
            "id": 48,
            "form": "ore",
            "pos": "NOM",
            "lemma": "ora",
            "has_context": "false",
            "is_title": "false"
        },
        {
            "id": 49,
            "form": "a",
            "pos": "PRE",
            "lemma": "a",
            "has_context": "false",
            "is_title": "false"
        },
        {
            "id": 50,
            "form": "passeggiare",
            "pos": "VER",
            "lemma": "passeggiare",
            "has_context": "false",
            "is_title": "false"
        },
        {
            "id": 51,
            "form": "lungo",
            "pos": "PRE",
            "lemma": "lungo",
            "has_context": "false",
            "is_title": "false"
        },
        {
            "id": 52,
            "form": "i",
            "pos": "DET",
            "lemma": "il",
            "has_context": "false",
            "is_title": "false"
        },
        {
            "id": 53,
            "form": "viali",
            "pos": "NOM",
            "lemma": "viale",
            "has_context": "true",
            "is_title": "false"
        },
        {
            "id": 54,
            "form": "alberati",
            "pos": "ADJ",
            "lemma": "alberato",
            "has_context": "true",
            "is_title": "false"
        },
        {
            "id": 55,
            "form": ".",
            "pos": "SENT",
            "lemma": ".",
            "has_context": "false",
            "is_title": "false"
        },
        {
            "id": 56,
            "form": "Per",
            "pos": "PRE",
            "lemma": "per",
            "has_context": "false",
            "is_title": "false"
        },
        {
            "id": 57,
            "form": "raggiungere",
            "pos": "VER",
            "lemma": "raggiungere",
            "has_context": "true",
            "is_title": "false"
        },
        {
            "id": 58,
            "form": "il",
            "pos": "DET",
            "lemma": "il",
            "has_context": "false",
            "is_title": "false"
        },
        {
            "id": 59,
            "form": "parco",
            "pos": "NOM",
            "lemma": "parco",
            "has_context": "false",
            "is_title": "false"
        },
        {
            "id": 60,
            "form": ",",
            "pos": "PON",
            "lemma": ",",
            "has_context": "false",
            "is_title": "false"
        },
        {
            "id": 61,
            "form": "ci",
            "pos": "PRO",
            "lemma": "ci",
            "has_context": "false",
            "is_title": "false"
        },
        {
            "id": 62,
            "form": "fermiamo",
            "pos": "VER",
            "lemma": "fermare",
            "has_context": "true",
            "is_title": "false"
        },
        {
            "id": 63,
            "form": "sul",
            "pos": "PRE",
            "lemma": "sul",
            "has_context": "false",
            "is_title": "false"
        },
        {
            "id": 64,
            "form": "Colle",
            "pos": "NOM",
            "lemma": "colle",
            "has_context": "true",
            "is_title": "false"
        },
        {
            "id": 65,
            "form": "del",
            "pos": "PRE",
            "lemma": "del",
            "has_context": "false",
            "is_title": "false"
        },
        {
            "id": 66,
            "form": "Pincio",
            "pos": "NOM",
            "lemma": "Pincio",
            "has_context": "false",
            "is_title": "false"
        },
        {
            "id": 67,
            "form": ":",
            "pos": "PON",
            "lemma": ":",
            "has_context": "false",
            "is_title": "false"
        },
        {
            "id": 68,
            "form": "ammirare",
            "pos": "VER",
            "lemma": "ammirare",
            "has_context": "true",
            "is_title": "false"
        },
        {
            "id": 69,
            "form": "la",
            "pos": "DET",
            "lemma": "il",
            "has_context": "false",
            "is_title": "false"
        },
        {
            "id": 70,
            "form": "Capitale",
            "pos": "NOM",
            "lemma": "capitale",
            "has_context": "true",
            "is_title": "false"
        },
        {
            "id": 71,
            "form": "dall",
            "pos": "PRE",
            "lemma": "dallo",
            "has_context": "false",
            "is_title": "false"
        },
        {
            "id": 72,
            "form": "alto",
            "pos": "NOM",
            "lemma": "alto",
            "has_context": "false",
            "is_title": "false"
        },
        {
            "id": 73,
            "form": "è",
            "pos": "VER",
            "lemma": "essere",
            "has_context": "false",
            "is_title": "false"
        },
        {
            "id": 74,
            "form": "sempre",
            "pos": "ADV",
            "lemma": "sempre",
            "has_context": "false",
            "is_title": "false"
        },
        {
            "id": 75,
            "form": "emozionante",
            "pos": "ADJ",
            "lemma": "emozionante",
            "has_context": "true",
            "is_title": "false"
        },
        {
            "id": 76,
            "form": ",",
            "pos": "PON",
            "lemma": ",",
            "has_context": "false",
            "is_title": "false"
        },
        {
            "id": 77,
            "form": "soprattutto",
            "pos": "ADV",
            "lemma": "soprattutto",
            "has_context": "true",
            "is_title": "false"
        },
        {
            "id": 78,
            "form": "nei",
            "pos": "PRE",
            "lemma": "nel",
            "has_context": "false",
            "is_title": "false"
        },
        {
            "id": 79,
            "form": "giorni",
            "pos": "NOM",
            "lemma": "giorno",
            "has_context": "false",
            "is_title": "false"
        },
        {
            "id": 80,
            "form": "di",
            "pos": "PRE",
            "lemma": "di",
            "has_context": "false",
            "is_title": "false"
        },
        {
            "id": 81,
            "form": "sole",
            "pos": "NOM",
            "lemma": "sole",
            "has_context": "false",
            "is_title": "false"
        },
        {
            "id": 82,
            "form": ".",
            "pos": "SENT",
            "lemma": ".",
            "has_context": "false",
            "is_title": "false"
        },
        {
            "id": 83,
            "form": "Mi",
            "pos": "PRO",
            "lemma": "mi",
            "has_context": "false",
            "is_title": "false"
        },
        {
            "id": 84,
            "form": "piace",
            "pos": "VER",
            "lemma": "piacere",
            "has_context": "false",
            "is_title": "false"
        },
        {
            "id": 85,
            "form": "osservare",
            "pos": "VER",
            "lemma": "osservare",
            "has_context": "true",
            "is_title": "false"
        },
        {
            "id": 86,
            "form": "i",
            "pos": "DET",
            "lemma": "il",
            "has_context": "false",
            "is_title": "false"
        },
        {
            "id": 87,
            "form": "turisti",
            "pos": "NOM",
            "lemma": "turista",
            "has_context": "false",
            "is_title": "false"
        },
        {
            "id": 88,
            "form": "che",
            "pos": "PRO",
            "lemma": "che",
            "has_context": "false",
            "is_title": "false"
        },
        {
            "id": 89,
            "form": "si",
            "pos": "PRO",
            "lemma": "si",
            "has_context": "false",
            "is_title": "false"
        },
        {
            "id": 90,
            "form": "guardano",
            "pos": "VER",
            "lemma": "guardare",
            "has_context": "false",
            "is_title": "false"
        },
        {
            "id": 91,
            "form": "intorno",
            "pos": "ADV",
            "lemma": "intorno",
            "has_context": "false",
            "is_title": "false"
        },
        {
            "id": 92,
            "form": "con",
            "pos": "PRE",
            "lemma": "con",
            "has_context": "false",
            "is_title": "false"
        },
        {
            "id": 93,
            "form": "occhi",
            "pos": "NOM",
            "lemma": "occhio",
            "has_context": "false",
            "is_title": "false"
        },
        {
            "id": 94,
            "form": "stupiti",
            "pos": "VER",
            "lemma": "stupire",
            "has_context": "true",
            "is_title": "false"
        },
        {
            "id": 95,
            "form": "e",
            "pos": "CON",
            "lemma": "e",
            "has_context": "false",
            "is_title": "false"
        },
        {
            "id": 96,
            "form": "anche",
            "pos": "CON",
            "lemma": "anche",
            "has_context": "false",
            "is_title": "false"
        },
        {
            "id": 97,
            "form": "io",
            "pos": "PRO",
            "lemma": "io",
            "has_context": "false",
            "is_title": "false"
        },
        {
            "id": 98,
            "form": "mi",
            "pos": "PRO",
            "lemma": "mi",
            "has_context": "false",
            "is_title": "false"
        },
        {
            "id": 99,
            "form": "sento",
            "pos": "VER",
            "lemma": "sentire",
            "has_context": "false",
            "is_title": "false"
        },
        {
            "id": 100,
            "form": "sempre",
            "pos": "ADV",
            "lemma": "sempre",
            "has_context": "false",
            "is_title": "false"
        },
        {
            "id": 101,
            "form": "un",
            "pos": "DET",
            "lemma": "un",
            "has_context": "false",
            "is_title": "false"
        },
        {
            "id": 102,
            "form": "po’",
            "pos": "ADV",
            "lemma": "po’",
            "has_context": "false",
            "is_title": "false"
        },
        {
            "id": 103,
            "form": "in",
            "pos": "PRE",
            "lemma": "in",
            "has_context": "false",
            "is_title": "false"
        },
        {
            "id": 104,
            "form": "vacanza",
            "pos": "NOM",
            "lemma": "vacanza",
            "has_context": "false",
            "is_title": "false"
        },
        {
            "id": 105,
            "form": ".",
            "pos": "SENT",
            "lemma": ".",
            "has_context": "false",
            "is_title": "false"
        },
        {
            "id": 106,
            "form": "Di",
            "pos": "PRE",
            "lemma": "di",
            "has_context": "false",
            "is_title": "false"
        },
        {
            "id": 107,
            "form": "tanto",
            "pos": "ADV",
            "lemma": "tanto",
            "has_context": "false",
            "is_title": "false"
        },
        {
            "id": 108,
            "form": "in",
            "pos": "PRE",
            "lemma": "in",
            "has_context": "false",
            "is_title": "false"
        },
        {
            "id": 109,
            "form": "tanto",
            "pos": "ADV",
            "lemma": "tanto",
            "has_context": "false",
            "is_title": "false"
        },
        {
            "id": 110,
            "form": ",",
            "pos": "PON",
            "lemma": ",",
            "has_context": "false",
            "is_title": "false"
        },
        {
            "id": 111,
            "form": "mi",
            "pos": "PRO",
            "lemma": "mi",
            "has_context": "false",
            "is_title": "false"
        },
        {
            "id": 112,
            "form": "concedo",
            "pos": "VER",
            "lemma": "concedere",
            "has_context": "true",
            "is_title": "false"
        },
        {
            "id": 113,
            "form": "un",
            "pos": "DET",
            "lemma": "un",
            "has_context": "false",
            "is_title": "false"
        },
        {
            "id": 114,
            "form": "pomeriggio",
            "pos": "NOM",
            "lemma": "pomeriggio",
            "has_context": "false",
            "is_title": "false"
        },
        {
            "id": 115,
            "form": "di",
            "pos": "PRE",
            "lemma": "di",
            "has_context": "false",
            "is_title": "false"
        },
        {
            "id": 116,
            "form": "shopping",
            "pos": "NOM",
            "lemma": "shopping",
            "has_context": "false",
            "is_title": "false"
        },
        {
            "id": 117,
            "form": "tra",
            "pos": "PRE",
            "lemma": "tra",
            "has_context": "false",
            "is_title": "false"
        },
        {
            "id": 118,
            "form": "le",
            "pos": "DET",
            "lemma": "il",
            "has_context": "false",
            "is_title": "false"
        },
        {
            "id": 119,
            "form": "vie",
            "pos": "NOM",
            "lemma": "via",
            "has_context": "false",
            "is_title": "false"
        },
        {
            "id": 120,
            "form": "del",
            "pos": "PRE",
            "lemma": "del",
            "has_context": "false",
            "is_title": "false"
        },
        {
            "id": 121,
            "form": "centro",
            "pos": "NOM",
            "lemma": "centro",
            "has_context": "false",
            "is_title": "false"
        },
        {
            "id": 122,
            "form": ".",
            "pos": "SENT",
            "lemma": ".",
            "has_context": "false",
            "is_title": "false"
        },
        {
            "id": 123,
            "form": "A",
            "pos": "PRE",
            "lemma": "a",
            "has_context": "false",
            "is_title": "false"
        },
        {
            "id": 124,
            "form": "volte",
            "pos": "NOM",
            "lemma": "volta",
            "has_context": "false",
            "is_title": "false"
        },
        {
            "id": 125,
            "form": "resto",
            "pos": "NOM",
            "lemma": "resto",
            "has_context": "false",
            "is_title": "false"
        },
        {
            "id": 126,
            "form": "a",
            "pos": "PRE",
            "lemma": "a",
            "has_context": "false",
            "is_title": "false"
        },
        {
            "id": 127,
            "form": "osservare",
            "pos": "VER",
            "lemma": "osservare",
            "has_context": "true",
            "is_title": "false"
        },
        {
            "id": 128,
            "form": "le",
            "pos": "DET",
            "lemma": "il",
            "has_context": "false",
            "is_title": "false"
        },
        {
            "id": 129,
            "form": "vetrine",
            "pos": "NOM",
            "lemma": "vetrina",
            "has_context": "false",
            "is_title": "false"
        },
        {
            "id": 130,
            "form": "delle",
            "pos": "PRE",
            "lemma": "del",
            "has_context": "false",
            "is_title": "false"
        },
        {
            "id": 131,
            "form": "boutique",
            "pos": "NOM",
            "lemma": "boutique",
            "has_context": "false",
            "is_title": "false"
        },
        {
            "id": 132,
            "form": "di",
            "pos": "PRE",
            "lemma": "di",
            "has_context": "false",
            "is_title": "false"
        },
        {
            "id": 133,
            "form": "lusso",
            "pos": "NOM",
            "lemma": "lusso",
            "has_context": "true",
            "is_title": "false"
        },
        {
            "id": 134,
            "form": ",",
            "pos": "PON",
            "lemma": ",",
            "has_context": "false",
            "is_title": "false"
        },
        {
            "id": 135,
            "form": "mentre",
            "pos": "CON",
            "lemma": "mentre",
            "has_context": "false",
            "is_title": "false"
        },
        {
            "id": 136,
            "form": "altre",
            "pos": "ADJ",
            "lemma": "altro",
            "has_context": "false",
            "is_title": "false"
        },
        {
            "id": 137,
            "form": "volte",
            "pos": "NOM",
            "lemma": "volta",
            "has_context": "false",
            "is_title": "false"
        },
        {
            "id": 138,
            "form": "faccio",
            "pos": "VER",
            "lemma": "fare",
            "has_context": "false",
            "is_title": "false"
        },
        {
            "id": 139,
            "form": "acquisti",
            "pos": "NOM",
            "lemma": "acquisto",
            "has_context": "true",
            "is_title": "false"
        },
        {
            "id": 140,
            "form": "nelle",
            "pos": "PRE",
            "lemma": "nel",
            "has_context": "false",
            "is_title": "false"
        },
        {
            "id": 141,
            "form": "profumerie",
            "pos": "NOM",
            "lemma": "profumeria",
            "has_context": "true",
            "is_title": "false"
        },
        {
            "id": 142,
            "form": "e",
            "pos": "CON",
            "lemma": "e",
            "has_context": "false",
            "is_title": "false"
        },
        {
            "id": 143,
            "form": "nei",
            "pos": "PRE",
            "lemma": "nel",
            "has_context": "false",
            "is_title": "false"
        },
        {
            "id": 144,
            "form": "negozi",
            "pos": "NOM",
            "lemma": "negozio",
            "has_context": "false",
            "is_title": "false"
        },
        {
            "id": 145,
            "form": "di",
            "pos": "PRE",
            "lemma": "di",
            "has_context": "false",
            "is_title": "false"
        },
        {
            "id": 146,
            "form": "vestiti",
            "pos": "NOM",
            "lemma": "vestito",
            "has_context": "false",
            "is_title": "false"
        },
        {
            "id": 147,
            "form": ".",
            "pos": "SENT",
            "lemma": ".",
            "has_context": "false",
            "is_title": "false"
        },
        {
            "id": 148,
            "form": "Quando",
            "pos": "CON",
            "lemma": "quando",
            "has_context": "false",
            "is_title": "false"
        },
        {
            "id": 149,
            "form": "ho",
            "pos": "VER",
            "lemma": "avere",
            "has_context": "false",
            "is_title": "false"
        },
        {
            "id": 150,
            "form": "bisogno",
            "pos": "NOM",
            "lemma": "bisogno",
            "has_context": "false",
            "is_title": "false"
        },
        {
            "id": 151,
            "form": "di",
            "pos": "PRE",
            "lemma": "di",
            "has_context": "false",
            "is_title": "false"
        },
        {
            "id": 152,
            "form": "rilassarmi",
            "pos": "VER",
            "lemma": "rilassare",
            "has_context": "true",
            "is_title": "false"
        },
        {
            "id": 153,
            "form": ",",
            "pos": "PON",
            "lemma": ",",
            "has_context": "false",
            "is_title": "false"
        },
        {
            "id": 154,
            "form": "mi",
            "pos": "PRO",
            "lemma": "mi",
            "has_context": "false",
            "is_title": "false"
        },
        {
            "id": 155,
            "form": "regalo",
            "pos": "VER",
            "lemma": "regalare",
            "has_context": "false",
            "is_title": "false"
        },
        {
            "id": 156,
            "form": "una",
            "pos": "DET",
            "lemma": "una",
            "has_context": "false",
            "is_title": "false"
        },
        {
            "id": 157,
            "form": "passeggiata",
            "pos": "NOM",
            "lemma": "passeggiata",
            "has_context": "false",
            "is_title": "false"
        },
        {
            "id": 158,
            "form": "ai",
            "pos": "PRE",
            "lemma": "al",
            "has_context": "false",
            "is_title": "false"
        },
        {
            "id": 159,
            "form": "Fori",
            "pos": "NPR",
            "lemma": "foro",
            "has_context": "false",
            "is_title": "false"
        },
        {
            "id": 160,
            "form": "Romani",
            "pos": "ADJ",
            "lemma": "romano",
            "has_context": "true",
            "is_title": "false"
        },
        {
            "id": 161,
            "form": ".",
            "pos": "SENT",
            "lemma": ".",
            "has_context": "false",
            "is_title": "false"
        },
        {
            "id": 162,
            "form": "Mi",
            "pos": "PRO",
            "lemma": "mi",
            "has_context": "false",
            "is_title": "false"
        },
        {
            "id": 163,
            "form": "sembra",
            "pos": "VER",
            "lemma": "sembrare",
            "has_context": "false",
            "is_title": "false"
        },
        {
            "id": 164,
            "form": "di",
            "pos": "PRE",
            "lemma": "di",
            "has_context": "false",
            "is_title": "false"
        },
        {
            "id": 165,
            "form": "viaggiare",
            "pos": "VER",
            "lemma": "viaggiare",
            "has_context": "false",
            "is_title": "false"
        },
        {
            "id": 166,
            "form": "nel",
            "pos": "PRE",
            "lemma": "nel",
            "has_context": "false",
            "is_title": "false"
        },
        {
            "id": 167,
            "form": "tempo",
            "pos": "NOM",
            "lemma": "tempo",
            "has_context": "false",
            "is_title": "false"
        },
        {
            "id": 168,
            "form": "e",
            "pos": "CON",
            "lemma": "e",
            "has_context": "false",
            "is_title": "false"
        },
        {
            "id": 169,
            "form": "mi",
            "pos": "PRO",
            "lemma": "mi",
            "has_context": "false",
            "is_title": "false"
        },
        {
            "id": 170,
            "form": "sento",
            "pos": "VER",
            "lemma": "sentire",
            "has_context": "false",
            "is_title": "false"
        },
        {
            "id": 171,
            "form": "felice",
            "pos": "ADJ",
            "lemma": "felice",
            "has_context": "false",
            "is_title": "false"
        },
        {
            "id": 172,
            "form": ".",
            "pos": "SENT",
            "lemma": ".",
            "has_context": "false",
            "is_title": "false"
        }
    ]
