    [
        {
            "id": 1,
            "form": "Un",
            "pos": "DET",
            "lemma": "un",
            "has_context": "false",
            "is_title": "true"
        },
        {
            "id": 2,
            "form": "semestre",
            "pos": "NOM",
            "lemma": "semestre",
            "has_context": "true",
            "is_title": "true"
        },
        {
            "id": 3,
            "form": "in",
            "pos": "PRE",
            "lemma": "in",
            "has_context": "false",
            "is_title": "true"
        },
        {
            "id": 4,
            "form": "Italia",
            "pos": "NPR",
            "lemma": "Italia",
            "has_context": "false",
            "is_title": "true"
        },
        {
            "id": 5,
            "form": "Mi",
            "pos": "PRO",
            "lemma": "mi",
            "has_context": "false",
            "is_title": "false"
        },
        {
            "id": 6,
            "form": "chiamo",
            "pos": "VER",
            "lemma": "chiamare",
            "has_context": "false",
            "is_title": "false"
        },
        {
            "id": 7,
            "form": "Franz",
            "pos": "NPR",
            "lemma": "Franz",
            "has_context": "false",
            "is_title": "false"
        },
        {
            "id": 8,
            "form": "Heisterbach",
            "pos": "NPR",
            "lemma": "Heisterbach",
            "has_context": "false",
            "is_title": "false"
        },
        {
            "id": 9,
            "form": ".",
            "pos": "SENT",
            "lemma": ".",
            "has_context": "false",
            "is_title": "false"
        },
        {
            "id": 10,
            "form": "La",
            "pos": "DET",
            "lemma": "il",
            "has_context": "false",
            "is_title": "false"
        },
        {
            "id": 11,
            "form": "prima",
            "pos": "ADJ",
            "lemma": "primo",
            "has_context": "false",
            "is_title": "false"
        },
        {
            "id": 12,
            "form": "volta",
            "pos": "NOM",
            "lemma": "volta",
            "has_context": "false",
            "is_title": "false"
        },
        {
            "id": 13,
            "form": "che",
            "pos": "CON",
            "lemma": "che",
            "has_context": "false",
            "is_title": "false"
        },
        {
            "id": 14,
            "form": "sono",
            "pos": "VER",
            "lemma": "essere",
            "has_context": "false",
            "is_title": "false"
        },
        {
            "id": 15,
            "form": "andato",
            "pos": "VER",
            "lemma": "andare",
            "has_context": "false",
            "is_title": "false"
        },
        {
            "id": 16,
            "form": "in",
            "pos": "PRE",
            "lemma": "in",
            "has_context": "false",
            "is_title": "false"
        },
        {
            "id": 17,
            "form": "Italia",
            "pos": "NPR",
            "lemma": "Italia",
            "has_context": "false",
            "is_title": "false"
        },
        {
            "id": 18,
            "form": ",",
            "pos": "PON",
            "lemma": ",",
            "has_context": "false",
            "is_title": "false"
        },
        {
            "id": 19,
            "form": "è",
            "pos": "VER",
            "lemma": "essere",
            "has_context": "false",
            "is_title": "false"
        },
        {
            "id": 20,
            "form": "stato",
            "pos": "VER",
            "lemma": "essere",
            "has_context": "false",
            "is_title": "false"
        },
        {
            "id": 21,
            "form": "tramite",
            "pos": "PRE",
            "lemma": "tramite",
            "has_context": "false",
            "is_title": "false"
        },
        {
            "id": 22,
            "form": "l'",
            "pos": "DET",
            "lemma": "il",
            "has_context": "false",
            "is_title": "false"
        },
        {
            "id": 23,
            "form": "Università",
            "pos": "NOM",
            "lemma": "università",
            "has_context": "false",
            "is_title": "false"
        },
        {
            "id": 24,
            "form": ",",
            "pos": "PON",
            "lemma": ",",
            "has_context": "false",
            "is_title": "false"
        },
        {
            "id": 25,
            "form": "per",
            "pos": "PRE",
            "lemma": "per",
            "has_context": "false",
            "is_title": "false"
        },
        {
            "id": 26,
            "form": "partecipare",
            "pos": "VER",
            "lemma": "partecipare",
            "has_context": "true",
            "is_title": "false"
        },
        {
            "id": 27,
            "form": "al",
            "pos": "PRE",
            "lemma": "al",
            "has_context": "false",
            "is_title": "false"
        },
        {
            "id": 28,
            "form": "progetto",
            "pos": "NOM",
            "lemma": "progetto",
            "has_context": "true",
            "is_title": "false"
        },
        {
            "id": 29,
            "form": "Erasmus",
            "pos": "NPR",
            "lemma": "Erasmus",
            "has_context": "false",
            "is_title": "false"
        },
        {
            "id": 30,
            "form": ".",
            "pos": "SENT",
            "lemma": ".",
            "has_context": "false",
            "is_title": "false"
        },
        {
            "id": 31,
            "form": "Questo",
            "pos": "ADJ",
            "lemma": "questo",
            "has_context": "false",
            "is_title": "false"
        },
        {
            "id": 32,
            "form": "viaggio",
            "pos": "NOM",
            "lemma": "viaggio",
            "has_context": "false",
            "is_title": "false"
        },
        {
            "id": 33,
            "form": "universitario",
            "pos": "ADJ",
            "lemma": "universitario",
            "has_context": "true",
            "is_title": "false"
        },
        {
            "id": 34,
            "form": "è",
            "pos": "VER",
            "lemma": "essere",
            "has_context": "false",
            "is_title": "false"
        },
        {
            "id": 35,
            "form": "durato",
            "pos": "VER",
            "lemma": "durare",
            "has_context": "true",
            "is_title": "false"
        },
        {
            "id": 36,
            "form": "sei",
            "pos": "ADJ",
            "lemma": "sei",
            "has_context": "false",
            "is_title": "false"
        },
        {
            "id": 37,
            "form": "mesi",
            "pos": "NOM",
            "lemma": "mese",
            "has_context": "false",
            "is_title": "false"
        },
        {
            "id": 38,
            "form": ",",
            "pos": "PON",
            "lemma": ",",
            "has_context": "false",
            "is_title": "false"
        },
        {
            "id": 39,
            "form": "ricordo",
            "pos": "VER",
            "lemma": "ricordare",
            "has_context": "false",
            "is_title": "false"
        },
        {
            "id": 40,
            "form": "che",
            "pos": "CON",
            "lemma": "che",
            "has_context": "false",
            "is_title": "false"
        },
        {
            "id": 41,
            "form": "era",
            "pos": "VER",
            "lemma": "essere",
            "has_context": "false",
            "is_title": "false"
        },
        {
            "id": 42,
            "form": "tutto",
            "pos": "NOM",
            "lemma": "tutto",
            "has_context": "false",
            "is_title": "false"
        },
        {
            "id": 43,
            "form": "così",
            "pos": "ADV",
            "lemma": "così",
            "has_context": "false",
            "is_title": "false"
        },
        {
            "id": 44,
            "form": "strano",
            "pos": "ADJ",
            "lemma": "strano",
            "has_context": "false",
            "is_title": "false"
        },
        {
            "id": 45,
            "form": ",",
            "pos": "PON",
            "lemma": ",",
            "has_context": "false",
            "is_title": "false"
        },
        {
            "id": 46,
            "form": "le",
            "pos": "DET",
            "lemma": "il",
            "has_context": "false",
            "is_title": "false"
        },
        {
            "id": 47,
            "form": "persone",
            "pos": "NOM",
            "lemma": "persona",
            "has_context": "false",
            "is_title": "false"
        },
        {
            "id": 48,
            "form": "si",
            "pos": "PRO",
            "lemma": "si",
            "has_context": "false",
            "is_title": "false"
        },
        {
            "id": 49,
            "form": "agitavano",
            "pos": "VER",
            "lemma": "agitare",
            "has_context": "true",
            "is_title": "false"
        },
        {
            "id": 50,
            "form": "e",
            "pos": "CON",
            "lemma": "e",
            "has_context": "false",
            "is_title": "false"
        },
        {
            "id": 51,
            "form": "muovevano",
            "pos": "VER",
            "lemma": "muovere",
            "has_context": "false",
            "is_title": "false"
        },
        {
            "id": 52,
            "form": "le",
            "pos": "DET",
            "lemma": "il",
            "has_context": "false",
            "is_title": "false"
        },
        {
            "id": 53,
            "form": "mani",
            "pos": "NOM",
            "lemma": "mano",
            "has_context": "false",
            "is_title": "false"
        },
        {
            "id": 54,
            "form": "quando",
            "pos": "ADV",
            "lemma": "quando",
            "has_context": "false",
            "is_title": "false"
        },
        {
            "id": 55,
            "form": "comunicavano",
            "pos": "VER",
            "lemma": "comunicare",
            "has_context": "true",
            "is_title": "false"
        },
        {
            "id": 56,
            "form": "tra",
            "pos": "PRE",
            "lemma": "tra",
            "has_context": "false",
            "is_title": "false"
        },
        {
            "id": 57,
            "form": "di",
            "pos": "PRE",
            "lemma": "di",
            "has_context": "false",
            "is_title": "false"
        },
        {
            "id": 58,
            "form": "loro",
            "pos": "PRO",
            "lemma": "loro",
            "has_context": "false",
            "is_title": "false"
        },
        {
            "id": 59,
            "form": ".",
            "pos": "SENT",
            "lemma": ".",
            "has_context": "false",
            "is_title": "false"
        },
        {
            "id": 60,
            "form": "Sono",
            "pos": "VER",
            "lemma": "essere",
            "has_context": "false",
            "is_title": "false"
        },
        {
            "id": 61,
            "form": "stato",
            "pos": "VER",
            "lemma": "essere",
            "has_context": "false",
            "is_title": "false"
        },
        {
            "id": 62,
            "form": "ospitato",
            "pos": "VER",
            "lemma": "ospitare",
            "has_context": "true",
            "is_title": "false"
        },
        {
            "id": 63,
            "form": "dall'",
            "pos": "PRE",
            "lemma": "dal",
            "has_context": "false",
            "is_title": "false"
        },
        {
            "id": 64,
            "form": "Università",
            "pos": "NOM",
            "lemma": "università",
            "has_context": "false",
            "is_title": "false"
        },
        {
            "id": 65,
            "form": "Federico",
            "pos": "NPR",
            "lemma": "Federico",
            "has_context": "false",
            "is_title": "false"
        },
        {
            "id": 66,
            "form": "II",
            "pos": "NUM",
            "lemma": "II",
            "has_context": "false",
            "is_title": "false"
        },
        {
            "id": 67,
            "form": "di",
            "pos": "PRE",
            "lemma": "di",
            "has_context": "false",
            "is_title": "false"
        },
        {
            "id": 68,
            "form": "Napoli",
            "pos": "NPR",
            "lemma": "Napoli",
            "has_context": "false",
            "is_title": "false"
        },
        {
            "id": 69,
            "form": ",",
            "pos": "PON",
            "lemma": ",",
            "has_context": "false",
            "is_title": "false"
        },
        {
            "id": 70,
            "form": "anche",
            "pos": "CON",
            "lemma": "anche",
            "has_context": "false",
            "is_title": "false"
        },
        {
            "id": 71,
            "form": "se",
            "pos": "CON",
            "lemma": "se",
            "has_context": "false",
            "is_title": "false"
        },
        {
            "id": 72,
            "form": "ho",
            "pos": "VER",
            "lemma": "avere",
            "has_context": "false",
            "is_title": "false"
        },
        {
            "id": 73,
            "form": "visitato",
            "pos": "VER",
            "lemma": "visitare",
            "has_context": "false",
            "is_title": "false"
        },
        {
            "id": 74,
            "form": "Bologna",
            "pos": "NPR",
            "lemma": "Bologna",
            "has_context": "false",
            "is_title": "false"
        },
        {
            "id": 75,
            "form": ",",
            "pos": "PON",
            "lemma": ",",
            "has_context": "false",
            "is_title": "false"
        },
        {
            "id": 76,
            "form": "Roma",
            "pos": "NPR",
            "lemma": "Roma",
            "has_context": "false",
            "is_title": "false"
        },
        {
            "id": 77,
            "form": "e",
            "pos": "CON",
            "lemma": "e",
            "has_context": "false",
            "is_title": "false"
        },
        {
            "id": 78,
            "form": "Milano",
            "pos": "NPR",
            "lemma": "Milano",
            "has_context": "false",
            "is_title": "false"
        },
        {
            "id": 79,
            "form": ".",
            "pos": "SENT",
            "lemma": ".",
            "has_context": "false",
            "is_title": "false"
        },
        {
            "id": 80,
            "form": "Milano",
            "pos": "NPR",
            "lemma": "Milano",
            "has_context": "false",
            "is_title": "false"
        },
        {
            "id": 81,
            "form": "non",
            "pos": "ADV",
            "lemma": "non",
            "has_context": "false",
            "is_title": "false"
        },
        {
            "id": 82,
            "form": "mi",
            "pos": "PRO",
            "lemma": "mi",
            "has_context": "false",
            "is_title": "false"
        },
        {
            "id": 83,
            "form": "è",
            "pos": "VER",
            "lemma": "essere",
            "has_context": "false",
            "is_title": "false"
        },
        {
            "id": 84,
            "form": "piaciuta",
            "pos": "VER",
            "lemma": "piacere",
            "has_context": "false",
            "is_title": "false"
        },
        {
            "id": 85,
            "form": "tanto",
            "pos": "ADV",
            "lemma": "tanto",
            "has_context": "false",
            "is_title": "false"
        },
        {
            "id": 86,
            "form": ",",
            "pos": "PON",
            "lemma": ",",
            "has_context": "false",
            "is_title": "false"
        },
        {
            "id": 87,
            "form": "era",
            "pos": "VER",
            "lemma": "essere",
            "has_context": "false",
            "is_title": "false"
        },
        {
            "id": 88,
            "form": "troppo",
            "pos": "ADV",
            "lemma": "troppo",
            "has_context": "false",
            "is_title": "false"
        },
        {
            "id": 89,
            "form": "fredda",
            "pos": "ADJ",
            "lemma": "freddo",
            "has_context": "false",
            "is_title": "false"
        },
        {
            "id": 90,
            "form": ",",
            "pos": "PON",
            "lemma": ",",
            "has_context": "false",
            "is_title": "false"
        },
        {
            "id": 91,
            "form": "Roma",
            "pos": "NPR",
            "lemma": "Roma",
            "has_context": "false",
            "is_title": "false"
        },
        {
            "id": 92,
            "form": "è",
            "pos": "VER",
            "lemma": "essere",
            "has_context": "false",
            "is_title": "false"
        },
        {
            "id": 93,
            "form": "davvero",
            "pos": "ADV",
            "lemma": "davvero",
            "has_context": "true",
            "is_title": "false"
        },
        {
            "id": 94,
            "form": "meravigliosa",
            "pos": "ADJ",
            "lemma": "meraviglioso",
            "has_context": "true",
            "is_title": "false"
        },
        {
            "id": 95,
            "form": ",",
            "pos": "PON",
            "lemma": ",",
            "has_context": "false",
            "is_title": "false"
        },
        {
            "id": 96,
            "form": "e",
            "pos": "CON",
            "lemma": "e",
            "has_context": "false",
            "is_title": "false"
        },
        {
            "id": 97,
            "form": "guardando",
            "pos": "VER",
            "lemma": "guardare",
            "has_context": "false",
            "is_title": "false"
        },
        {
            "id": 98,
            "form": "i",
            "pos": "DET",
            "lemma": "il",
            "has_context": "false",
            "is_title": "false"
        },
        {
            "id": 99,
            "form": "monumenti",
            "pos": "NOM",
            "lemma": "monumento",
            "has_context": "false",
            "is_title": "false"
        },
        {
            "id": 100,
            "form": "ho",
            "pos": "VER",
            "lemma": "avere",
            "has_context": "false",
            "is_title": "false"
        },
        {
            "id": 101,
            "form": "potuto",
            "pos": "VER",
            "lemma": "potere",
            "has_context": "false",
            "is_title": "false"
        },
        {
            "id": 102,
            "form": "capire",
            "pos": "VER",
            "lemma": "capire",
            "has_context": "false",
            "is_title": "false"
        },
        {
            "id": 103,
            "form": "perché",
            "pos": "ADV",
            "lemma": "perché",
            "has_context": "false",
            "is_title": "false"
        },
        {
            "id": 104,
            "form": "la",
            "pos": "PRO",
            "lemma": "la",
            "has_context": "false",
            "is_title": "false"
        },
        {
            "id": 105,
            "form": "chiamano",
            "pos": "VER",
            "lemma": "chiamare",
            "has_context": "false",
            "is_title": "false"
        },
        {
            "id": 106,
            "form": "“",
            "pos": "NOM",
            "lemma": "“",
            "has_context": "false",
            "is_title": "false"
        },
        {
            "id": 107,
            "form": "la",
            "pos": "DET",
            "lemma": "il",
            "has_context": "false",
            "is_title": "false"
        },
        {
            "id": 108,
            "form": "città",
            "pos": "NOM",
            "lemma": "città",
            "has_context": "false",
            "is_title": "false"
        },
        {
            "id": 109,
            "form": "eterna",
            "pos": "ADJ",
            "lemma": "eterno",
            "has_context": "true",
            "is_title": "false"
        },
        {
            "id": 110,
            "form": "”",
            "pos": "NOM",
            "lemma": "”",
            "has_context": "false",
            "is_title": "false"
        },
        {
            "id": 111,
            "form": ".",
            "pos": "SENT",
            "lemma": ".",
            "has_context": "false",
            "is_title": "false"
        },
        {
            "id": 112,
            "form": "Bologna",
            "pos": "NPR",
            "lemma": "Bologna",
            "has_context": "false",
            "is_title": "false"
        },
        {
            "id": 113,
            "form": "è",
            "pos": "VER",
            "lemma": "essere",
            "has_context": "false",
            "is_title": "false"
        },
        {
            "id": 114,
            "form": "affascinante",
            "pos": "ADJ",
            "lemma": "affascinante",
            "has_context": "true",
            "is_title": "false"
        },
        {
            "id": 115,
            "form": ",",
            "pos": "PON",
            "lemma": ",",
            "has_context": "false",
            "is_title": "false"
        },
        {
            "id": 116,
            "form": "piccola",
            "pos": "ADJ",
            "lemma": "piccolo",
            "has_context": "false",
            "is_title": "false"
        },
        {
            "id": 117,
            "form": "e",
            "pos": "CON",
            "lemma": "e",
            "has_context": "false",
            "is_title": "false"
        },
        {
            "id": 118,
            "form": "tranquilla",
            "pos": "ADJ",
            "lemma": "tranquillo",
            "has_context": "false",
            "is_title": "false"
        },
        {
            "id": 119,
            "form": ",",
            "pos": "PON",
            "lemma": ",",
            "has_context": "false",
            "is_title": "false"
        },
        {
            "id": 120,
            "form": "sono",
            "pos": "VER",
            "lemma": "essere",
            "has_context": "false",
            "is_title": "false"
        },
        {
            "id": 121,
            "form": "stato",
            "pos": "VER",
            "lemma": "essere",
            "has_context": "false",
            "is_title": "false"
        },
        {
            "id": 122,
            "form": "davvero",
            "pos": "ADV",
            "lemma": "davvero",
            "has_context": "true",
            "is_title": "false"
        },
        {
            "id": 123,
            "form": "bene",
            "pos": "ADV",
            "lemma": "bene",
            "has_context": "false",
            "is_title": "false"
        },
        {
            "id": 124,
            "form": ",",
            "pos": "PON",
            "lemma": ",",
            "has_context": "false",
            "is_title": "false"
        },
        {
            "id": 125,
            "form": "è",
            "pos": "VER",
            "lemma": "essere",
            "has_context": "false",
            "is_title": "false"
        },
        {
            "id": 126,
            "form": "una",
            "pos": "DET",
            "lemma": "una",
            "has_context": "false",
            "is_title": "false"
        },
        {
            "id": 127,
            "form": "città",
            "pos": "NOM",
            "lemma": "città",
            "has_context": "false",
            "is_title": "false"
        },
        {
            "id": 128,
            "form": "che",
            "pos": "PRO",
            "lemma": "che",
            "has_context": "false",
            "is_title": "false"
        },
        {
            "id": 129,
            "form": "ricordo",
            "pos": "VER",
            "lemma": "ricordare",
            "has_context": "false",
            "is_title": "false"
        },
        {
            "id": 130,
            "form": "per",
            "pos": "PRE",
            "lemma": "per",
            "has_context": "false",
            "is_title": "false"
        },
        {
            "id": 131,
            "form": "il",
            "pos": "DET",
            "lemma": "il",
            "has_context": "false",
            "is_title": "false"
        },
        {
            "id": 132,
            "form": "suo",
            "pos": "ADJ",
            "lemma": "suo",
            "has_context": "false",
            "is_title": "false"
        },
        {
            "id": 133,
            "form": "colore",
            "pos": "NOM",
            "lemma": "colore",
            "has_context": "false",
            "is_title": "false"
        },
        {
            "id": 134,
            "form": "rosa",
            "pos": "ADJ",
            "lemma": "rosa",
            "has_context": "false",
            "is_title": "false"
        },
        {
            "id": 135,
            "form": ".",
            "pos": "SENT",
            "lemma": ".",
            "has_context": "false",
            "is_title": "false"
        },
        {
            "id": 136,
            "form": "Adesso",
            "pos": "ADV",
            "lemma": "adesso",
            "has_context": "false",
            "is_title": "false"
        },
        {
            "id": 137,
            "form": "sono",
            "pos": "VER",
            "lemma": "essere",
            "has_context": "false",
            "is_title": "false"
        },
        {
            "id": 138,
            "form": "dieci",
            "pos": "ADJ",
            "lemma": "dieci",
            "has_context": "false",
            "is_title": "false"
        },
        {
            "id": 139,
            "form": "anni",
            "pos": "NOM",
            "lemma": "anno",
            "has_context": "false",
            "is_title": "false"
        },
        {
            "id": 140,
            "form": "che",
            "pos": "CON",
            "lemma": "che",
            "has_context": "false",
            "is_title": "false"
        },
        {
            "id": 141,
            "form": "non",
            "pos": "ADV",
            "lemma": "non",
            "has_context": "false",
            "is_title": "false"
        },
        {
            "id": 142,
            "form": "vado",
            "pos": "VER",
            "lemma": "andare",
            "has_context": "false",
            "is_title": "false"
        },
        {
            "id": 143,
            "form": "in",
            "pos": "PRE",
            "lemma": "in",
            "has_context": "false",
            "is_title": "false"
        },
        {
            "id": 144,
            "form": "Italia",
            "pos": "NPR",
            "lemma": "Italia",
            "has_context": "false",
            "is_title": "false"
        },
        {
            "id": 145,
            "form": ",",
            "pos": "PON",
            "lemma": ",",
            "has_context": "false",
            "is_title": "false"
        },
        {
            "id": 146,
            "form": "e",
            "pos": "CON",
            "lemma": "e",
            "has_context": "false",
            "is_title": "false"
        },
        {
            "id": 147,
            "form": "non",
            "pos": "ADV",
            "lemma": "non",
            "has_context": "false",
            "is_title": "false"
        },
        {
            "id": 148,
            "form": "vedo",
            "pos": "VER",
            "lemma": "vedere",
            "has_context": "false",
            "is_title": "false"
        },
        {
            "id": 149,
            "form": "l'",
            "pos": "DET",
            "lemma": "il",
            "has_context": "false",
            "is_title": "false"
        },
        {
            "id": 150,
            "form": "ora",
            "pos": "NOM",
            "lemma": "ora",
            "has_context": "false",
            "is_title": "false"
        },
        {
            "id": 151,
            "form": "di",
            "pos": "PRE",
            "lemma": "di",
            "has_context": "false",
            "is_title": "false"
        },
        {
            "id": 152,
            "form": "ritornare",
            "pos": "VER",
            "lemma": "ritornare",
            "has_context": "false",
            "is_title": "false"
        },
        {
            "id": 153,
            "form": ".",
            "pos": "SENT",
            "lemma": ".",
            "has_context": "false",
            "is_title": "false"
        }
    ]
