    [
        {
            "id": 1,
            "form": "Fantasia",
            "pos": "NOM",
            "lemma": "fantasia",
            "has_context": "true",
            "is_title": "true"
        },
        {
            "id": 2,
            "form": "in",
            "pos": "PRE",
            "lemma": "in",
            "has_context": "false",
            "is_title": "true"
        },
        {
            "id": 3,
            "form": "cucina",
            "pos": "NOM",
            "lemma": "cucina",
            "has_context": "false",
            "is_title": "true"
        },
        {
            "id": 4,
            "form": "Gli",
            "pos": "DET",
            "lemma": "il",
            "has_context": "false",
            "is_title": "false"
        },
        {
            "id": 5,
            "form": "italiani",
            "pos": "NOM",
            "lemma": "italiano",
            "has_context": "false",
            "is_title": "false"
        },
        {
            "id": 6,
            "form": "parlano",
            "pos": "VER",
            "lemma": "parlare",
            "has_context": "false",
            "is_title": "false"
        },
        {
            "id": 7,
            "form": "sempre",
            "pos": "ADV",
            "lemma": "sempre",
            "has_context": "false",
            "is_title": "false"
        },
        {
            "id": 8,
            "form": "di",
            "pos": "PRE",
            "lemma": "di",
            "has_context": "false",
            "is_title": "false"
        },
        {
            "id": 9,
            "form": "cucina",
            "pos": "NOM",
            "lemma": "cucina",
            "has_context": "false",
            "is_title": "false"
        },
        {
            "id": 10,
            "form": ".",
            "pos": "SENT",
            "lemma": ".",
            "has_context": "false",
            "is_title": "false"
        },
        {
            "id": 11,
            "form": "Ne",
            "pos": "PRO",
            "lemma": "ne",
            "has_context": "false",
            "is_title": "false"
        },
        {
            "id": 12,
            "form": "parlano",
            "pos": "VER",
            "lemma": "parlare",
            "has_context": "false",
            "is_title": "false"
        },
        {
            "id": 13,
            "form": "a",
            "pos": "PRE",
            "lemma": "a",
            "has_context": "false",
            "is_title": "false"
        },
        {
            "id": 14,
            "form": "casa",
            "pos": "NOM",
            "lemma": "casa",
            "has_context": "false",
            "is_title": "false"
        },
        {
            "id": 15,
            "form": ",",
            "pos": "PON",
            "lemma": ",",
            "has_context": "false",
            "is_title": "false"
        },
        {
            "id": 16,
            "form": "ne",
            "pos": "PRO",
            "lemma": "ne",
            "has_context": "false",
            "is_title": "false"
        },
        {
            "id": 17,
            "form": "discutono",
            "pos": "VER",
            "lemma": "discutere",
            "has_context": "true",
            "is_title": "false"
        },
        {
            "id": 18,
            "form": "con",
            "pos": "PRE",
            "lemma": "con",
            "has_context": "false",
            "is_title": "false"
        },
        {
            "id": 19,
            "form": "gli",
            "pos": "DET",
            "lemma": "il",
            "has_context": "false",
            "is_title": "false"
        },
        {
            "id": 20,
            "form": "amici",
            "pos": "NOM",
            "lemma": "amico",
            "has_context": "false",
            "is_title": "false"
        },
        {
            "id": 21,
            "form": ",",
            "pos": "PON",
            "lemma": ",",
            "has_context": "false",
            "is_title": "false"
        },
        {
            "id": 22,
            "form": "persino",
            "pos": "ADV",
            "lemma": "persino",
            "has_context": "true",
            "is_title": "false"
        },
        {
            "id": 23,
            "form": "ad",
            "pos": "PRE",
            "lemma": "ad",
            "has_context": "false",
            "is_title": "false"
        },
        {
            "id": 24,
            "form": "una",
            "pos": "DET",
            "lemma": "una",
            "has_context": "false",
            "is_title": "false"
        },
        {
            "id": 25,
            "form": "festa",
            "pos": "NOM",
            "lemma": "festa",
            "has_context": "false",
            "is_title": "false"
        },
        {
            "id": 26,
            "form": "quando",
            "pos": "ADV",
            "lemma": "quando",
            "has_context": "false",
            "is_title": "false"
        },
        {
            "id": 27,
            "form": "sono",
            "pos": "VER",
            "lemma": "essere",
            "has_context": "false",
            "is_title": "false"
        },
        {
            "id": 28,
            "form": "ubriachi",
            "pos": "ADJ",
            "lemma": "ubriaco",
            "has_context": "true",
            "is_title": "false"
        },
        {
            "id": 29,
            "form": "!",
            "pos": "SENT",
            "lemma": "!",
            "has_context": "false",
            "is_title": "false"
        },
        {
            "id": 30,
            "form": "Per",
            "pos": "PRE",
            "lemma": "per",
            "has_context": "false",
            "is_title": "false"
        },
        {
            "id": 31,
            "form": "una",
            "pos": "DET",
            "lemma": "una",
            "has_context": "false",
            "is_title": "false"
        },
        {
            "id": 32,
            "form": "ricetta",
            "pos": "NOM",
            "lemma": "ricetta",
            "has_context": "true",
            "is_title": "false"
        },
        {
            "id": 33,
            "form": "giusta",
            "pos": "ADJ",
            "lemma": "giusto",
            "has_context": "false",
            "is_title": "false"
        },
        {
            "id": 34,
            "form": "o",
            "pos": "CON",
            "lemma": "o",
            "has_context": "false",
            "is_title": "false"
        },
        {
            "id": 35,
            "form": "sbagliata",
            "pos": "ADJ",
            "lemma": "sbagliato",
            "has_context": "true",
            "is_title": "false"
        },
        {
            "id": 36,
            "form": "si",
            "pos": "PRO",
            "lemma": "si",
            "has_context": "false",
            "is_title": "false"
        },
        {
            "id": 37,
            "form": "può",
            "pos": "VER",
            "lemma": "potere",
            "has_context": "false",
            "is_title": "false"
        },
        {
            "id": 38,
            "form": "anche",
            "pos": "ADV",
            "lemma": "anche",
            "has_context": "false",
            "is_title": "false"
        },
        {
            "id": 39,
            "form": "litigare",
            "pos": "VER",
            "lemma": "litigare",
            "has_context": "true",
            "is_title": "false"
        },
        {
            "id": 40,
            "form": "!",
            "pos": "SENT",
            "lemma": "!",
            "has_context": "false",
            "is_title": "false"
        },
        {
            "id": 41,
            "form": "Una",
            "pos": "DET",
            "lemma": "una",
            "has_context": "false",
            "is_title": "false"
        },
        {
            "id": 42,
            "form": "volta",
            "pos": "NOM",
            "lemma": "volta",
            "has_context": "false",
            "is_title": "false"
        },
        {
            "id": 43,
            "form": "io",
            "pos": "PRO",
            "lemma": "io",
            "has_context": "false",
            "is_title": "false"
        },
        {
            "id": 44,
            "form": "e",
            "pos": "CON",
            "lemma": "e",
            "has_context": "false",
            "is_title": "false"
        },
        {
            "id": 45,
            "form": "il",
            "pos": "DET",
            "lemma": "il",
            "has_context": "false",
            "is_title": "false"
        },
        {
            "id": 46,
            "form": "mio",
            "pos": "PRO",
            "lemma": "mio",
            "has_context": "false",
            "is_title": "false"
        },
        {
            "id": 47,
            "form": "compagno",
            "pos": "NOM",
            "lemma": "compagno",
            "has_context": "false",
            "is_title": "false"
        },
        {
            "id": 48,
            "form": "parlavamo",
            "pos": "VER",
            "lemma": "parlare",
            "has_context": "false",
            "is_title": "false"
        },
        {
            "id": 49,
            "form": "della",
            "pos": "PRE",
            "lemma": "del",
            "has_context": "false",
            "is_title": "false"
        },
        {
            "id": 50,
            "form": "carbonara",
            "pos": "NOM",
            "lemma": "carbonara",
            "has_context": "false",
            "is_title": "false"
        },
        {
            "id": 51,
            "form": ",",
            "pos": "PON",
            "lemma": ",",
            "has_context": "false",
            "is_title": "false"
        },
        {
            "id": 52,
            "form": "e",
            "pos": "CON",
            "lemma": "e",
            "has_context": "false",
            "is_title": "false"
        },
        {
            "id": 53,
            "form": "mentre",
            "pos": "CON",
            "lemma": "mentre",
            "has_context": "false",
            "is_title": "false"
        },
        {
            "id": 54,
            "form": "ne",
            "pos": "ADV",
            "lemma": "ne",
            "has_context": "true",
            "is_title": "false"
        },
        {
            "id": 55,
            "form": "discutevamo",
            "pos": "VER",
            "lemma": "discutere",
            "has_context": "true",
            "is_title": "false"
        },
        {
            "id": 56,
            "form": "abbiamo",
            "pos": "VER",
            "lemma": "avere",
            "has_context": "false",
            "is_title": "false"
        },
        {
            "id": 57,
            "form": "scoperto",
            "pos": "VER",
            "lemma": "scoprire",
            "has_context": "true",
            "is_title": "false"
        },
        {
            "id": 58,
            "form": "di",
            "pos": "PRE",
            "lemma": "di",
            "has_context": "false",
            "is_title": "false"
        },
        {
            "id": 59,
            "form": "non",
            "pos": "ADV",
            "lemma": "non",
            "has_context": "false",
            "is_title": "false"
        },
        {
            "id": 60,
            "form": "essere",
            "pos": "VER",
            "lemma": "essere",
            "has_context": "false",
            "is_title": "false"
        },
        {
            "id": 61,
            "form": "d’",
            "pos": "PRE",
            "lemma": "di",
            "has_context": "false",
            "is_title": "false"
        },
        {
            "id": 62,
            "form": "accordo",
            "pos": "NOM",
            "lemma": "accordo",
            "has_context": "false",
            "is_title": "false"
        },
        {
            "id": 63,
            "form": "sulla",
            "pos": "PRE",
            "lemma": "sul",
            "has_context": "false",
            "is_title": "false"
        },
        {
            "id": 64,
            "form": "ricetta",
            "pos": "NOM",
            "lemma": "ricetta",
            "has_context": "true",
            "is_title": "false"
        },
        {
            "id": 65,
            "form": ".",
            "pos": "SENT",
            "lemma": ".",
            "has_context": "false",
            "is_title": "false"
        },
        {
            "id": 66,
            "form": "Lui",
            "pos": "PRO",
            "lemma": "lui",
            "has_context": "false",
            "is_title": "false"
        },
        {
            "id": 67,
            "form": "voleva",
            "pos": "VER",
            "lemma": "volere",
            "has_context": "false",
            "is_title": "false"
        },
        {
            "id": 68,
            "form": "mettere",
            "pos": "VER",
            "lemma": "mettere",
            "has_context": "false",
            "is_title": "false"
        },
        {
            "id": 69,
            "form": "la",
            "pos": "DET",
            "lemma": "il",
            "has_context": "false",
            "is_title": "false"
        },
        {
            "id": 70,
            "form": "cipolla",
            "pos": "NOM",
            "lemma": "cipolla",
            "has_context": "true",
            "is_title": "false"
        },
        {
            "id": 71,
            "form": "e",
            "pos": "CON",
            "lemma": "e",
            "has_context": "false",
            "is_title": "false"
        },
        {
            "id": 72,
            "form": "io",
            "pos": "PRO",
            "lemma": "io",
            "has_context": "false",
            "is_title": "false"
        },
        {
            "id": 73,
            "form": "non",
            "pos": "ADV",
            "lemma": "non",
            "has_context": "false",
            "is_title": "false"
        },
        {
            "id": 74,
            "form": "ne",
            "pos": "PRO",
            "lemma": "ne",
            "has_context": "false",
            "is_title": "false"
        },
        {
            "id": 75,
            "form": "volevo",
            "pos": "VER",
            "lemma": "volere",
            "has_context": "false",
            "is_title": "false"
        },
        {
            "id": 76,
            "form": "neanche",
            "pos": "ADV",
            "lemma": "neanche",
            "has_context": "false",
            "is_title": "false"
        },
        {
            "id": 77,
            "form": "un",
            "pos": "DET",
            "lemma": "un",
            "has_context": "false",
            "is_title": "false"
        },
        {
            "id": 78,
            "form": "po’",
            "pos": "ADV",
            "lemma": "po’",
            "has_context": "false",
            "is_title": "false"
        },
        {
            "id": 79,
            "form": ".",
            "pos": "SENT",
            "lemma": ".",
            "has_context": "false",
            "is_title": "false"
        },
        {
            "id": 80,
            "form": "Solo",
            "pos": "ADV",
            "lemma": "solo",
            "has_context": "false",
            "is_title": "false"
        },
        {
            "id": 81,
            "form": "dopo",
            "pos": "ADV",
            "lemma": "dopo",
            "has_context": "false",
            "is_title": "false"
        },
        {
            "id": 82,
            "form": "avere",
            "pos": "VER",
            "lemma": "avere",
            "has_context": "false",
            "is_title": "false"
        },
        {
            "id": 83,
            "form": "letto",
            "pos": "VER",
            "lemma": "leggere",
            "has_context": "false",
            "is_title": "false"
        },
        {
            "id": 84,
            "form": "la",
            "pos": "DET",
            "lemma": "il",
            "has_context": "false",
            "is_title": "false"
        },
        {
            "id": 85,
            "form": "ricetta",
            "pos": "NOM",
            "lemma": "ricetta",
            "has_context": "true",
            "is_title": "false"
        },
        {
            "id": 86,
            "form": "su",
            "pos": "PRE",
            "lemma": "su",
            "has_context": "false",
            "is_title": "false"
        },
        {
            "id": 87,
            "form": "internet",
            "pos": "NOM",
            "lemma": "internet",
            "has_context": "false",
            "is_title": "false"
        },
        {
            "id": 88,
            "form": "abbiamo",
            "pos": "VER",
            "lemma": "avere",
            "has_context": "false",
            "is_title": "false"
        },
        {
            "id": 89,
            "form": "scoperto",
            "pos": "VER",
            "lemma": "scoprire",
            "has_context": "true",
            "is_title": "false"
        },
        {
            "id": 90,
            "form": "che",
            "pos": "CON",
            "lemma": "che",
            "has_context": "false",
            "is_title": "false"
        },
        {
            "id": 91,
            "form": "io",
            "pos": "PRO",
            "lemma": "io",
            "has_context": "false",
            "is_title": "false"
        },
        {
            "id": 92,
            "form": "avevo",
            "pos": "VER",
            "lemma": "avere",
            "has_context": "false",
            "is_title": "false"
        },
        {
            "id": 93,
            "form": "ragione",
            "pos": "NOM",
            "lemma": "ragione",
            "has_context": "false",
            "is_title": "false"
        },
        {
            "id": 94,
            "form": "!",
            "pos": "SENT",
            "lemma": "!",
            "has_context": "false",
            "is_title": "false"
        },
        {
            "id": 95,
            "form": "La",
            "pos": "DET",
            "lemma": "il",
            "has_context": "false",
            "is_title": "false"
        },
        {
            "id": 96,
            "form": "verità",
            "pos": "NOM",
            "lemma": "verità",
            "has_context": "true",
            "is_title": "false"
        },
        {
            "id": 97,
            "form": "è",
            "pos": "VER",
            "lemma": "essere",
            "has_context": "false",
            "is_title": "false"
        },
        {
            "id": 98,
            "form": "che",
            "pos": "CON",
            "lemma": "che",
            "has_context": "false",
            "is_title": "false"
        },
        {
            "id": 99,
            "form": "non",
            "pos": "ADV",
            "lemma": "non",
            "has_context": "false",
            "is_title": "false"
        },
        {
            "id": 100,
            "form": "mi",
            "pos": "PRO",
            "lemma": "mi",
            "has_context": "false",
            "is_title": "false"
        },
        {
            "id": 101,
            "form": "piace",
            "pos": "VER",
            "lemma": "piacere",
            "has_context": "false",
            "is_title": "false"
        },
        {
            "id": 102,
            "form": "cucinare",
            "pos": "VER",
            "lemma": "cucinare",
            "has_context": "false",
            "is_title": "false"
        },
        {
            "id": 103,
            "form": "e",
            "pos": "CON",
            "lemma": "e",
            "has_context": "false",
            "is_title": "false"
        },
        {
            "id": 104,
            "form": "non",
            "pos": "ADV",
            "lemma": "non",
            "has_context": "false",
            "is_title": "false"
        },
        {
            "id": 105,
            "form": "ne",
            "pos": "PRO",
            "lemma": "ne",
            "has_context": "false",
            "is_title": "false"
        },
        {
            "id": 106,
            "form": "voglio",
            "pos": "VER",
            "lemma": "volere",
            "has_context": "false",
            "is_title": "false"
        },
        {
            "id": 107,
            "form": "sentir",
            "pos": "VER",
            "lemma": "sentire",
            "has_context": "false",
            "is_title": "false"
        },
        {
            "id": 108,
            "form": "parlare",
            "pos": "VER",
            "lemma": "parlare",
            "has_context": "false",
            "is_title": "false"
        },
        {
            "id": 109,
            "form": ".",
            "pos": "SENT",
            "lemma": ".",
            "has_context": "false",
            "is_title": "false"
        },
        {
            "id": 110,
            "form": "Se",
            "pos": "CON",
            "lemma": "se",
            "has_context": "false",
            "is_title": "false"
        },
        {
            "id": 111,
            "form": "nel",
            "pos": "PRE",
            "lemma": "nel",
            "has_context": "false",
            "is_title": "false"
        },
        {
            "id": 112,
            "form": "tiramisù",
            "pos": "NOM",
            "lemma": "tiramisù",
            "has_context": "true",
            "is_title": "false"
        },
        {
            "id": 113,
            "form": "metto",
            "pos": "VER",
            "lemma": "mettere",
            "has_context": "false",
            "is_title": "false"
        },
        {
            "id": 114,
            "form": "4",
            "pos": "NUM",
            "lemma": "@card@",
            "has_context": "false",
            "is_title": "false"
        },
        {
            "id": 115,
            "form": "uova",
            "pos": "NOM",
            "lemma": "uovo",
            "has_context": "false",
            "is_title": "false"
        },
        {
            "id": 116,
            "form": ",",
            "pos": "PON",
            "lemma": ",",
            "has_context": "false",
            "is_title": "false"
        },
        {
            "id": 117,
            "form": "sbaglio",
            "pos": "VER",
            "lemma": "sbagliare",
            "has_context": "false",
            "is_title": "false"
        },
        {
            "id": 118,
            "form": "perché",
            "pos": "CON",
            "lemma": "perché",
            "has_context": "false",
            "is_title": "false"
        },
        {
            "id": 119,
            "form": "dovrei",
            "pos": "VER",
            "lemma": "dovere",
            "has_context": "false",
            "is_title": "false"
        },
        {
            "id": 120,
            "form": "metterne",
            "pos": "VER",
            "lemma": "mettere",
            "has_context": "false",
            "is_title": "false"
        },
        {
            "id": 121,
            "form": "3.",
            "pos": "ORD",
            "lemma": "@ord@",
            "has_context": "false",
            "is_title": "false"
        },
        {
            "id": 122,
            "form": "Se",
            "pos": "CON",
            "lemma": "se",
            "has_context": "false",
            "is_title": "false"
        },
        {
            "id": 123,
            "form": "per",
            "pos": "PRE",
            "lemma": "per",
            "has_context": "false",
            "is_title": "false"
        },
        {
            "id": 124,
            "form": "il",
            "pos": "DET",
            "lemma": "il",
            "has_context": "false",
            "is_title": "false"
        },
        {
            "id": 125,
            "form": "sugo",
            "pos": "NOM",
            "lemma": "sugo",
            "has_context": "true",
            "is_title": "false"
        },
        {
            "id": 126,
            "form": "uso",
            "pos": "VER",
            "lemma": "usare",
            "has_context": "false",
            "is_title": "false"
        },
        {
            "id": 127,
            "form": "10",
            "pos": "NUM",
            "lemma": "@card@",
            "has_context": "false",
            "is_title": "false"
        },
        {
            "id": 128,
            "form": "pomodori",
            "pos": "NOM",
            "lemma": "pomodoro",
            "has_context": "false",
            "is_title": "false"
        },
        {
            "id": 129,
            "form": "grandi",
            "pos": "ADJ",
            "lemma": "grande",
            "has_context": "false",
            "is_title": "false"
        },
        {
            "id": 130,
            "form": ",",
            "pos": "PON",
            "lemma": ",",
            "has_context": "false",
            "is_title": "false"
        },
        {
            "id": 131,
            "form": "sbaglio",
            "pos": "VER",
            "lemma": "sbagliare",
            "has_context": "false",
            "is_title": "false"
        },
        {
            "id": 132,
            "form": ",",
            "pos": "PON",
            "lemma": ",",
            "has_context": "false",
            "is_title": "false"
        },
        {
            "id": 133,
            "form": "perché",
            "pos": "CON",
            "lemma": "perché",
            "has_context": "false",
            "is_title": "false"
        },
        {
            "id": 134,
            "form": "dovrei",
            "pos": "VER",
            "lemma": "dovere",
            "has_context": "false",
            "is_title": "false"
        },
        {
            "id": 135,
            "form": "usarne",
            "pos": "VER",
            "lemma": "usare",
            "has_context": "false",
            "is_title": "false"
        },
        {
            "id": 136,
            "form": "5",
            "pos": "PON",
            "lemma": "@card@",
            "has_context": "false",
            "is_title": "false"
        },
        {
            "id": 137,
            "form": "grandi",
            "pos": "ADJ",
            "lemma": "grande",
            "has_context": "false",
            "is_title": "false"
        },
        {
            "id": 138,
            "form": "e",
            "pos": "CON",
            "lemma": "e",
            "has_context": "false",
            "is_title": "false"
        },
        {
            "id": 139,
            "form": "5",
            "pos": "NUM",
            "lemma": "@card@",
            "has_context": "false",
            "is_title": "false"
        },
        {
            "id": 140,
            "form": "piccoli",
            "pos": "ADJ",
            "lemma": "piccolo",
            "has_context": "false",
            "is_title": "false"
        },
        {
            "id": 141,
            "form": ",",
            "pos": "PON",
            "lemma": ",",
            "has_context": "false",
            "is_title": "false"
        },
        {
            "id": 142,
            "form": "se",
            "pos": "CON",
            "lemma": "se",
            "has_context": "false",
            "is_title": "false"
        },
        {
            "id": 143,
            "form": "per",
            "pos": "PRE",
            "lemma": "per",
            "has_context": "false",
            "is_title": "false"
        },
        {
            "id": 144,
            "form": "il",
            "pos": "DET",
            "lemma": "il",
            "has_context": "false",
            "is_title": "false"
        },
        {
            "id": 145,
            "form": "ragù",
            "pos": "NOM",
            "lemma": "ragù",
            "has_context": "true",
            "is_title": "false"
        },
        {
            "id": 146,
            "form": "compro",
            "pos": "VER",
            "lemma": "comprare",
            "has_context": "false",
            "is_title": "false"
        },
        {
            "id": 147,
            "form": "solo",
            "pos": "ADV",
            "lemma": "solo",
            "has_context": "false",
            "is_title": "false"
        },
        {
            "id": 148,
            "form": "200",
            "pos": "NUM",
            "lemma": "@card@",
            "has_context": "false",
            "is_title": "false"
        },
        {
            "id": 149,
            "form": "grammi",
            "pos": "NOM",
            "lemma": "grammo",
            "has_context": "true",
            "is_title": "false"
        },
        {
            "id": 150,
            "form": "di",
            "pos": "PRE",
            "lemma": "di",
            "has_context": "false",
            "is_title": "false"
        },
        {
            "id": 151,
            "form": "carne",
            "pos": "NOM",
            "lemma": "carne",
            "has_context": "false",
            "is_title": "false"
        },
        {
            "id": 152,
            "form": "macinata",
            "pos": "ADJ",
            "lemma": "macinato",
            "has_context": "true",
            "is_title": "false"
        },
        {
            "id": 153,
            "form": ",",
            "pos": "PON",
            "lemma": ",",
            "has_context": "false",
            "is_title": "false"
        },
        {
            "id": 154,
            "form": "sbaglio",
            "pos": "VER",
            "lemma": "sbagliare",
            "has_context": "false",
            "is_title": "false"
        },
        {
            "id": 155,
            "form": "perché",
            "pos": "CON",
            "lemma": "perché",
            "has_context": "false",
            "is_title": "false"
        },
        {
            "id": 156,
            "form": "dovrei",
            "pos": "VER",
            "lemma": "dovere",
            "has_context": "false",
            "is_title": "false"
        },
        {
            "id": 157,
            "form": "comprarne",
            "pos": "VER",
            "lemma": "comprare",
            "has_context": "false",
            "is_title": "false"
        },
        {
            "id": 158,
            "form": "500.",
            "pos": "ORD",
            "lemma": "@ord@",
            "has_context": "false",
            "is_title": "false"
        },
        {
            "id": 159,
            "form": "Insomma",
            "pos": "CON",
            "lemma": "insomma",
            "has_context": "false",
            "is_title": "false"
        },
        {
            "id": 160,
            "form": ",",
            "pos": "PON",
            "lemma": ",",
            "has_context": "false",
            "is_title": "false"
        },
        {
            "id": 161,
            "form": "sbaglio",
            "pos": "VER",
            "lemma": "sbagliare",
            "has_context": "false",
            "is_title": "false"
        },
        {
            "id": 162,
            "form": "sempre",
            "pos": "ADV",
            "lemma": "sempre",
            "has_context": "false",
            "is_title": "false"
        },
        {
            "id": 163,
            "form": "e",
            "pos": "CON",
            "lemma": "e",
            "has_context": "false",
            "is_title": "false"
        },
        {
            "id": 164,
            "form": "mi",
            "pos": "PRO",
            "lemma": "mi",
            "has_context": "false",
            "is_title": "false"
        },
        {
            "id": 165,
            "form": "pento",
            "pos": "VER",
            "lemma": "pentire",
            "has_context": "true",
            "is_title": "false"
        },
        {
            "id": 166,
            "form": "di",
            "pos": "PRE",
            "lemma": "di",
            "has_context": "false",
            "is_title": "false"
        },
        {
            "id": 167,
            "form": "aver",
            "pos": "VER",
            "lemma": "avere",
            "has_context": "false",
            "is_title": "false"
        },
        {
            "id": 168,
            "form": "provato",
            "pos": "VER",
            "lemma": "provare",
            "has_context": "false",
            "is_title": "false"
        },
        {
            "id": 169,
            "form": "!",
            "pos": "SENT",
            "lemma": "!",
            "has_context": "false",
            "is_title": "false"
        },
        {
            "id": 170,
            "form": "Me",
            "pos": "PRO",
            "lemma": "me",
            "has_context": "false",
            "is_title": "false"
        },
        {
            "id": 171,
            "form": "ne",
            "pos": "PRO",
            "lemma": "ne",
            "has_context": "false",
            "is_title": "false"
        },
        {
            "id": 172,
            "form": "pento",
            "pos": "VER",
            "lemma": "pentire",
            "has_context": "true",
            "is_title": "false"
        },
        {
            "id": 173,
            "form": "continuamente",
            "pos": "ADV",
            "lemma": "continuamente",
            "has_context": "true",
            "is_title": "false"
        },
        {
            "id": 174,
            "form": "!",
            "pos": "SENT",
            "lemma": "!",
            "has_context": "false",
            "is_title": "false"
        },
        {
            "id": 175,
            "form": "Comunque",
            "pos": "ADV",
            "lemma": "comunque",
            "has_context": "true",
            "is_title": "false"
        },
        {
            "id": 176,
            "form": ",",
            "pos": "PON",
            "lemma": ",",
            "has_context": "false",
            "is_title": "false"
        },
        {
            "id": 177,
            "form": "la",
            "pos": "DET",
            "lemma": "il",
            "has_context": "false",
            "is_title": "false"
        },
        {
            "id": 178,
            "form": "mia",
            "pos": "ADJ",
            "lemma": "mio",
            "has_context": "false",
            "is_title": "false"
        },
        {
            "id": 179,
            "form": "migliore",
            "pos": "ADJ",
            "lemma": "migliore",
            "has_context": "true",
            "is_title": "false"
        },
        {
            "id": 180,
            "form": "amica",
            "pos": "NOM",
            "lemma": "amica",
            "has_context": "false",
            "is_title": "false"
        },
        {
            "id": 181,
            "form": ",",
            "pos": "PON",
            "lemma": ",",
            "has_context": "false",
            "is_title": "false"
        },
        {
            "id": 182,
            "form": "che",
            "pos": "PRO",
            "lemma": "che",
            "has_context": "false",
            "is_title": "false"
        },
        {
            "id": 183,
            "form": "è",
            "pos": "VER",
            "lemma": "essere",
            "has_context": "false",
            "is_title": "false"
        },
        {
            "id": 184,
            "form": "una",
            "pos": "DET",
            "lemma": "una",
            "has_context": "false",
            "is_title": "false"
        },
        {
            "id": 185,
            "form": "cuoca",
            "pos": "NOM",
            "lemma": "cuoco",
            "has_context": "true",
            "is_title": "false"
        },
        {
            "id": 186,
            "form": "esperta",
            "pos": "ADJ",
            "lemma": "esperto",
            "has_context": "true",
            "is_title": "false"
        },
        {
            "id": 187,
            "form": ",",
            "pos": "PON",
            "lemma": ",",
            "has_context": "false",
            "is_title": "false"
        },
        {
            "id": 188,
            "form": "mi",
            "pos": "PRO",
            "lemma": "mi",
            "has_context": "false",
            "is_title": "false"
        },
        {
            "id": 189,
            "form": "dice",
            "pos": "VER",
            "lemma": "dire",
            "has_context": "false",
            "is_title": "false"
        },
        {
            "id": 190,
            "form": "sempre",
            "pos": "ADV",
            "lemma": "sempre",
            "has_context": "false",
            "is_title": "false"
        },
        {
            "id": 191,
            "form": "che",
            "pos": "CON",
            "lemma": "che",
            "has_context": "false",
            "is_title": "false"
        },
        {
            "id": 192,
            "form": "non",
            "pos": "ADV",
            "lemma": "non",
            "has_context": "false",
            "is_title": "false"
        },
        {
            "id": 193,
            "form": "devo",
            "pos": "VER",
            "lemma": "dovere",
            "has_context": "false",
            "is_title": "false"
        },
        {
            "id": 194,
            "form": "aver",
            "pos": "VER",
            "lemma": "avere",
            "has_context": "false",
            "is_title": "false"
        },
        {
            "id": 195,
            "form": "paura",
            "pos": "NOM",
            "lemma": "paura",
            "has_context": "false",
            "is_title": "false"
        },
        {
            "id": 196,
            "form": "di",
            "pos": "PRE",
            "lemma": "di",
            "has_context": "false",
            "is_title": "false"
        },
        {
            "id": 197,
            "form": "provare",
            "pos": "VER",
            "lemma": "provare",
            "has_context": "false",
            "is_title": "false"
        },
        {
            "id": 198,
            "form": ".",
            "pos": "SENT",
            "lemma": ".",
            "has_context": "false",
            "is_title": "false"
        },
        {
            "id": 199,
            "form": "Non",
            "pos": "ADV",
            "lemma": "non",
            "has_context": "false",
            "is_title": "false"
        },
        {
            "id": 200,
            "form": "devo",
            "pos": "VER",
            "lemma": "dovere",
            "has_context": "false",
            "is_title": "false"
        },
        {
            "id": 201,
            "form": "averne",
            "pos": "VER",
            "lemma": "avere",
            "has_context": "false",
            "is_title": "false"
        },
        {
            "id": 202,
            "form": "perché",
            "pos": "CON",
            "lemma": "perché",
            "has_context": "false",
            "is_title": "false"
        },
        {
            "id": 203,
            "form": "sbagliando",
            "pos": "VER",
            "lemma": "sbagliare",
            "has_context": "false",
            "is_title": "false"
        },
        {
            "id": 204,
            "form": "si",
            "pos": "PRO",
            "lemma": "si",
            "has_context": "false",
            "is_title": "false"
        },
        {
            "id": 205,
            "form": "impara",
            "pos": "VER",
            "lemma": "imparare",
            "has_context": "false",
            "is_title": "false"
        },
        {
            "id": 206,
            "form": "e",
            "pos": "CON",
            "lemma": "e",
            "has_context": "false",
            "is_title": "false"
        },
        {
            "id": 207,
            "form": "anche",
            "pos": "CON",
            "lemma": "anche",
            "has_context": "false",
            "is_title": "false"
        },
        {
            "id": 208,
            "form": "se",
            "pos": "CON",
            "lemma": "se",
            "has_context": "false",
            "is_title": "false"
        },
        {
            "id": 209,
            "form": "di",
            "pos": "PRE",
            "lemma": "di",
            "has_context": "false",
            "is_title": "false"
        },
        {
            "id": 210,
            "form": "errori",
            "pos": "NOM",
            "lemma": "errore",
            "has_context": "false",
            "is_title": "false"
        },
        {
            "id": 211,
            "form": "ne",
            "pos": "ADV",
            "lemma": "ne",
            "has_context": "true",
            "is_title": "false"
        },
        {
            "id": 212,
            "form": "faccio",
            "pos": "VER",
            "lemma": "fare",
            "has_context": "false",
            "is_title": "false"
        },
        {
            "id": 213,
            "form": "tanti",
            "pos": "ADJ",
            "lemma": "tanto",
            "has_context": "false",
            "is_title": "false"
        },
        {
            "id": 214,
            "form": ",",
            "pos": "PON",
            "lemma": ",",
            "has_context": "false",
            "is_title": "false"
        },
        {
            "id": 215,
            "form": "non",
            "pos": "ADV",
            "lemma": "non",
            "has_context": "false",
            "is_title": "false"
        },
        {
            "id": 216,
            "form": "devo",
            "pos": "VER",
            "lemma": "dovere",
            "has_context": "false",
            "is_title": "false"
        },
        {
            "id": 217,
            "form": "preoccuparmi",
            "pos": "VER",
            "lemma": "preoccupare",
            "has_context": "true",
            "is_title": "false"
        },
        {
            "id": 218,
            "form": "troppo",
            "pos": "ADV",
            "lemma": "troppo",
            "has_context": "false",
            "is_title": "false"
        },
        {
            "id": 219,
            "form": ".",
            "pos": "SENT",
            "lemma": ".",
            "has_context": "false",
            "is_title": "false"
        },
        {
            "id": 220,
            "form": "Il",
            "pos": "DET",
            "lemma": "il",
            "has_context": "false",
            "is_title": "false"
        },
        {
            "id": 221,
            "form": "vero",
            "pos": "ADJ",
            "lemma": "vero",
            "has_context": "false",
            "is_title": "false"
        },
        {
            "id": 222,
            "form": "ingrediente",
            "pos": "NOM",
            "lemma": "ingrediente",
            "has_context": "true",
            "is_title": "false"
        },
        {
            "id": 223,
            "form": "per",
            "pos": "PRE",
            "lemma": "per",
            "has_context": "false",
            "is_title": "false"
        },
        {
            "id": 224,
            "form": "una",
            "pos": "DET",
            "lemma": "una",
            "has_context": "false",
            "is_title": "false"
        },
        {
            "id": 225,
            "form": "buona",
            "pos": "ADJ",
            "lemma": "buono",
            "has_context": "false",
            "is_title": "false"
        },
        {
            "id": 226,
            "form": "ricetta",
            "pos": "NOM",
            "lemma": "ricetta",
            "has_context": "true",
            "is_title": "false"
        },
        {
            "id": 227,
            "form": "è",
            "pos": "VER",
            "lemma": "essere",
            "has_context": "false",
            "is_title": "false"
        },
        {
            "id": 228,
            "form": "la",
            "pos": "DET",
            "lemma": "il",
            "has_context": "false",
            "is_title": "false"
        },
        {
            "id": 229,
            "form": "fantasia",
            "pos": "NOM",
            "lemma": "fantasia",
            "has_context": "true",
            "is_title": "false"
        },
        {
            "id": 230,
            "form": ".",
            "pos": "SENT",
            "lemma": ".",
            "has_context": "false",
            "is_title": "false"
        },
        {
            "id": 231,
            "form": "Mettetene",
            "pos": "VER",
            "lemma": "mettere",
            "has_context": "false",
            "is_title": "false"
        },
        {
            "id": 232,
            "form": "tanta",
            "pos": "PRO",
            "lemma": "tanto",
            "has_context": "false",
            "is_title": "false"
        },
        {
            "id": 233,
            "form": "e",
            "pos": "CON",
            "lemma": "e",
            "has_context": "false",
            "is_title": "false"
        },
        {
            "id": 234,
            "form": "ne",
            "pos": "PRO",
            "lemma": "ne",
            "has_context": "false",
            "is_title": "false"
        },
        {
            "id": 235,
            "form": "sarete",
            "pos": "VER",
            "lemma": "essere",
            "has_context": "false",
            "is_title": "false"
        },
        {
            "id": 236,
            "form": "soddisfatti",
            "pos": "VER",
            "lemma": "soddisfare",
            "has_context": "true",
            "is_title": "false"
        },
        {
            "id": 237,
            "form": "!",
            "pos": "SENT",
            "lemma": "!",
            "has_context": "false",
            "is_title": "false"
        }
    ]
