    [
        {
            "id": 1,
            "form": "Trasferimento",
            "pos": "NOM",
            "lemma": "trasferimento",
            "has_context": "true",
            "is_title": "true"
        },
        {
            "id": 2,
            "form": "in",
            "pos": "PRE",
            "lemma": "in",
            "has_context": "false",
            "is_title": "true"
        },
        {
            "id": 3,
            "form": "Italia",
            "pos": "NPR",
            "lemma": "Italia",
            "has_context": "false",
            "is_title": "true"
        },
        {
            "id": 4,
            "form": "Quando",
            "pos": "CON",
            "lemma": "quando",
            "has_context": "false",
            "is_title": "false"
        },
        {
            "id": 5,
            "form": "Jim",
            "pos": "NPR",
            "lemma": "Jim",
            "has_context": "false",
            "is_title": "false"
        },
        {
            "id": 6,
            "form": "e",
            "pos": "CON",
            "lemma": "e",
            "has_context": "false",
            "is_title": "false"
        },
        {
            "id": 7,
            "form": "Mary",
            "pos": "NPR",
            "lemma": "Mary",
            "has_context": "false",
            "is_title": "false"
        },
        {
            "id": 8,
            "form": "hanno",
            "pos": "VER",
            "lemma": "avere",
            "has_context": "false",
            "is_title": "false"
        },
        {
            "id": 9,
            "form": "deciso",
            "pos": "VER",
            "lemma": "decidere",
            "has_context": "true",
            "is_title": "false"
        },
        {
            "id": 10,
            "form": "di",
            "pos": "PRE",
            "lemma": "di",
            "has_context": "false",
            "is_title": "false"
        },
        {
            "id": 11,
            "form": "lasciare",
            "pos": "VER",
            "lemma": "lasciare",
            "has_context": "false",
            "is_title": "false"
        },
        {
            "id": 12,
            "form": "il",
            "pos": "DET",
            "lemma": "il",
            "has_context": "false",
            "is_title": "false"
        },
        {
            "id": 13,
            "form": "lavoro",
            "pos": "NOM",
            "lemma": "lavoro",
            "has_context": "false",
            "is_title": "false"
        },
        {
            "id": 14,
            "form": "e",
            "pos": "CON",
            "lemma": "e",
            "has_context": "false",
            "is_title": "false"
        },
        {
            "id": 15,
            "form": "di",
            "pos": "PRE",
            "lemma": "di",
            "has_context": "false",
            "is_title": "false"
        },
        {
            "id": 16,
            "form": "trasferirsi",
            "pos": "VER",
            "lemma": "trasferire",
            "has_context": "true",
            "is_title": "false"
        },
        {
            "id": 17,
            "form": "in",
            "pos": "PRE",
            "lemma": "in",
            "has_context": "false",
            "is_title": "false"
        },
        {
            "id": 18,
            "form": "Italia",
            "pos": "NPR",
            "lemma": "Italia",
            "has_context": "false",
            "is_title": "false"
        },
        {
            "id": 19,
            "form": ",",
            "pos": "PON",
            "lemma": ",",
            "has_context": "false",
            "is_title": "false"
        },
        {
            "id": 20,
            "form": "in",
            "pos": "PRE",
            "lemma": "in",
            "has_context": "false",
            "is_title": "false"
        },
        {
            "id": 21,
            "form": "molti",
            "pos": "PRO",
            "lemma": "molto",
            "has_context": "false",
            "is_title": "false"
        },
        {
            "id": 22,
            "form": ",",
            "pos": "PON",
            "lemma": ",",
            "has_context": "false",
            "is_title": "false"
        },
        {
            "id": 23,
            "form": "fra",
            "pos": "PRE",
            "lemma": "fra",
            "has_context": "false",
            "is_title": "false"
        },
        {
            "id": 24,
            "form": "amici",
            "pos": "NOM",
            "lemma": "amico",
            "has_context": "false",
            "is_title": "false"
        },
        {
            "id": 25,
            "form": "e",
            "pos": "CON",
            "lemma": "e",
            "has_context": "false",
            "is_title": "false"
        },
        {
            "id": 26,
            "form": "parenti",
            "pos": "NOM",
            "lemma": "parente",
            "has_context": "false",
            "is_title": "false"
        },
        {
            "id": 27,
            "form": ",",
            "pos": "PON",
            "lemma": ",",
            "has_context": "false",
            "is_title": "false"
        },
        {
            "id": 28,
            "form": "sono",
            "pos": "VER",
            "lemma": "essere",
            "has_context": "false",
            "is_title": "false"
        },
        {
            "id": 29,
            "form": "rimasti",
            "pos": "VER",
            "lemma": "rimanere",
            "has_context": "false",
            "is_title": "false"
        },
        {
            "id": 30,
            "form": "colpiti",
            "pos": "VER",
            "lemma": "colpire",
            "has_context": "true",
            "is_title": "false"
        },
        {
            "id": 31,
            "form": "da",
            "pos": "PRE",
            "lemma": "da",
            "has_context": "false",
            "is_title": "false"
        },
        {
            "id": 32,
            "form": "questa",
            "pos": "ADJ",
            "lemma": "questo",
            "has_context": "false",
            "is_title": "false"
        },
        {
            "id": 33,
            "form": "decisione",
            "pos": "NOM",
            "lemma": "decisione",
            "has_context": "true",
            "is_title": "false"
        },
        {
            "id": 34,
            "form": ".",
            "pos": "SENT",
            "lemma": ".",
            "has_context": "false",
            "is_title": "false"
        },
        {
            "id": 35,
            "form": "Jim",
            "pos": "NPR",
            "lemma": "Jim",
            "has_context": "false",
            "is_title": "false"
        },
        {
            "id": 36,
            "form": "e",
            "pos": "CON",
            "lemma": "e",
            "has_context": "false",
            "is_title": "false"
        },
        {
            "id": 37,
            "form": "Mary",
            "pos": "NPR",
            "lemma": "Mary",
            "has_context": "false",
            "is_title": "false"
        },
        {
            "id": 38,
            "form": "infatti",
            "pos": "CON",
            "lemma": "infatti",
            "has_context": "false",
            "is_title": "false"
        },
        {
            "id": 39,
            "form": "sono",
            "pos": "VER",
            "lemma": "essere",
            "has_context": "false",
            "is_title": "false"
        },
        {
            "id": 40,
            "form": "sposati",
            "pos": "ADJ",
            "lemma": "sposato",
            "has_context": "true",
            "is_title": "false"
        },
        {
            "id": 41,
            "form": "ormai",
            "pos": "ADV",
            "lemma": "ormai",
            "has_context": "true",
            "is_title": "false"
        },
        {
            "id": 42,
            "form": "da",
            "pos": "PRE",
            "lemma": "da",
            "has_context": "false",
            "is_title": "false"
        },
        {
            "id": 43,
            "form": "trent’",
            "pos": "ADJ",
            "lemma": "trenta",
            "has_context": "false",
            "is_title": "false"
        },
        {
            "id": 44,
            "form": "anni",
            "pos": "NOM",
            "lemma": "anno",
            "has_context": "false",
            "is_title": "false"
        },
        {
            "id": 45,
            "form": "e",
            "pos": "CON",
            "lemma": "e",
            "has_context": "false",
            "is_title": "false"
        },
        {
            "id": 46,
            "form": "hanno",
            "pos": "VER",
            "lemma": "avere",
            "has_context": "false",
            "is_title": "false"
        },
        {
            "id": 47,
            "form": "deciso",
            "pos": "VER",
            "lemma": "decidere",
            "has_context": "true",
            "is_title": "false"
        },
        {
            "id": 48,
            "form": "di",
            "pos": "PRE",
            "lemma": "di",
            "has_context": "false",
            "is_title": "false"
        },
        {
            "id": 49,
            "form": "cambiare",
            "pos": "VER",
            "lemma": "cambiare",
            "has_context": "false",
            "is_title": "false"
        },
        {
            "id": 50,
            "form": "la",
            "pos": "DET",
            "lemma": "il",
            "has_context": "false",
            "is_title": "false"
        },
        {
            "id": 51,
            "form": "loro",
            "pos": "ADJ",
            "lemma": "loro",
            "has_context": "false",
            "is_title": "false"
        },
        {
            "id": 52,
            "form": "vita",
            "pos": "NOM",
            "lemma": "vita",
            "has_context": "true",
            "is_title": "false"
        },
        {
            "id": 53,
            "form": ".",
            "pos": "SENT",
            "lemma": ".",
            "has_context": "false",
            "is_title": "false"
        },
        {
            "id": 54,
            "form": "Da",
            "pos": "PRE",
            "lemma": "da",
            "has_context": "false",
            "is_title": "false"
        },
        {
            "id": 55,
            "form": "sempre",
            "pos": "ADV",
            "lemma": "sempre",
            "has_context": "false",
            "is_title": "false"
        },
        {
            "id": 56,
            "form": "infatti",
            "pos": "CON",
            "lemma": "infatti",
            "has_context": "false",
            "is_title": "false"
        },
        {
            "id": 57,
            "form": "i",
            "pos": "DET",
            "lemma": "il",
            "has_context": "false",
            "is_title": "false"
        },
        {
            "id": 58,
            "form": "due",
            "pos": "ADJ",
            "lemma": "due",
            "has_context": "false",
            "is_title": "false"
        },
        {
            "id": 59,
            "form": "coniugi",
            "pos": "NOM",
            "lemma": "coniuge",
            "has_context": "true",
            "is_title": "false"
        },
        {
            "id": 60,
            "form": "hanno",
            "pos": "VER",
            "lemma": "avere",
            "has_context": "false",
            "is_title": "false"
        },
        {
            "id": 61,
            "form": "passato",
            "pos": "VER",
            "lemma": "passare",
            "has_context": "false",
            "is_title": "false"
        },
        {
            "id": 62,
            "form": "la",
            "pos": "DET",
            "lemma": "il",
            "has_context": "false",
            "is_title": "false"
        },
        {
            "id": 63,
            "form": "loro",
            "pos": "ADJ",
            "lemma": "loro",
            "has_context": "false",
            "is_title": "false"
        },
        {
            "id": 64,
            "form": "vita",
            "pos": "NOM",
            "lemma": "vita",
            "has_context": "true",
            "is_title": "false"
        },
        {
            "id": 65,
            "form": "a",
            "pos": "PRE",
            "lemma": "a",
            "has_context": "false",
            "is_title": "false"
        },
        {
            "id": 66,
            "form": "Londra",
            "pos": "NPR",
            "lemma": "Londra",
            "has_context": "false",
            "is_title": "false"
        },
        {
            "id": 67,
            "form": ",",
            "pos": "PON",
            "lemma": ",",
            "has_context": "false",
            "is_title": "false"
        },
        {
            "id": 68,
            "form": "impegnati",
            "pos": "ADJ",
            "lemma": "impegnato",
            "has_context": "true",
            "is_title": "false"
        },
        {
            "id": 69,
            "form": "tra",
            "pos": "PRE",
            "lemma": "tra",
            "has_context": "false",
            "is_title": "false"
        },
        {
            "id": 70,
            "form": "il",
            "pos": "DET",
            "lemma": "il",
            "has_context": "false",
            "is_title": "false"
        },
        {
            "id": 71,
            "form": "lavoro",
            "pos": "NOM",
            "lemma": "lavoro",
            "has_context": "false",
            "is_title": "false"
        },
        {
            "id": 72,
            "form": "e",
            "pos": "CON",
            "lemma": "e",
            "has_context": "false",
            "is_title": "false"
        },
        {
            "id": 73,
            "form": "la",
            "pos": "DET",
            "lemma": "il",
            "has_context": "false",
            "is_title": "false"
        },
        {
            "id": 74,
            "form": "famiglia",
            "pos": "NOM",
            "lemma": "famiglia",
            "has_context": "false",
            "is_title": "false"
        },
        {
            "id": 75,
            "form": ".",
            "pos": "SENT",
            "lemma": ".",
            "has_context": "false",
            "is_title": "false"
        },
        {
            "id": 76,
            "form": "Hanno",
            "pos": "VER",
            "lemma": "avere",
            "has_context": "false",
            "is_title": "false"
        },
        {
            "id": 77,
            "form": "deciso",
            "pos": "VER",
            "lemma": "decidere",
            "has_context": "true",
            "is_title": "false"
        },
        {
            "id": 78,
            "form": "di",
            "pos": "PRE",
            "lemma": "di",
            "has_context": "false",
            "is_title": "false"
        },
        {
            "id": 79,
            "form": "vendere",
            "pos": "VER",
            "lemma": "vendere",
            "has_context": "false",
            "is_title": "false"
        },
        {
            "id": 80,
            "form": "la",
            "pos": "DET",
            "lemma": "il",
            "has_context": "false",
            "is_title": "false"
        },
        {
            "id": 81,
            "form": "loro",
            "pos": "ADJ",
            "lemma": "loro",
            "has_context": "false",
            "is_title": "false"
        },
        {
            "id": 82,
            "form": "casa",
            "pos": "NOM",
            "lemma": "casa",
            "has_context": "false",
            "is_title": "false"
        },
        {
            "id": 83,
            "form": "e",
            "pos": "CON",
            "lemma": "e",
            "has_context": "false",
            "is_title": "false"
        },
        {
            "id": 84,
            "form": "comprare",
            "pos": "VER",
            "lemma": "comprare",
            "has_context": "false",
            "is_title": "false"
        },
        {
            "id": 85,
            "form": "un",
            "pos": "DET",
            "lemma": "un",
            "has_context": "false",
            "is_title": "false"
        },
        {
            "id": 86,
            "form": "casolare",
            "pos": "NOM",
            "lemma": "casolare",
            "has_context": "true",
            "is_title": "false"
        },
        {
            "id": 87,
            "form": "tra",
            "pos": "PRE",
            "lemma": "tra",
            "has_context": "false",
            "is_title": "false"
        },
        {
            "id": 88,
            "form": "le",
            "pos": "DET",
            "lemma": "il",
            "has_context": "false",
            "is_title": "false"
        },
        {
            "id": 89,
            "form": "colline",
            "pos": "NOM",
            "lemma": "collina",
            "has_context": "false",
            "is_title": "false"
        },
        {
            "id": 90,
            "form": "della",
            "pos": "PRE",
            "lemma": "del",
            "has_context": "false",
            "is_title": "false"
        },
        {
            "id": 91,
            "form": "Toscana",
            "pos": "NPR",
            "lemma": "Toscana",
            "has_context": "false",
            "is_title": "false"
        },
        {
            "id": 92,
            "form": "e",
            "pos": "CON",
            "lemma": "e",
            "has_context": "false",
            "is_title": "false"
        },
        {
            "id": 93,
            "form": "di",
            "pos": "PRE",
            "lemma": "di",
            "has_context": "false",
            "is_title": "false"
        },
        {
            "id": 94,
            "form": "vivere",
            "pos": "VER",
            "lemma": "vivere",
            "has_context": "false",
            "is_title": "false"
        },
        {
            "id": 95,
            "form": "una",
            "pos": "DET",
            "lemma": "una",
            "has_context": "false",
            "is_title": "false"
        },
        {
            "id": 96,
            "form": "vita",
            "pos": "NOM",
            "lemma": "vita",
            "has_context": "true",
            "is_title": "false"
        },
        {
            "id": 97,
            "form": "più",
            "pos": "ADV",
            "lemma": "più",
            "has_context": "false",
            "is_title": "false"
        },
        {
            "id": 98,
            "form": "sana",
            "pos": "ADJ",
            "lemma": "sano",
            "has_context": "true",
            "is_title": "false"
        },
        {
            "id": 99,
            "form": "in",
            "pos": "PRE",
            "lemma": "in",
            "has_context": "false",
            "is_title": "false"
        },
        {
            "id": 100,
            "form": "campagna",
            "pos": "NOM",
            "lemma": "campagna",
            "has_context": "false",
            "is_title": "false"
        },
        {
            "id": 101,
            "form": ".",
            "pos": "SENT",
            "lemma": ".",
            "has_context": "false",
            "is_title": "false"
        },
        {
            "id": 102,
            "form": "Dopo",
            "pos": "CON",
            "lemma": "dopo",
            "has_context": "false",
            "is_title": "false"
        },
        {
            "id": 103,
            "form": "aver",
            "pos": "VER",
            "lemma": "avere",
            "has_context": "false",
            "is_title": "false"
        },
        {
            "id": 104,
            "form": "cercato",
            "pos": "VER",
            "lemma": "cercare",
            "has_context": "false",
            "is_title": "false"
        },
        {
            "id": 105,
            "form": "a",
            "pos": "PRE",
            "lemma": "a",
            "has_context": "false",
            "is_title": "false"
        },
        {
            "id": 106,
            "form": "lungo",
            "pos": "ADJ",
            "lemma": "lungo",
            "has_context": "false",
            "is_title": "false"
        },
        {
            "id": 107,
            "form": "il",
            "pos": "DET",
            "lemma": "il",
            "has_context": "false",
            "is_title": "false"
        },
        {
            "id": 108,
            "form": "posto",
            "pos": "NOM",
            "lemma": "posto",
            "has_context": "false",
            "is_title": "false"
        },
        {
            "id": 109,
            "form": "giusto",
            "pos": "ADJ",
            "lemma": "giusto",
            "has_context": "false",
            "is_title": "false"
        },
        {
            "id": 110,
            "form": "hanno",
            "pos": "VER",
            "lemma": "avere",
            "has_context": "false",
            "is_title": "false"
        },
        {
            "id": 111,
            "form": "trovato",
            "pos": "VER",
            "lemma": "trovare",
            "has_context": "false",
            "is_title": "false"
        },
        {
            "id": 112,
            "form": "una",
            "pos": "DET",
            "lemma": "una",
            "has_context": "false",
            "is_title": "false"
        },
        {
            "id": 113,
            "form": "fattoria",
            "pos": "NOM",
            "lemma": "fattoria",
            "has_context": "false",
            "is_title": "false"
        },
        {
            "id": 114,
            "form": "molto",
            "pos": "ADV",
            "lemma": "molto",
            "has_context": "false",
            "is_title": "false"
        },
        {
            "id": 115,
            "form": "ampia",
            "pos": "ADJ",
            "lemma": "ampio",
            "has_context": "true",
            "is_title": "false"
        },
        {
            "id": 116,
            "form": ",",
            "pos": "PON",
            "lemma": ",",
            "has_context": "false",
            "is_title": "false"
        },
        {
            "id": 117,
            "form": "con",
            "pos": "PRE",
            "lemma": "con",
            "has_context": "false",
            "is_title": "false"
        },
        {
            "id": 118,
            "form": "animali",
            "pos": "NOM",
            "lemma": "animale",
            "has_context": "false",
            "is_title": "false"
        },
        {
            "id": 119,
            "form": "di",
            "pos": "PRE",
            "lemma": "di",
            "has_context": "false",
            "is_title": "false"
        },
        {
            "id": 120,
            "form": "ogni",
            "pos": "ADJ",
            "lemma": "ogni",
            "has_context": "false",
            "is_title": "false"
        },
        {
            "id": 121,
            "form": "specie",
            "pos": "NOM",
            "lemma": "specie",
            "has_context": "true",
            "is_title": "false"
        },
        {
            "id": 122,
            "form": "e",
            "pos": "CON",
            "lemma": "e",
            "has_context": "false",
            "is_title": "false"
        },
        {
            "id": 123,
            "form": "vicino",
            "pos": "ADJ",
            "lemma": "vicino",
            "has_context": "false",
            "is_title": "false"
        },
        {
            "id": 124,
            "form": "ad",
            "pos": "PRE",
            "lemma": "ad",
            "has_context": "false",
            "is_title": "false"
        },
        {
            "id": 125,
            "form": "un",
            "pos": "DET",
            "lemma": "un",
            "has_context": "false",
            "is_title": "false"
        },
        {
            "id": 126,
            "form": "bosco",
            "pos": "NOM",
            "lemma": "bosco",
            "has_context": "false",
            "is_title": "false"
        },
        {
            "id": 127,
            "form": ".",
            "pos": "SENT",
            "lemma": ".",
            "has_context": "false",
            "is_title": "false"
        },
        {
            "id": 128,
            "form": "Inoltre",
            "pos": "CON",
            "lemma": "inoltre",
            "has_context": "false",
            "is_title": "false"
        },
        {
            "id": 129,
            "form": "il",
            "pos": "DET",
            "lemma": "il",
            "has_context": "false",
            "is_title": "false"
        },
        {
            "id": 130,
            "form": "casolare",
            "pos": "NOM",
            "lemma": "casolare",
            "has_context": "true",
            "is_title": "false"
        },
        {
            "id": 131,
            "form": "si",
            "pos": "PRO",
            "lemma": "si",
            "has_context": "false",
            "is_title": "false"
        },
        {
            "id": 132,
            "form": "trova",
            "pos": "VER",
            "lemma": "trovare",
            "has_context": "false",
            "is_title": "false"
        },
        {
            "id": 133,
            "form": "proprio",
            "pos": "ADV",
            "lemma": "proprio",
            "has_context": "true",
            "is_title": "false"
        },
        {
            "id": 134,
            "form": "vicino",
            "pos": "ADV",
            "lemma": "vicino",
            "has_context": "false",
            "is_title": "false"
        },
        {
            "id": 135,
            "form": "a",
            "pos": "PRE",
            "lemma": "a",
            "has_context": "false",
            "is_title": "false"
        },
        {
            "id": 136,
            "form": "quello",
            "pos": "PRO",
            "lemma": "quello",
            "has_context": "false",
            "is_title": "false"
        },
        {
            "id": 137,
            "form": "di",
            "pos": "PRE",
            "lemma": "di",
            "has_context": "false",
            "is_title": "false"
        },
        {
            "id": 138,
            "form": "un",
            "pos": "DET",
            "lemma": "un",
            "has_context": "false",
            "is_title": "false"
        },
        {
            "id": 139,
            "form": "loro",
            "pos": "ADJ",
            "lemma": "loro",
            "has_context": "false",
            "is_title": "false"
        },
        {
            "id": 140,
            "form": "caro",
            "pos": "ADJ",
            "lemma": "caro",
            "has_context": "false",
            "is_title": "false"
        },
        {
            "id": 141,
            "form": "amico",
            "pos": "NOM",
            "lemma": "amico",
            "has_context": "false",
            "is_title": "false"
        },
        {
            "id": 142,
            "form": "italiano",
            "pos": "ADJ",
            "lemma": "italiano",
            "has_context": "false",
            "is_title": "false"
        },
        {
            "id": 143,
            "form": ".",
            "pos": "SENT",
            "lemma": ".",
            "has_context": "false",
            "is_title": "false"
        },
        {
            "id": 144,
            "form": "Il",
            "pos": "DET",
            "lemma": "il",
            "has_context": "false",
            "is_title": "false"
        },
        {
            "id": 145,
            "form": "loro",
            "pos": "ADJ",
            "lemma": "loro",
            "has_context": "false",
            "is_title": "false"
        },
        {
            "id": 146,
            "form": "sogno",
            "pos": "NOM",
            "lemma": "sogno",
            "has_context": "true",
            "is_title": "false"
        },
        {
            "id": 147,
            "form": "è",
            "pos": "VER",
            "lemma": "essere",
            "has_context": "false",
            "is_title": "false"
        },
        {
            "id": 148,
            "form": "quello",
            "pos": "PRO",
            "lemma": "quello",
            "has_context": "false",
            "is_title": "false"
        },
        {
            "id": 149,
            "form": "di",
            "pos": "PRE",
            "lemma": "di",
            "has_context": "false",
            "is_title": "false"
        },
        {
            "id": 150,
            "form": "aprire",
            "pos": "VER",
            "lemma": "aprire",
            "has_context": "false",
            "is_title": "false"
        },
        {
            "id": 151,
            "form": "una",
            "pos": "DET",
            "lemma": "una",
            "has_context": "false",
            "is_title": "false"
        },
        {
            "id": 152,
            "form": "scuola",
            "pos": "NOM",
            "lemma": "scuola",
            "has_context": "false",
            "is_title": "false"
        },
        {
            "id": 153,
            "form": "in",
            "pos": "PRE",
            "lemma": "in",
            "has_context": "false",
            "is_title": "false"
        },
        {
            "id": 154,
            "form": "cui",
            "pos": "PRO",
            "lemma": "cui",
            "has_context": "false",
            "is_title": "false"
        },
        {
            "id": 155,
            "form": "i",
            "pos": "DET",
            "lemma": "il",
            "has_context": "false",
            "is_title": "false"
        },
        {
            "id": 156,
            "form": "bambini",
            "pos": "NOM",
            "lemma": "bambino",
            "has_context": "false",
            "is_title": "false"
        },
        {
            "id": 157,
            "form": "possano",
            "pos": "VER",
            "lemma": "potere",
            "has_context": "false",
            "is_title": "false"
        },
        {
            "id": 158,
            "form": "conoscere",
            "pos": "VER",
            "lemma": "conoscere",
            "has_context": "false",
            "is_title": "false"
        },
        {
            "id": 159,
            "form": "la",
            "pos": "DET",
            "lemma": "il",
            "has_context": "false",
            "is_title": "false"
        },
        {
            "id": 160,
            "form": "natura",
            "pos": "NOM",
            "lemma": "natura",
            "has_context": "false",
            "is_title": "false"
        },
        {
            "id": 161,
            "form": ",",
            "pos": "PON",
            "lemma": ",",
            "has_context": "false",
            "is_title": "false"
        },
        {
            "id": 162,
            "form": "imparare",
            "pos": "VER",
            "lemma": "imparare",
            "has_context": "false",
            "is_title": "false"
        },
        {
            "id": 163,
            "form": "a",
            "pos": "PRE",
            "lemma": "a",
            "has_context": "false",
            "is_title": "false"
        },
        {
            "id": 164,
            "form": "prendersi",
            "pos": "VER",
            "lemma": "prendere",
            "has_context": "false",
            "is_title": "false"
        },
        {
            "id": 165,
            "form": "cura",
            "pos": "NOM",
            "lemma": "cura",
            "has_context": "true",
            "is_title": "false"
        },
        {
            "id": 166,
            "form": "degli",
            "pos": "PRE",
            "lemma": "del",
            "has_context": "false",
            "is_title": "false"
        },
        {
            "id": 167,
            "form": "animali",
            "pos": "NOM",
            "lemma": "animale",
            "has_context": "false",
            "is_title": "false"
        },
        {
            "id": 168,
            "form": "e",
            "pos": "CON",
            "lemma": "e",
            "has_context": "false",
            "is_title": "false"
        },
        {
            "id": 169,
            "form": ",",
            "pos": "PON",
            "lemma": ",",
            "has_context": "false",
            "is_title": "false"
        },
        {
            "id": 170,
            "form": "ovviamente",
            "pos": "ADV",
            "lemma": "ovviamente",
            "has_context": "true",
            "is_title": "false"
        },
        {
            "id": 171,
            "form": ",",
            "pos": "PON",
            "lemma": ",",
            "has_context": "false",
            "is_title": "false"
        },
        {
            "id": 172,
            "form": "imparare",
            "pos": "VER",
            "lemma": "imparare",
            "has_context": "false",
            "is_title": "false"
        },
        {
            "id": 173,
            "form": "l’",
            "pos": "DET",
            "lemma": "il",
            "has_context": "false",
            "is_title": "false"
        },
        {
            "id": 174,
            "form": "inglese",
            "pos": "NOM",
            "lemma": "inglese",
            "has_context": "false",
            "is_title": "false"
        },
        {
            "id": 175,
            "form": ".",
            "pos": "SENT",
            "lemma": ".",
            "has_context": "false",
            "is_title": "false"
        },
        {
            "id": 176,
            "form": "Mary",
            "pos": "NPR",
            "lemma": "Mary",
            "has_context": "false",
            "is_title": "false"
        },
        {
            "id": 177,
            "form": "ama",
            "pos": "VER",
            "lemma": "amare",
            "has_context": "false",
            "is_title": "false"
        },
        {
            "id": 178,
            "form": "molto",
            "pos": "ADV",
            "lemma": "molto",
            "has_context": "false",
            "is_title": "false"
        },
        {
            "id": 179,
            "form": "i",
            "pos": "DET",
            "lemma": "il",
            "has_context": "false",
            "is_title": "false"
        },
        {
            "id": 180,
            "form": "bambini",
            "pos": "NOM",
            "lemma": "bambino",
            "has_context": "false",
            "is_title": "false"
        },
        {
            "id": 181,
            "form": "ma",
            "pos": "CON",
            "lemma": "ma",
            "has_context": "false",
            "is_title": "false"
        },
        {
            "id": 182,
            "form": "Jim",
            "pos": "NPR",
            "lemma": "Jim",
            "has_context": "false",
            "is_title": "false"
        },
        {
            "id": 183,
            "form": "e",
            "pos": "CON",
            "lemma": "e",
            "has_context": "false",
            "is_title": "false"
        },
        {
            "id": 184,
            "form": "Mary",
            "pos": "NPR",
            "lemma": "Mary",
            "has_context": "false",
            "is_title": "false"
        },
        {
            "id": 185,
            "form": "sono",
            "pos": "VER",
            "lemma": "essere",
            "has_context": "false",
            "is_title": "false"
        },
        {
            "id": 186,
            "form": "pronti",
            "pos": "ADJ",
            "lemma": "pronto",
            "has_context": "false",
            "is_title": "false"
        },
        {
            "id": 187,
            "form": "ad",
            "pos": "PRE",
            "lemma": "ad",
            "has_context": "false",
            "is_title": "false"
        },
        {
            "id": 188,
            "form": "affrontarla",
            "pos": "VER",
            "lemma": "affrontare",
            "has_context": "true",
            "is_title": "false"
        },
        {
            "id": 189,
            "form": ".",
            "pos": "SENT",
            "lemma": ".",
            "has_context": "false",
            "is_title": "false"
        }
    ]
