    [
        {
            "id": 1,
            "form": "Le",
            "pos": "DET",
            "lemma": "il",
            "has_context": "false",
            "is_title": "true"
        },
        {
            "id": 2,
            "form": "olimpiadi",
            "pos": "NOM",
            "lemma": "olimpiade",
            "has_context": "true",
            "is_title": "true"
        },
        {
            "id": 3,
            "form": "di",
            "pos": "PRE",
            "lemma": "di",
            "has_context": "false",
            "is_title": "true"
        },
        {
            "id": 4,
            "form": "Londra",
            "pos": "NPR",
            "lemma": "Londra",
            "has_context": "false",
            "is_title": "true"
        },
        {
            "id": 5,
            "form": "Per",
            "pos": "PRE",
            "lemma": "per",
            "has_context": "false",
            "is_title": "false"
        },
        {
            "id": 6,
            "form": "l’",
            "pos": "DET",
            "lemma": "il",
            "has_context": "false",
            "is_title": "false"
        },
        {
            "id": 7,
            "form": "allestimento",
            "pos": "NOM",
            "lemma": "allestimento",
            "has_context": "true",
            "is_title": "false"
        },
        {
            "id": 8,
            "form": "dei",
            "pos": "PRE",
            "lemma": "del",
            "has_context": "false",
            "is_title": "false"
        },
        {
            "id": 9,
            "form": "giochi",
            "pos": "NOM",
            "lemma": "gioco",
            "has_context": "false",
            "is_title": "false"
        },
        {
            "id": 10,
            "form": "olimpici",
            "pos": "ADJ",
            "lemma": "olimpico",
            "has_context": "true",
            "is_title": "false"
        },
        {
            "id": 11,
            "form": "che",
            "pos": "PRO",
            "lemma": "che",
            "has_context": "false",
            "is_title": "false"
        },
        {
            "id": 12,
            "form": "si",
            "pos": "PRO",
            "lemma": "si",
            "has_context": "false",
            "is_title": "false"
        },
        {
            "id": 13,
            "form": "sono",
            "pos": "VER",
            "lemma": "essere",
            "has_context": "false",
            "is_title": "false"
        },
        {
            "id": 14,
            "form": "svolti",
            "pos": "VER",
            "lemma": "svolgere",
            "has_context": "true",
            "is_title": "false"
        },
        {
            "id": 15,
            "form": "a",
            "pos": "PRE",
            "lemma": "a",
            "has_context": "false",
            "is_title": "false"
        },
        {
            "id": 16,
            "form": "Londra",
            "pos": "NPR",
            "lemma": "Londra",
            "has_context": "false",
            "is_title": "false"
        },
        {
            "id": 17,
            "form": "nel",
            "pos": "PRE",
            "lemma": "nel",
            "has_context": "false",
            "is_title": "false"
        },
        {
            "id": 18,
            "form": "2012",
            "pos": "NUM",
            "lemma": "@card@",
            "has_context": "false",
            "is_title": "false"
        },
        {
            "id": 19,
            "form": "sono",
            "pos": "VER",
            "lemma": "essere",
            "has_context": "false",
            "is_title": "false"
        },
        {
            "id": 20,
            "form": "stati",
            "pos": "VER",
            "lemma": "essere",
            "has_context": "false",
            "is_title": "false"
        },
        {
            "id": 21,
            "form": "fatti",
            "pos": "VER",
            "lemma": "fare",
            "has_context": "false",
            "is_title": "false"
        },
        {
            "id": 22,
            "form": "molti",
            "pos": "ADJ",
            "lemma": "molto",
            "has_context": "false",
            "is_title": "false"
        },
        {
            "id": 23,
            "form": "preparativi",
            "pos": "NOM",
            "lemma": "preparativo",
            "has_context": "true",
            "is_title": "false"
        },
        {
            "id": 24,
            "form": ".",
            "pos": "SENT",
            "lemma": ".",
            "has_context": "false",
            "is_title": "false"
        },
        {
            "id": 25,
            "form": "L’",
            "pos": "DET",
            "lemma": "il",
            "has_context": "false",
            "is_title": "false"
        },
        {
            "id": 26,
            "form": "iniziativa",
            "pos": "NOM",
            "lemma": "iniziativa",
            "has_context": "true",
            "is_title": "false"
        },
        {
            "id": 27,
            "form": "di",
            "pos": "PRE",
            "lemma": "di",
            "has_context": "false",
            "is_title": "false"
        },
        {
            "id": 28,
            "form": "ospitare",
            "pos": "VER",
            "lemma": "ospitare",
            "has_context": "true",
            "is_title": "false"
        },
        {
            "id": 29,
            "form": "i",
            "pos": "DET",
            "lemma": "il",
            "has_context": "false",
            "is_title": "false"
        },
        {
            "id": 30,
            "form": "giochi",
            "pos": "NOM",
            "lemma": "gioco",
            "has_context": "false",
            "is_title": "false"
        },
        {
            "id": 31,
            "form": "era",
            "pos": "VER",
            "lemma": "essere",
            "has_context": "false",
            "is_title": "false"
        },
        {
            "id": 32,
            "form": "stata",
            "pos": "VER",
            "lemma": "essere",
            "has_context": "false",
            "is_title": "false"
        },
        {
            "id": 33,
            "form": "presa",
            "pos": "VER",
            "lemma": "prendere",
            "has_context": "false",
            "is_title": "false"
        },
        {
            "id": 34,
            "form": "anni",
            "pos": "NOM",
            "lemma": "anno",
            "has_context": "false",
            "is_title": "false"
        },
        {
            "id": 35,
            "form": "prima",
            "pos": "ADV",
            "lemma": "prima",
            "has_context": "false",
            "is_title": "false"
        },
        {
            "id": 36,
            "form": "dal",
            "pos": "PRE",
            "lemma": "dal",
            "has_context": "false",
            "is_title": "false"
        },
        {
            "id": 37,
            "form": "Primo",
            "pos": "ADJ",
            "lemma": "primo",
            "has_context": "false",
            "is_title": "false"
        },
        {
            "id": 38,
            "form": "Ministro",
            "pos": "NOM",
            "lemma": "ministro",
            "has_context": "true",
            "is_title": "false"
        },
        {
            "id": 39,
            "form": "inglese",
            "pos": "ADJ",
            "lemma": "inglese",
            "has_context": "false",
            "is_title": "false"
        },
        {
            "id": 40,
            "form": "e",
            "pos": "CON",
            "lemma": "e",
            "has_context": "false",
            "is_title": "false"
        },
        {
            "id": 41,
            "form": "Londra",
            "pos": "NPR",
            "lemma": "Londra",
            "has_context": "false",
            "is_title": "false"
        },
        {
            "id": 42,
            "form": "era",
            "pos": "VER",
            "lemma": "essere",
            "has_context": "false",
            "is_title": "false"
        },
        {
            "id": 43,
            "form": "stata",
            "pos": "VER",
            "lemma": "essere",
            "has_context": "false",
            "is_title": "false"
        },
        {
            "id": 44,
            "form": "ritenuta",
            "pos": "VER",
            "lemma": "ritenere",
            "has_context": "true",
            "is_title": "false"
        },
        {
            "id": 45,
            "form": "adatta",
            "pos": "ADJ",
            "lemma": "adatto",
            "has_context": "true",
            "is_title": "false"
        },
        {
            "id": 46,
            "form": "per",
            "pos": "PRE",
            "lemma": "per",
            "has_context": "false",
            "is_title": "false"
        },
        {
            "id": 47,
            "form": "ospitare",
            "pos": "VER",
            "lemma": "ospitare",
            "has_context": "true",
            "is_title": "false"
        },
        {
            "id": 48,
            "form": "le",
            "pos": "DET",
            "lemma": "il",
            "has_context": "false",
            "is_title": "false"
        },
        {
            "id": 49,
            "form": "olimpiadi",
            "pos": "NOM",
            "lemma": "olimpiade",
            "has_context": "true",
            "is_title": "false"
        },
        {
            "id": 50,
            "form": "insieme",
            "pos": "ADV",
            "lemma": "insieme",
            "has_context": "false",
            "is_title": "false"
        },
        {
            "id": 51,
            "form": "ad",
            "pos": "PRE",
            "lemma": "ad",
            "has_context": "false",
            "is_title": "false"
        },
        {
            "id": 52,
            "form": "altre",
            "pos": "PRO",
            "lemma": "altro",
            "has_context": "false",
            "is_title": "false"
        },
        {
            "id": 53,
            "form": "città",
            "pos": "NOM",
            "lemma": "città",
            "has_context": "false",
            "is_title": "false"
        },
        {
            "id": 54,
            "form": ".",
            "pos": "SENT",
            "lemma": ".",
            "has_context": "false",
            "is_title": "false"
        },
        {
            "id": 55,
            "form": "Alla",
            "pos": "PRE",
            "lemma": "al",
            "has_context": "false",
            "is_title": "false"
        },
        {
            "id": 56,
            "form": "fine",
            "pos": "NOM",
            "lemma": "fine",
            "has_context": "false",
            "is_title": "false"
        },
        {
            "id": 57,
            "form": "la",
            "pos": "DET",
            "lemma": "il",
            "has_context": "false",
            "is_title": "false"
        },
        {
            "id": 58,
            "form": "città",
            "pos": "NOM",
            "lemma": "città",
            "has_context": "false",
            "is_title": "false"
        },
        {
            "id": 59,
            "form": "di",
            "pos": "PRE",
            "lemma": "di",
            "has_context": "false",
            "is_title": "false"
        },
        {
            "id": 60,
            "form": "Londra",
            "pos": "NPR",
            "lemma": "Londra",
            "has_context": "false",
            "is_title": "false"
        },
        {
            "id": 61,
            "form": "è",
            "pos": "VER",
            "lemma": "essere",
            "has_context": "false",
            "is_title": "false"
        },
        {
            "id": 62,
            "form": "risultata",
            "pos": "VER",
            "lemma": "risultare",
            "has_context": "true",
            "is_title": "false"
        },
        {
            "id": 63,
            "form": "vincitrice",
            "pos": "ADJ",
            "lemma": "vincitore",
            "has_context": "true",
            "is_title": "false"
        },
        {
            "id": 64,
            "form": "ad",
            "pos": "PRE",
            "lemma": "ad",
            "has_context": "false",
            "is_title": "false"
        },
        {
            "id": 65,
            "form": "è",
            "pos": "VER",
            "lemma": "essere",
            "has_context": "false",
            "is_title": "false"
        },
        {
            "id": 66,
            "form": "stata",
            "pos": "VER",
            "lemma": "essere",
            "has_context": "false",
            "is_title": "false"
        },
        {
            "id": 67,
            "form": "scelta",
            "pos": "VER",
            "lemma": "scegliere",
            "has_context": "false",
            "is_title": "false"
        },
        {
            "id": 68,
            "form": "come",
            "pos": "PRE",
            "lemma": "come",
            "has_context": "false",
            "is_title": "false"
        },
        {
            "id": 69,
            "form": "città",
            "pos": "NOM",
            "lemma": "città",
            "has_context": "false",
            "is_title": "false"
        },
        {
            "id": 70,
            "form": "ospite",
            "pos": "ADJ",
            "lemma": "ospite",
            "has_context": "false",
            "is_title": "false"
        },
        {
            "id": 71,
            "form": "dei",
            "pos": "PRE",
            "lemma": "del",
            "has_context": "false",
            "is_title": "false"
        },
        {
            "id": 72,
            "form": "giochi",
            "pos": "NOM",
            "lemma": "gioco",
            "has_context": "false",
            "is_title": "false"
        },
        {
            "id": 73,
            "form": "olimpici",
            "pos": "ADJ",
            "lemma": "olimpico",
            "has_context": "true",
            "is_title": "false"
        },
        {
            "id": 74,
            "form": "del",
            "pos": "PRE",
            "lemma": "del",
            "has_context": "false",
            "is_title": "false"
        },
        {
            "id": 75,
            "form": "2012",
            "pos": "NUM",
            "lemma": "@card@",
            "has_context": "false",
            "is_title": "false"
        },
        {
            "id": 76,
            "form": "dal",
            "pos": "PRE",
            "lemma": "dal",
            "has_context": "false",
            "is_title": "false"
        },
        {
            "id": 77,
            "form": "Comitato",
            "pos": "NOM",
            "lemma": "comitato",
            "has_context": "true",
            "is_title": "false"
        },
        {
            "id": 78,
            "form": "Olimpico",
            "pos": "NOM",
            "lemma": "Olimpico",
            "has_context": "false",
            "is_title": "false"
        },
        {
            "id": 79,
            "form": ".",
            "pos": "SENT",
            "lemma": ".",
            "has_context": "false",
            "is_title": "false"
        },
        {
            "id": 80,
            "form": "Per",
            "pos": "PRE",
            "lemma": "per",
            "has_context": "false",
            "is_title": "false"
        },
        {
            "id": 81,
            "form": "questo",
            "pos": "ADJ",
            "lemma": "questo",
            "has_context": "false",
            "is_title": "false"
        },
        {
            "id": 82,
            "form": "motivo",
            "pos": "NOM",
            "lemma": "motivo",
            "has_context": "true",
            "is_title": "false"
        },
        {
            "id": 83,
            "form": "sono",
            "pos": "VER",
            "lemma": "essere",
            "has_context": "false",
            "is_title": "false"
        },
        {
            "id": 84,
            "form": "stati",
            "pos": "VER",
            "lemma": "essere",
            "has_context": "false",
            "is_title": "false"
        },
        {
            "id": 85,
            "form": "costruiti",
            "pos": "VER",
            "lemma": "costruire",
            "has_context": "true",
            "is_title": "false"
        },
        {
            "id": 86,
            "form": "molti",
            "pos": "ADJ",
            "lemma": "molto",
            "has_context": "false",
            "is_title": "false"
        },
        {
            "id": 87,
            "form": "stadi",
            "pos": "NOM",
            "lemma": "stadio",
            "has_context": "false",
            "is_title": "false"
        },
        {
            "id": 88,
            "form": ".",
            "pos": "SENT",
            "lemma": ".",
            "has_context": "false",
            "is_title": "false"
        },
        {
            "id": 89,
            "form": "Negli",
            "pos": "PRE",
            "lemma": "nel",
            "has_context": "false",
            "is_title": "false"
        },
        {
            "id": 90,
            "form": "stadi",
            "pos": "NOM",
            "lemma": "stadio",
            "has_context": "false",
            "is_title": "false"
        },
        {
            "id": 91,
            "form": "sono",
            "pos": "VER",
            "lemma": "essere",
            "has_context": "false",
            "is_title": "false"
        },
        {
            "id": 92,
            "form": "state",
            "pos": "VER",
            "lemma": "stare",
            "has_context": "false",
            "is_title": "false"
        },
        {
            "id": 93,
            "form": "giocate",
            "pos": "VER",
            "lemma": "giocare",
            "has_context": "false",
            "is_title": "false"
        },
        {
            "id": 94,
            "form": "molte",
            "pos": "ADJ",
            "lemma": "molto",
            "has_context": "false",
            "is_title": "false"
        },
        {
            "id": 95,
            "form": "partite",
            "pos": "NOM",
            "lemma": "partita",
            "has_context": "false",
            "is_title": "false"
        },
        {
            "id": 96,
            "form": "di",
            "pos": "PRE",
            "lemma": "di",
            "has_context": "false",
            "is_title": "false"
        },
        {
            "id": 97,
            "form": "calcio",
            "pos": "NOM",
            "lemma": "calcio",
            "has_context": "false",
            "is_title": "false"
        },
        {
            "id": 98,
            "form": ",",
            "pos": "PON",
            "lemma": ",",
            "has_context": "false",
            "is_title": "false"
        },
        {
            "id": 99,
            "form": "baseball",
            "pos": "NOM",
            "lemma": "baseball",
            "has_context": "false",
            "is_title": "false"
        },
        {
            "id": 100,
            "form": "e",
            "pos": "CON",
            "lemma": "e",
            "has_context": "false",
            "is_title": "false"
        },
        {
            "id": 101,
            "form": "altri",
            "pos": "ADJ",
            "lemma": "altro",
            "has_context": "false",
            "is_title": "false"
        },
        {
            "id": 102,
            "form": "sport",
            "pos": "NOM",
            "lemma": "sport",
            "has_context": "false",
            "is_title": "false"
        },
        {
            "id": 103,
            "form": ".",
            "pos": "SENT",
            "lemma": ".",
            "has_context": "false",
            "is_title": "false"
        },
        {
            "id": 104,
            "form": "Inoltre",
            "pos": "CON",
            "lemma": "inoltre",
            "has_context": "false",
            "is_title": "false"
        },
        {
            "id": 105,
            "form": "sono",
            "pos": "VER",
            "lemma": "essere",
            "has_context": "false",
            "is_title": "false"
        },
        {
            "id": 106,
            "form": "state",
            "pos": "VER",
            "lemma": "stare",
            "has_context": "false",
            "is_title": "false"
        },
        {
            "id": 107,
            "form": "costruite",
            "pos": "VER",
            "lemma": "costruire",
            "has_context": "true",
            "is_title": "false"
        },
        {
            "id": 108,
            "form": "molte",
            "pos": "ADJ",
            "lemma": "molto",
            "has_context": "false",
            "is_title": "false"
        },
        {
            "id": 109,
            "form": "piscine",
            "pos": "NOM",
            "lemma": "piscina",
            "has_context": "false",
            "is_title": "false"
        },
        {
            "id": 110,
            "form": "in",
            "pos": "PRE",
            "lemma": "in",
            "has_context": "false",
            "is_title": "false"
        },
        {
            "id": 111,
            "form": "cui",
            "pos": "PRO",
            "lemma": "cui",
            "has_context": "false",
            "is_title": "false"
        },
        {
            "id": 112,
            "form": "gli",
            "pos": "DET",
            "lemma": "il",
            "has_context": "false",
            "is_title": "false"
        },
        {
            "id": 113,
            "form": "atleti",
            "pos": "NOM",
            "lemma": "atleta",
            "has_context": "true",
            "is_title": "false"
        },
        {
            "id": 114,
            "form": "si",
            "pos": "PRO",
            "lemma": "si",
            "has_context": "false",
            "is_title": "false"
        },
        {
            "id": 115,
            "form": "sono",
            "pos": "VER",
            "lemma": "essere",
            "has_context": "false",
            "is_title": "false"
        },
        {
            "id": 116,
            "form": "allenati",
            "pos": "VER",
            "lemma": "allenare",
            "has_context": "true",
            "is_title": "false"
        },
        {
            "id": 117,
            "form": ".",
            "pos": "SENT",
            "lemma": ".",
            "has_context": "false",
            "is_title": "false"
        },
        {
            "id": 118,
            "form": "Sono",
            "pos": "VER",
            "lemma": "essere",
            "has_context": "false",
            "is_title": "false"
        },
        {
            "id": 119,
            "form": "stati",
            "pos": "VER",
            "lemma": "essere",
            "has_context": "false",
            "is_title": "false"
        },
        {
            "id": 120,
            "form": "costruiti",
            "pos": "VER",
            "lemma": "costruire",
            "has_context": "true",
            "is_title": "false"
        },
        {
            "id": 121,
            "form": "anche",
            "pos": "ADV",
            "lemma": "anche",
            "has_context": "false",
            "is_title": "false"
        },
        {
            "id": 122,
            "form": "numerosi",
            "pos": "ADJ",
            "lemma": "numeroso",
            "has_context": "true",
            "is_title": "false"
        },
        {
            "id": 123,
            "form": "alberghi",
            "pos": "NOM",
            "lemma": "albergo",
            "has_context": "false",
            "is_title": "false"
        },
        {
            "id": 124,
            "form": "in",
            "pos": "PRE",
            "lemma": "in",
            "has_context": "false",
            "is_title": "false"
        },
        {
            "id": 125,
            "form": "cui",
            "pos": "PRO",
            "lemma": "cui",
            "has_context": "false",
            "is_title": "false"
        },
        {
            "id": 126,
            "form": "sono",
            "pos": "VER",
            "lemma": "essere",
            "has_context": "false",
            "is_title": "false"
        },
        {
            "id": 127,
            "form": "stati",
            "pos": "VER",
            "lemma": "essere",
            "has_context": "false",
            "is_title": "false"
        },
        {
            "id": 128,
            "form": "ospitati",
            "pos": "VER",
            "lemma": "ospitare",
            "has_context": "true",
            "is_title": "false"
        },
        {
            "id": 129,
            "form": "gli",
            "pos": "DET",
            "lemma": "il",
            "has_context": "false",
            "is_title": "false"
        },
        {
            "id": 130,
            "form": "atleti",
            "pos": "NOM",
            "lemma": "atleta",
            "has_context": "true",
            "is_title": "false"
        },
        {
            "id": 131,
            "form": "che",
            "pos": "PRO",
            "lemma": "che",
            "has_context": "false",
            "is_title": "false"
        },
        {
            "id": 132,
            "form": "hanno",
            "pos": "VER",
            "lemma": "avere",
            "has_context": "false",
            "is_title": "false"
        },
        {
            "id": 133,
            "form": "gareggiato",
            "pos": "VER",
            "lemma": "gareggiare",
            "has_context": "true",
            "is_title": "false"
        },
        {
            "id": 134,
            "form": ".",
            "pos": "SENT",
            "lemma": ".",
            "has_context": "false",
            "is_title": "false"
        },
        {
            "id": 135,
            "form": "Nei",
            "pos": "PRE",
            "lemma": "nel",
            "has_context": "false",
            "is_title": "false"
        },
        {
            "id": 136,
            "form": "giorni",
            "pos": "NOM",
            "lemma": "giorno",
            "has_context": "false",
            "is_title": "false"
        },
        {
            "id": 137,
            "form": "delle",
            "pos": "PRE",
            "lemma": "del",
            "has_context": "false",
            "is_title": "false"
        },
        {
            "id": 138,
            "form": "olimpiadi",
            "pos": "NOM",
            "lemma": "olimpiade",
            "has_context": "true",
            "is_title": "false"
        },
        {
            "id": 139,
            "form": "la",
            "pos": "DET",
            "lemma": "il",
            "has_context": "false",
            "is_title": "false"
        },
        {
            "id": 140,
            "form": "città",
            "pos": "NOM",
            "lemma": "città",
            "has_context": "false",
            "is_title": "false"
        },
        {
            "id": 141,
            "form": "è",
            "pos": "VER",
            "lemma": "essere",
            "has_context": "false",
            "is_title": "false"
        },
        {
            "id": 142,
            "form": "stata",
            "pos": "VER",
            "lemma": "essere",
            "has_context": "false",
            "is_title": "false"
        },
        {
            "id": 143,
            "form": "frequentata",
            "pos": "VER",
            "lemma": "frequentare",
            "has_context": "false",
            "is_title": "false"
        },
        {
            "id": 144,
            "form": "da",
            "pos": "PRE",
            "lemma": "da",
            "has_context": "false",
            "is_title": "false"
        },
        {
            "id": 145,
            "form": "tantissimi",
            "pos": "ADJ",
            "lemma": "tanto",
            "has_context": "false",
            "is_title": "false"
        },
        {
            "id": 146,
            "form": "turisti",
            "pos": "NOM",
            "lemma": "turista",
            "has_context": "false",
            "is_title": "false"
        },
        {
            "id": 147,
            "form": "venuti",
            "pos": "VER",
            "lemma": "venire",
            "has_context": "false",
            "is_title": "false"
        },
        {
            "id": 148,
            "form": "da",
            "pos": "PRE",
            "lemma": "da",
            "has_context": "false",
            "is_title": "false"
        },
        {
            "id": 149,
            "form": "tutto",
            "pos": "ADJ",
            "lemma": "tutto",
            "has_context": "false",
            "is_title": "false"
        },
        {
            "id": 150,
            "form": "il",
            "pos": "DET",
            "lemma": "il",
            "has_context": "false",
            "is_title": "false"
        },
        {
            "id": 151,
            "form": "mondo",
            "pos": "NOM",
            "lemma": "mondo",
            "has_context": "false",
            "is_title": "false"
        },
        {
            "id": 152,
            "form": ".",
            "pos": "SENT",
            "lemma": ".",
            "has_context": "false",
            "is_title": "false"
        },
        {
            "id": 153,
            "form": "È",
            "pos": "VER",
            "lemma": "essere",
            "has_context": "false",
            "is_title": "false"
        },
        {
            "id": 154,
            "form": "stata",
            "pos": "VER",
            "lemma": "essere",
            "has_context": "false",
            "is_title": "false"
        },
        {
            "id": 155,
            "form": "organizzata",
            "pos": "VER",
            "lemma": "organizzare",
            "has_context": "false",
            "is_title": "false"
        },
        {
            "id": 156,
            "form": "una",
            "pos": "DET",
            "lemma": "una",
            "has_context": "false",
            "is_title": "false"
        },
        {
            "id": 157,
            "form": "magnifica",
            "pos": "ADJ",
            "lemma": "magnifico",
            "has_context": "true",
            "is_title": "false"
        },
        {
            "id": 158,
            "form": "cerimonia",
            "pos": "NOM",
            "lemma": "cerimonia",
            "has_context": "true",
            "is_title": "false"
        },
        {
            "id": 159,
            "form": "d’",
            "pos": "PRE",
            "lemma": "di",
            "has_context": "false",
            "is_title": "false"
        },
        {
            "id": 160,
            "form": "apertura",
            "pos": "NOM",
            "lemma": "apertura",
            "has_context": "true",
            "is_title": "false"
        },
        {
            "id": 161,
            "form": ",",
            "pos": "PON",
            "lemma": ",",
            "has_context": "false",
            "is_title": "false"
        },
        {
            "id": 162,
            "form": "che",
            "pos": "PRO",
            "lemma": "che",
            "has_context": "false",
            "is_title": "false"
        },
        {
            "id": 163,
            "form": "è",
            "pos": "VER",
            "lemma": "essere",
            "has_context": "false",
            "is_title": "false"
        },
        {
            "id": 164,
            "form": "stata",
            "pos": "VER",
            "lemma": "essere",
            "has_context": "false",
            "is_title": "false"
        },
        {
            "id": 165,
            "form": "rallegrata",
            "pos": "VER",
            "lemma": "rallegrare",
            "has_context": "true",
            "is_title": "false"
        },
        {
            "id": 166,
            "form": "da",
            "pos": "PRE",
            "lemma": "da",
            "has_context": "false",
            "is_title": "false"
        },
        {
            "id": 167,
            "form": "esibizioni",
            "pos": "NOM",
            "lemma": "esibizione",
            "has_context": "true",
            "is_title": "false"
        },
        {
            "id": 168,
            "form": "di",
            "pos": "PRE",
            "lemma": "di",
            "has_context": "false",
            "is_title": "false"
        },
        {
            "id": 169,
            "form": "vari",
            "pos": "ADJ",
            "lemma": "vario",
            "has_context": "true",
            "is_title": "false"
        },
        {
            "id": 170,
            "form": "cantanti",
            "pos": "NOM",
            "lemma": "cantante",
            "has_context": "true",
            "is_title": "false"
        },
        {
            "id": 171,
            "form": "e",
            "pos": "CON",
            "lemma": "e",
            "has_context": "false",
            "is_title": "false"
        },
        {
            "id": 172,
            "form": "attori",
            "pos": "NOM",
            "lemma": "attore",
            "has_context": "true",
            "is_title": "false"
        },
        {
            "id": 173,
            "form": ".",
            "pos": "SENT",
            "lemma": ".",
            "has_context": "false",
            "is_title": "false"
        },
        {
            "id": 174,
            "form": "La",
            "pos": "DET",
            "lemma": "il",
            "has_context": "false",
            "is_title": "false"
        },
        {
            "id": 175,
            "form": "cerimonia",
            "pos": "NOM",
            "lemma": "cerimonia",
            "has_context": "true",
            "is_title": "false"
        },
        {
            "id": 176,
            "form": "è",
            "pos": "VER",
            "lemma": "essere",
            "has_context": "false",
            "is_title": "false"
        },
        {
            "id": 177,
            "form": "stata",
            "pos": "VER",
            "lemma": "essere",
            "has_context": "false",
            "is_title": "false"
        },
        {
            "id": 178,
            "form": "seguita",
            "pos": "VER",
            "lemma": "seguire",
            "has_context": "false",
            "is_title": "false"
        },
        {
            "id": 179,
            "form": "in",
            "pos": "PRE",
            "lemma": "in",
            "has_context": "false",
            "is_title": "false"
        },
        {
            "id": 180,
            "form": "televisione",
            "pos": "NOM",
            "lemma": "televisione",
            "has_context": "false",
            "is_title": "false"
        },
        {
            "id": 181,
            "form": "da",
            "pos": "PRE",
            "lemma": "da",
            "has_context": "false",
            "is_title": "false"
        },
        {
            "id": 182,
            "form": "milioni",
            "pos": "NOM",
            "lemma": "milione",
            "has_context": "false",
            "is_title": "false"
        },
        {
            "id": 183,
            "form": "di",
            "pos": "PRE",
            "lemma": "di",
            "has_context": "false",
            "is_title": "false"
        },
        {
            "id": 184,
            "form": "persone",
            "pos": "NOM",
            "lemma": "persona",
            "has_context": "false",
            "is_title": "false"
        },
        {
            "id": 185,
            "form": ".",
            "pos": "SENT",
            "lemma": ".",
            "has_context": "false",
            "is_title": "false"
        },
        {
            "id": 186,
            "form": "Lo",
            "pos": "DET",
            "lemma": "il",
            "has_context": "false",
            "is_title": "false"
        },
        {
            "id": 187,
            "form": "stadio",
            "pos": "NOM",
            "lemma": "stadio",
            "has_context": "false",
            "is_title": "false"
        },
        {
            "id": 188,
            "form": "di",
            "pos": "PRE",
            "lemma": "di",
            "has_context": "false",
            "is_title": "false"
        },
        {
            "id": 189,
            "form": "Wembley",
            "pos": "NPR",
            "lemma": "Wembley",
            "has_context": "false",
            "is_title": "false"
        },
        {
            "id": 190,
            "form": "in",
            "pos": "PRE",
            "lemma": "in",
            "has_context": "false",
            "is_title": "false"
        },
        {
            "id": 191,
            "form": "cui",
            "pos": "PRO",
            "lemma": "cui",
            "has_context": "false",
            "is_title": "false"
        },
        {
            "id": 192,
            "form": "si",
            "pos": "PRO",
            "lemma": "si",
            "has_context": "false",
            "is_title": "false"
        },
        {
            "id": 193,
            "form": "è",
            "pos": "VER",
            "lemma": "essere",
            "has_context": "false",
            "is_title": "false"
        },
        {
            "id": 194,
            "form": "svolta",
            "pos": "VER",
            "lemma": "svolgere",
            "has_context": "true",
            "is_title": "false"
        },
        {
            "id": 195,
            "form": "la",
            "pos": "DET",
            "lemma": "il",
            "has_context": "false",
            "is_title": "false"
        },
        {
            "id": 196,
            "form": "cerimonia",
            "pos": "NOM",
            "lemma": "cerimonia",
            "has_context": "true",
            "is_title": "false"
        },
        {
            "id": 197,
            "form": "è",
            "pos": "VER",
            "lemma": "essere",
            "has_context": "false",
            "is_title": "false"
        },
        {
            "id": 198,
            "form": "stato",
            "pos": "VER",
            "lemma": "essere",
            "has_context": "false",
            "is_title": "false"
        },
        {
            "id": 199,
            "form": "decorato",
            "pos": "VER",
            "lemma": "decorare",
            "has_context": "true",
            "is_title": "false"
        },
        {
            "id": 200,
            "form": "con",
            "pos": "PRE",
            "lemma": "con",
            "has_context": "false",
            "is_title": "false"
        },
        {
            "id": 201,
            "form": "una",
            "pos": "DET",
            "lemma": "una",
            "has_context": "false",
            "is_title": "false"
        },
        {
            "id": 202,
            "form": "bellissima",
            "pos": "ADJ",
            "lemma": "bello",
            "has_context": "false",
            "is_title": "false"
        },
        {
            "id": 203,
            "form": "scenografia",
            "pos": "NOM",
            "lemma": "scenografia",
            "has_context": "true",
            "is_title": "false"
        },
        {
            "id": 204,
            "form": ".",
            "pos": "SENT",
            "lemma": ".",
            "has_context": "false",
            "is_title": "false"
        },
        {
            "id": 205,
            "form": "Le",
            "pos": "DET",
            "lemma": "il",
            "has_context": "false",
            "is_title": "false"
        },
        {
            "id": 206,
            "form": "gare",
            "pos": "NOM",
            "lemma": "gara",
            "has_context": "true",
            "is_title": "false"
        },
        {
            "id": 207,
            "form": "sono",
            "pos": "VER",
            "lemma": "essere",
            "has_context": "false",
            "is_title": "false"
        },
        {
            "id": 208,
            "form": "state",
            "pos": "VER",
            "lemma": "stare",
            "has_context": "false",
            "is_title": "false"
        },
        {
            "id": 209,
            "form": "riprese",
            "pos": "VER",
            "lemma": "riprendere",
            "has_context": "true",
            "is_title": "false"
        },
        {
            "id": 210,
            "form": "da",
            "pos": "PRE",
            "lemma": "da",
            "has_context": "false",
            "is_title": "false"
        },
        {
            "id": 211,
            "form": "telecamere",
            "pos": "NOM",
            "lemma": "telecamera",
            "has_context": "true",
            "is_title": "false"
        },
        {
            "id": 212,
            "form": "e",
            "pos": "CON",
            "lemma": "e",
            "has_context": "false",
            "is_title": "false"
        },
        {
            "id": 213,
            "form": "sono",
            "pos": "VER",
            "lemma": "essere",
            "has_context": "false",
            "is_title": "false"
        },
        {
            "id": 214,
            "form": "state",
            "pos": "VER",
            "lemma": "stare",
            "has_context": "false",
            "is_title": "false"
        },
        {
            "id": 215,
            "form": "trasmesse",
            "pos": "VER",
            "lemma": "trasmettere",
            "has_context": "true",
            "is_title": "false"
        },
        {
            "id": 216,
            "form": "dalle",
            "pos": "PRE",
            "lemma": "dal",
            "has_context": "false",
            "is_title": "false"
        },
        {
            "id": 217,
            "form": "tv",
            "pos": "NOM",
            "lemma": "tv",
            "has_context": "false",
            "is_title": "false"
        },
        {
            "id": 218,
            "form": "di",
            "pos": "PRE",
            "lemma": "di",
            "has_context": "false",
            "is_title": "false"
        },
        {
            "id": 219,
            "form": "tutto",
            "pos": "ADJ",
            "lemma": "tutto",
            "has_context": "false",
            "is_title": "false"
        },
        {
            "id": 220,
            "form": "il",
            "pos": "DET",
            "lemma": "il",
            "has_context": "false",
            "is_title": "false"
        },
        {
            "id": 221,
            "form": "mondo",
            "pos": "NOM",
            "lemma": "mondo",
            "has_context": "false",
            "is_title": "false"
        },
        {
            "id": 222,
            "form": ".",
            "pos": "SENT",
            "lemma": ".",
            "has_context": "false",
            "is_title": "false"
        }
    ]
