    [
        {
            "id": 1,
            "form": "La",
            "pos": "DET",
            "lemma": "il",
            "has_context": "false",
            "is_title": "true"
        },
        {
            "id": 2,
            "form": "lettera",
            "pos": "NOM",
            "lemma": "lettera",
            "has_context": "false",
            "is_title": "true"
        },
        {
            "id": 3,
            "form": "Cara",
            "pos": "ADJ",
            "lemma": "caro",
            "has_context": "false",
            "is_title": "false"
        },
        {
            "id": 4,
            "form": "Francesca",
            "pos": "NPR",
            "lemma": "Francesca",
            "has_context": "false",
            "is_title": "false"
        },
        {
            "id": 5,
            "form": ",",
            "pos": "PON",
            "lemma": ",",
            "has_context": "false",
            "is_title": "false"
        },
        {
            "id": 6,
            "form": "come",
            "pos": "ADV",
            "lemma": "come",
            "has_context": "false",
            "is_title": "false"
        },
        {
            "id": 7,
            "form": "stai",
            "pos": "VER",
            "lemma": "stare",
            "has_context": "false",
            "is_title": "false"
        },
        {
            "id": 8,
            "form": "?",
            "pos": "SENT",
            "lemma": "?",
            "has_context": "false",
            "is_title": "false"
        },
        {
            "id": 9,
            "form": "Ti",
            "pos": "PRO",
            "lemma": "ti",
            "has_context": "false",
            "is_title": "false"
        },
        {
            "id": 10,
            "form": "scrivo",
            "pos": "VER",
            "lemma": "scrivere",
            "has_context": "false",
            "is_title": "false"
        },
        {
            "id": 11,
            "form": "questa",
            "pos": "ADJ",
            "lemma": "questo",
            "has_context": "false",
            "is_title": "false"
        },
        {
            "id": 12,
            "form": "lettera",
            "pos": "NOM",
            "lemma": "lettera",
            "has_context": "false",
            "is_title": "false"
        },
        {
            "id": 13,
            "form": "per",
            "pos": "PRE",
            "lemma": "per",
            "has_context": "false",
            "is_title": "false"
        },
        {
            "id": 14,
            "form": "dirti",
            "pos": "VER",
            "lemma": "dire",
            "has_context": "false",
            "is_title": "false"
        },
        {
            "id": 15,
            "form": "che",
            "pos": "CON",
            "lemma": "che",
            "has_context": "false",
            "is_title": "false"
        },
        {
            "id": 16,
            "form": "la",
            "pos": "DET",
            "lemma": "",
            "has_context": "false",
            "is_title": "false"
        },
        {
            "id": 17,
            "form": "settimana",
            "pos": "NOM",
            "lemma": "settimana",
            "has_context": "false",
            "is_title": "false"
        },
        {
            "id": 18,
            "form": "prossima",
            "pos": "ADJ",
            "lemma": "prossimo",
            "has_context": "false",
            "is_title": "false"
        },
        {
            "id": 19,
            "form": "verrò",
            "pos": "VER",
            "lemma": "venire",
            "has_context": "false",
            "is_title": "false"
        },
        {
            "id": 20,
            "form": "a",
            "pos": "PRE",
            "lemma": "a",
            "has_context": "false",
            "is_title": "false"
        },
        {
            "id": 21,
            "form": "trovarti",
            "pos": "VER",
            "lemma": "trovare",
            "has_context": "false",
            "is_title": "false"
        },
        {
            "id": 22,
            "form": "!",
            "pos": "SENT",
            "lemma": "!",
            "has_context": "false",
            "is_title": "false"
        },
        {
            "id": 23,
            "form": "La",
            "pos": "DET",
            "lemma": "il",
            "has_context": "false",
            "is_title": "false"
        },
        {
            "id": 24,
            "form": "scuola",
            "pos": "NOM",
            "lemma": "scuola",
            "has_context": "false",
            "is_title": "false"
        },
        {
            "id": 25,
            "form": "è",
            "pos": "VER",
            "lemma": "essere",
            "has_context": "false",
            "is_title": "false"
        },
        {
            "id": 26,
            "form": "finita",
            "pos": "VER",
            "lemma": "finire",
            "has_context": "false",
            "is_title": "false"
        },
        {
            "id": 27,
            "form": "e",
            "pos": "CON",
            "lemma": "e",
            "has_context": "false",
            "is_title": "false"
        },
        {
            "id": 28,
            "form": "ho",
            "pos": "VER",
            "lemma": "avere",
            "has_context": "false",
            "is_title": "false"
        },
        {
            "id": 29,
            "form": "superato",
            "pos": "VER",
            "lemma": "superare",
            "has_context": "true",
            "is_title": "false"
        },
        {
            "id": 30,
            "form": "gli",
            "pos": "DET",
            "lemma": "il",
            "has_context": "false",
            "is_title": "false"
        },
        {
            "id": 31,
            "form": "esami",
            "pos": "NOM",
            "lemma": "esame",
            "has_context": "false",
            "is_title": "false"
        },
        {
            "id": 32,
            "form": "con",
            "pos": "PRE",
            "lemma": "con",
            "has_context": "false",
            "is_title": "false"
        },
        {
            "id": 33,
            "form": "ottimi",
            "pos": "ADJ",
            "lemma": "ottimo",
            "has_context": "true",
            "is_title": "false"
        },
        {
            "id": 34,
            "form": "voti",
            "pos": "NOM",
            "lemma": "voto",
            "has_context": "true",
            "is_title": "false"
        },
        {
            "id": 35,
            "form": "!",
            "pos": "SENT",
            "lemma": "!",
            "has_context": "false",
            "is_title": "false"
        },
        {
            "id": 36,
            "form": "L'",
            "pos": "DET",
            "lemma": "il",
            "has_context": "false",
            "is_title": "false"
        },
        {
            "id": 37,
            "form": "estate",
            "pos": "NOM",
            "lemma": "estate",
            "has_context": "false",
            "is_title": "false"
        },
        {
            "id": 38,
            "form": "è",
            "pos": "VER",
            "lemma": "essere",
            "has_context": "false",
            "is_title": "false"
        },
        {
            "id": 39,
            "form": "finalmente",
            "pos": "ADV",
            "lemma": "finalmente",
            "has_context": "true",
            "is_title": "false"
        },
        {
            "id": 40,
            "form": "arrivata",
            "pos": "VER",
            "lemma": "arrivare",
            "has_context": "false",
            "is_title": "false"
        },
        {
            "id": 41,
            "form": "e",
            "pos": "CON",
            "lemma": "e",
            "has_context": "false",
            "is_title": "false"
        },
        {
            "id": 42,
            "form": "non",
            "pos": "ADV",
            "lemma": "non",
            "has_context": "false",
            "is_title": "false"
        },
        {
            "id": 43,
            "form": "vedo",
            "pos": "VER",
            "lemma": "vedere",
            "has_context": "false",
            "is_title": "false"
        },
        {
            "id": 44,
            "form": "l'",
            "pos": "DET",
            "lemma": "il",
            "has_context": "false",
            "is_title": "false"
        },
        {
            "id": 45,
            "form": "ora",
            "pos": "NOM",
            "lemma": "ora",
            "has_context": "false",
            "is_title": "false"
        },
        {
            "id": 46,
            "form": "di",
            "pos": "PRE",
            "lemma": "di",
            "has_context": "false",
            "is_title": "false"
        },
        {
            "id": 47,
            "form": "poter",
            "pos": "VER",
            "lemma": "potere",
            "has_context": "false",
            "is_title": "false"
        },
        {
            "id": 48,
            "form": "trascorrere",
            "pos": "VER",
            "lemma": "trascorrere",
            "has_context": "false",
            "is_title": "false"
        },
        {
            "id": 49,
            "form": "delle",
            "pos": "PRE",
            "lemma": "del",
            "has_context": "false",
            "is_title": "false"
        },
        {
            "id": 50,
            "form": "giornate",
            "pos": "NOM",
            "lemma": "giornata",
            "has_context": "false",
            "is_title": "false"
        },
        {
            "id": 51,
            "form": "in",
            "pos": "PRE",
            "lemma": "in",
            "has_context": "false",
            "is_title": "false"
        },
        {
            "id": 52,
            "form": "spiaggia",
            "pos": "NOM",
            "lemma": "spiaggia",
            "has_context": "false",
            "is_title": "false"
        },
        {
            "id": 53,
            "form": "insieme",
            "pos": "ADV",
            "lemma": "insieme",
            "has_context": "false",
            "is_title": "false"
        },
        {
            "id": 54,
            "form": "a",
            "pos": "PRE",
            "lemma": "a",
            "has_context": "false",
            "is_title": "false"
        },
        {
            "id": 55,
            "form": "te",
            "pos": "PRO",
            "lemma": "te",
            "has_context": "false",
            "is_title": "false"
        },
        {
            "id": 56,
            "form": ",",
            "pos": "PON",
            "lemma": ",",
            "has_context": "false",
            "is_title": "false"
        },
        {
            "id": 57,
            "form": "Lucia",
            "pos": "NPR",
            "lemma": "Lucia",
            "has_context": "false",
            "is_title": "false"
        },
        {
            "id": 58,
            "form": "e",
            "pos": "CON",
            "lemma": "e",
            "has_context": "false",
            "is_title": "false"
        },
        {
            "id": 59,
            "form": "Stefano",
            "pos": "NPR",
            "lemma": "Stefano",
            "has_context": "false",
            "is_title": "false"
        },
        {
            "id": 60,
            "form": ".",
            "pos": "SENT",
            "lemma": ".",
            "has_context": "false",
            "is_title": "false"
        },
        {
            "id": 61,
            "form": "Penso",
            "pos": "VER",
            "lemma": "pensare",
            "has_context": "false",
            "is_title": "false"
        },
        {
            "id": 62,
            "form": "spesso",
            "pos": "ADV",
            "lemma": "spesso",
            "has_context": "false",
            "is_title": "false"
        },
        {
            "id": 63,
            "form": "a",
            "pos": "PRE",
            "lemma": "a",
            "has_context": "false",
            "is_title": "false"
        },
        {
            "id": 64,
            "form": "tutte",
            "pos": "ADJ",
            "lemma": "tutto",
            "has_context": "false",
            "is_title": "false"
        },
        {
            "id": 65,
            "form": "le",
            "pos": "DET",
            "lemma": "il",
            "has_context": "false",
            "is_title": "false"
        },
        {
            "id": 66,
            "form": "cose",
            "pos": "NOM",
            "lemma": "cosa",
            "has_context": "false",
            "is_title": "false"
        },
        {
            "id": 67,
            "form": "che",
            "pos": "PRO",
            "lemma": "che",
            "has_context": "false",
            "is_title": "false"
        },
        {
            "id": 68,
            "form": "potremmo",
            "pos": "VER",
            "lemma": "potere",
            "has_context": "false",
            "is_title": "false"
        },
        {
            "id": 69,
            "form": "fare",
            "pos": "VER",
            "lemma": "fare",
            "has_context": "false",
            "is_title": "false"
        },
        {
            "id": 70,
            "form": ":",
            "pos": "PON",
            "lemma": ":",
            "has_context": "false",
            "is_title": "false"
        },
        {
            "id": 71,
            "form": "andare",
            "pos": "VER",
            "lemma": "andare",
            "has_context": "false",
            "is_title": "false"
        },
        {
            "id": 72,
            "form": "allo",
            "pos": "PRE",
            "lemma": "al",
            "has_context": "false",
            "is_title": "false"
        },
        {
            "id": 73,
            "form": "zoo",
            "pos": "NOM",
            "lemma": "zoo",
            "has_context": "false",
            "is_title": "false"
        },
        {
            "id": 74,
            "form": ",",
            "pos": "PON",
            "lemma": ",",
            "has_context": "false",
            "is_title": "false"
        },
        {
            "id": 75,
            "form": "fare",
            "pos": "VER",
            "lemma": "fare",
            "has_context": "false",
            "is_title": "false"
        },
        {
            "id": 76,
            "form": "shopping",
            "pos": "NOM",
            "lemma": "shopping",
            "has_context": "false",
            "is_title": "false"
        },
        {
            "id": 77,
            "form": ",",
            "pos": "PON",
            "lemma": ",",
            "has_context": "false",
            "is_title": "false"
        },
        {
            "id": 78,
            "form": "mangiare",
            "pos": "NOM",
            "lemma": "mangiare",
            "has_context": "false",
            "is_title": "false"
        },
        {
            "id": 79,
            "form": "gelati",
            "pos": "NOM",
            "lemma": "gelato",
            "has_context": "false",
            "is_title": "false"
        },
        {
            "id": 80,
            "form": ",",
            "pos": "PON",
            "lemma": ",",
            "has_context": "false",
            "is_title": "false"
        },
        {
            "id": 81,
            "form": "fare",
            "pos": "VER",
            "lemma": "fare",
            "has_context": "false",
            "is_title": "false"
        },
        {
            "id": 82,
            "form": "lunghe",
            "pos": "ADJ",
            "lemma": "lungo",
            "has_context": "false",
            "is_title": "false"
        },
        {
            "id": 83,
            "form": "passeggiate",
            "pos": "NOM",
            "lemma": "passeggiata",
            "has_context": "false",
            "is_title": "false"
        },
        {
            "id": 84,
            "form": "e",
            "pos": "CON",
            "lemma": "e",
            "has_context": "false",
            "is_title": "false"
        },
        {
            "id": 85,
            "form": ",",
            "pos": "PON",
            "lemma": ",",
            "has_context": "false",
            "is_title": "false"
        },
        {
            "id": 86,
            "form": "ovviamente",
            "pos": "ADV",
            "lemma": "ovviamente",
            "has_context": "true",
            "is_title": "false"
        },
        {
            "id": 87,
            "form": ",",
            "pos": "PON",
            "lemma": ",",
            "has_context": "false",
            "is_title": "false"
        },
        {
            "id": 88,
            "form": "andare",
            "pos": "VER",
            "lemma": "andare",
            "has_context": "false",
            "is_title": "false"
        },
        {
            "id": 89,
            "form": "al",
            "pos": "PRE",
            "lemma": "al",
            "has_context": "false",
            "is_title": "false"
        },
        {
            "id": 90,
            "form": "mare",
            "pos": "NOM",
            "lemma": "mare",
            "has_context": "false",
            "is_title": "false"
        },
        {
            "id": 91,
            "form": "!",
            "pos": "SENT",
            "lemma": "!",
            "has_context": "false",
            "is_title": "false"
        },
        {
            "id": 92,
            "form": "In",
            "pos": "PRE",
            "lemma": "in",
            "has_context": "false",
            "is_title": "false"
        },
        {
            "id": 93,
            "form": "realtà",
            "pos": "NOM",
            "lemma": "realtà",
            "has_context": "true",
            "is_title": "false"
        },
        {
            "id": 94,
            "form": "ti",
            "pos": "PRO",
            "lemma": "ti",
            "has_context": "false",
            "is_title": "false"
        },
        {
            "id": 95,
            "form": "scrivo",
            "pos": "VER",
            "lemma": "scrivere",
            "has_context": "false",
            "is_title": "false"
        },
        {
            "id": 96,
            "form": "per",
            "pos": "PRE",
            "lemma": "per",
            "has_context": "false",
            "is_title": "false"
        },
        {
            "id": 97,
            "form": "chiederti",
            "pos": "VER",
            "lemma": "chiedere",
            "has_context": "false",
            "is_title": "false"
        },
        {
            "id": 98,
            "form": "una",
            "pos": "DET",
            "lemma": "una",
            "has_context": "false",
            "is_title": "false"
        },
        {
            "id": 99,
            "form": "cosa",
            "pos": "NOM",
            "lemma": "cosa",
            "has_context": "false",
            "is_title": "false"
        },
        {
            "id": 100,
            "form": ":",
            "pos": "PON",
            "lemma": ":",
            "has_context": "false",
            "is_title": "false"
        },
        {
            "id": 101,
            "form": "posso",
            "pos": "VER",
            "lemma": "potere",
            "has_context": "false",
            "is_title": "false"
        },
        {
            "id": 102,
            "form": "portare",
            "pos": "VER",
            "lemma": "portare",
            "has_context": "false",
            "is_title": "false"
        },
        {
            "id": 103,
            "form": "con",
            "pos": "PRE",
            "lemma": "con",
            "has_context": "false",
            "is_title": "false"
        },
        {
            "id": 104,
            "form": "me",
            "pos": "PRO",
            "lemma": "me",
            "has_context": "false",
            "is_title": "false"
        },
        {
            "id": 105,
            "form": "Billy",
            "pos": "NPR",
            "lemma": "Billy",
            "has_context": "false",
            "is_title": "false"
        },
        {
            "id": 106,
            "form": "?",
            "pos": "SENT",
            "lemma": "?",
            "has_context": "false",
            "is_title": "false"
        },
        {
            "id": 107,
            "form": "È",
            "pos": "VER",
            "lemma": "essere",
            "has_context": "false",
            "is_title": "false"
        },
        {
            "id": 108,
            "form": "il",
            "pos": "DET",
            "lemma": "il",
            "has_context": "false",
            "is_title": "false"
        },
        {
            "id": 109,
            "form": "mio",
            "pos": "PRO",
            "lemma": "mio",
            "has_context": "false",
            "is_title": "false"
        },
        {
            "id": 110,
            "form": "gatto",
            "pos": "NOM",
            "lemma": "gatto",
            "has_context": "false",
            "is_title": "false"
        },
        {
            "id": 111,
            "form": "ed",
            "pos": "CON",
            "lemma": "ed",
            "has_context": "false",
            "is_title": "false"
        },
        {
            "id": 112,
            "form": "è",
            "pos": "VER",
            "lemma": "essere",
            "has_context": "false",
            "is_title": "false"
        },
        {
            "id": 113,
            "form": "molto",
            "pos": "ADV",
            "lemma": "molto",
            "has_context": "false",
            "is_title": "false"
        },
        {
            "id": 114,
            "form": "dolce",
            "pos": "ADJ",
            "lemma": "dolce",
            "has_context": "false",
            "is_title": "false"
        },
        {
            "id": 115,
            "form": ".",
            "pos": "SENT",
            "lemma": ".",
            "has_context": "false",
            "is_title": "false"
        },
        {
            "id": 116,
            "form": "Ti",
            "pos": "PRO",
            "lemma": "ti",
            "has_context": "false",
            "is_title": "false"
        },
        {
            "id": 117,
            "form": "piacerà",
            "pos": "VER",
            "lemma": "piacere",
            "has_context": "false",
            "is_title": "false"
        },
        {
            "id": 118,
            "form": "sicuramente",
            "pos": "ADV",
            "lemma": "sicuramente",
            "has_context": "true",
            "is_title": "false"
        },
        {
            "id": 119,
            "form": "!",
            "pos": "SENT",
            "lemma": "!",
            "has_context": "false",
            "is_title": "false"
        },
        {
            "id": 120,
            "form": "Domani",
            "pos": "ADV",
            "lemma": "domani",
            "has_context": "false",
            "is_title": "false"
        },
        {
            "id": 121,
            "form": "vado",
            "pos": "VER",
            "lemma": "andare",
            "has_context": "false",
            "is_title": "false"
        },
        {
            "id": 122,
            "form": "a",
            "pos": "PRE",
            "lemma": "a",
            "has_context": "false",
            "is_title": "false"
        },
        {
            "id": 123,
            "form": "Roma",
            "pos": "NPR",
            "lemma": "Roma",
            "has_context": "false",
            "is_title": "false"
        },
        {
            "id": 124,
            "form": "per",
            "pos": "PRE",
            "lemma": "per",
            "has_context": "false",
            "is_title": "false"
        },
        {
            "id": 125,
            "form": "una",
            "pos": "DET",
            "lemma": "una",
            "has_context": "false",
            "is_title": "false"
        },
        {
            "id": 126,
            "form": "gita",
            "pos": "NOM",
            "lemma": "gita",
            "has_context": "false",
            "is_title": "false"
        },
        {
            "id": 127,
            "form": ".",
            "pos": "SENT",
            "lemma": ".",
            "has_context": "false",
            "is_title": "false"
        },
        {
            "id": 128,
            "form": "Sono",
            "pos": "VER",
            "lemma": "essere",
            "has_context": "false",
            "is_title": "false"
        },
        {
            "id": 129,
            "form": "molto",
            "pos": "ADV",
            "lemma": "molto",
            "has_context": "false",
            "is_title": "false"
        },
        {
            "id": 130,
            "form": "emozionata",
            "pos": "ADJ",
            "lemma": "emozionato",
            "has_context": "true",
            "is_title": "false"
        },
        {
            "id": 131,
            "form": "!",
            "pos": "SENT",
            "lemma": "!",
            "has_context": "false",
            "is_title": "false"
        },
        {
            "id": 132,
            "form": "Ho",
            "pos": "VER",
            "lemma": "avere",
            "has_context": "false",
            "is_title": "false"
        },
        {
            "id": 133,
            "form": "sempre",
            "pos": "ADV",
            "lemma": "sempre",
            "has_context": "false",
            "is_title": "false"
        },
        {
            "id": 134,
            "form": "voluto",
            "pos": "VER",
            "lemma": "volere",
            "has_context": "false",
            "is_title": "false"
        },
        {
            "id": 135,
            "form": "vedere",
            "pos": "VER",
            "lemma": "vedere",
            "has_context": "false",
            "is_title": "false"
        },
        {
            "id": 136,
            "form": "il",
            "pos": "DET",
            "lemma": "il",
            "has_context": "false",
            "is_title": "false"
        },
        {
            "id": 137,
            "form": "Colosseo",
            "pos": "NPR",
            "lemma": "Colosseo",
            "has_context": "false",
            "is_title": "false"
        },
        {
            "id": 138,
            "form": ",",
            "pos": "PON",
            "lemma": ",",
            "has_context": "false",
            "is_title": "false"
        },
        {
            "id": 139,
            "form": "Piazza",
            "pos": "NOM",
            "lemma": "piazza",
            "has_context": "false",
            "is_title": "false"
        },
        {
            "id": 140,
            "form": "San",
            "pos": "NPR",
            "lemma": "San",
            "has_context": "false",
            "is_title": "false"
        },
        {
            "id": 141,
            "form": "Pietro",
            "pos": "NPR",
            "lemma": "Pietro",
            "has_context": "false",
            "is_title": "false"
        },
        {
            "id": 142,
            "form": ".",
            "pos": "SENT",
            "lemma": ".",
            "has_context": "false",
            "is_title": "false"
        },
        {
            "id": 143,
            "form": "Mi",
            "pos": "PRO",
            "lemma": "mi",
            "has_context": "false",
            "is_title": "false"
        },
        {
            "id": 144,
            "form": "piacerebbe",
            "pos": "VER",
            "lemma": "piacere",
            "has_context": "false",
            "is_title": "false"
        },
        {
            "id": 145,
            "form": "tu",
            "pos": "PRO",
            "lemma": "tu",
            "has_context": "false",
            "is_title": "false"
        },
        {
            "id": 146,
            "form": "fossi",
            "pos": "VER",
            "lemma": "essere",
            "has_context": "false",
            "is_title": "false"
        },
        {
            "id": 147,
            "form": "qui",
            "pos": "ADV",
            "lemma": "qui",
            "has_context": "false",
            "is_title": "false"
        },
        {
            "id": 148,
            "form": "con",
            "pos": "PRE",
            "lemma": "con",
            "has_context": "false",
            "is_title": "false"
        },
        {
            "id": 149,
            "form": "me",
            "pos": "PRO",
            "lemma": "me",
            "has_context": "false",
            "is_title": "false"
        },
        {
            "id": 150,
            "form": "!",
            "pos": "SENT",
            "lemma": "!",
            "has_context": "false",
            "is_title": "false"
        },
        {
            "id": 151,
            "form": "Ora",
            "pos": "ADV",
            "lemma": "ora",
            "has_context": "false",
            "is_title": "false"
        },
        {
            "id": 152,
            "form": "vado",
            "pos": "VER",
            "lemma": "andare",
            "has_context": "false",
            "is_title": "false"
        },
        {
            "id": 153,
            "form": "ad",
            "pos": "PRE",
            "lemma": "ad",
            "has_context": "false",
            "is_title": "false"
        },
        {
            "id": 154,
            "form": "aiutare",
            "pos": "VER",
            "lemma": "aiutare",
            "has_context": "false",
            "is_title": "false"
        },
        {
            "id": 155,
            "form": "la",
            "pos": "DET",
            "lemma": "il",
            "has_context": "false",
            "is_title": "false"
        },
        {
            "id": 156,
            "form": "mamma",
            "pos": "NOM",
            "lemma": "mamma",
            "has_context": "false",
            "is_title": "false"
        },
        {
            "id": 157,
            "form": "con",
            "pos": "PRE",
            "lemma": "con",
            "has_context": "false",
            "is_title": "false"
        },
        {
            "id": 158,
            "form": "la",
            "pos": "DET",
            "lemma": "il",
            "has_context": "false",
            "is_title": "false"
        },
        {
            "id": 159,
            "form": "cena",
            "pos": "NOM",
            "lemma": "cena",
            "has_context": "false",
            "is_title": "false"
        },
        {
            "id": 160,
            "form": ".",
            "pos": "SENT",
            "lemma": ".",
            "has_context": "false",
            "is_title": "false"
        },
        {
            "id": 161,
            "form": "Aspetto",
            "pos": "VER",
            "lemma": "aspettare",
            "has_context": "false",
            "is_title": "false"
        },
        {
            "id": 162,
            "form": "una",
            "pos": "DET",
            "lemma": "una",
            "has_context": "false",
            "is_title": "false"
        },
        {
            "id": 163,
            "form": "tua",
            "pos": "ADJ",
            "lemma": "tuo",
            "has_context": "false",
            "is_title": "false"
        },
        {
            "id": 164,
            "form": "risposta",
            "pos": "NOM",
            "lemma": "risposta",
            "has_context": "false",
            "is_title": "false"
        },
        {
            "id": 165,
            "form": ".",
            "pos": "SENT",
            "lemma": ".",
            "has_context": "false",
            "is_title": "false"
        },
        {
            "id": 166,
            "form": "Spero",
            "pos": "VER",
            "lemma": "sperare",
            "has_context": "false",
            "is_title": "false"
        },
        {
            "id": 167,
            "form": "di",
            "pos": "PRE",
            "lemma": "di",
            "has_context": "false",
            "is_title": "false"
        },
        {
            "id": 168,
            "form": "sentirti",
            "pos": "VER",
            "lemma": "sentire",
            "has_context": "false",
            "is_title": "false"
        },
        {
            "id": 169,
            "form": "presto",
            "pos": "ADV",
            "lemma": "presto",
            "has_context": "false",
            "is_title": "false"
        },
        {
            "id": 170,
            "form": "!",
            "pos": "SENT",
            "lemma": "!",
            "has_context": "false",
            "is_title": "false"
        },
        {
            "id": 171,
            "form": "La",
            "pos": "DET",
            "lemma": "il",
            "has_context": "false",
            "is_title": "false"
        },
        {
            "id": 172,
            "form": "tua",
            "pos": "ADJ",
            "lemma": "tuo",
            "has_context": "false",
            "is_title": "false"
        },
        {
            "id": 173,
            "form": "amica",
            "pos": "NOM",
            "lemma": "amica",
            "has_context": "false",
            "is_title": "false"
        },
        {
            "id": 174,
            "form": "Emma",
            "pos": "NPR",
            "lemma": "Emma",
            "has_context": "false",
            "is_title": "false"
        }
    ]
