    [
        {
            "id": 1,
            "form": "Il",
            "pos": "DET",
            "lemma": "il",
            "has_context": "false",
            "is_title": "true"
        },
        {
            "id": 2,
            "form": "menù",
            "pos": "NOM",
            "lemma": "menù",
            "has_context": "false",
            "is_title": "true"
        },
        {
            "id": 3,
            "form": "dell’",
            "pos": "PRE",
            "lemma": "del",
            "has_context": "false",
            "is_title": "true"
        },
        {
            "id": 4,
            "form": "osteria",
            "pos": "NOM",
            "lemma": "osteria",
            "has_context": "true",
            "is_title": "true"
        },
        {
            "id": 5,
            "form": "Il",
            "pos": "DET",
            "lemma": "il",
            "has_context": "false",
            "is_title": "false"
        },
        {
            "id": 6,
            "form": "menù",
            "pos": "NOM",
            "lemma": "menu",
            "has_context": "false",
            "is_title": "false"
        },
        {
            "id": 7,
            "form": "dell'",
            "pos": "PRE",
            "lemma": "del",
            "has_context": "false",
            "is_title": "false"
        },
        {
            "id": 8,
            "form": "Osteria",
            "pos": "NOM",
            "lemma": "osteria",
            "has_context": "true",
            "is_title": "false"
        },
        {
            "id": 9,
            "form": "La",
            "pos": "DET",
            "lemma": "il",
            "has_context": "false",
            "is_title": "false"
        },
        {
            "id": 10,
            "form": "Collina",
            "pos": "NOM",
            "lemma": "Collina",
            "has_context": "false",
            "is_title": "false"
        },
        {
            "id": 11,
            "form": "di",
            "pos": "PRE",
            "lemma": "di",
            "has_context": "false",
            "is_title": "false"
        },
        {
            "id": 12,
            "form": "Roma",
            "pos": "NPR",
            "lemma": "Roma",
            "has_context": "false",
            "is_title": "false"
        },
        {
            "id": 13,
            "form": "offre",
            "pos": "VER",
            "lemma": "offrire",
            "has_context": "false",
            "is_title": "false"
        },
        {
            "id": 14,
            "form": "molti",
            "pos": "PRO",
            "lemma": "molto",
            "has_context": "false",
            "is_title": "false"
        },
        {
            "id": 15,
            "form": "primi",
            "pos": "NOM",
            "lemma": "primo",
            "has_context": "false",
            "is_title": "false"
        },
        {
            "id": 16,
            "form": "piatti",
            "pos": "ADJ",
            "lemma": "piatto",
            "has_context": "false",
            "is_title": "false"
        },
        {
            "id": 17,
            "form": "a",
            "pos": "PRE",
            "lemma": "a",
            "has_context": "false",
            "is_title": "false"
        },
        {
            "id": 18,
            "form": "base",
            "pos": "NOM",
            "lemma": "base",
            "has_context": "true",
            "is_title": "false"
        },
        {
            "id": 19,
            "form": "di",
            "pos": "PRE",
            "lemma": "di",
            "has_context": "false",
            "is_title": "false"
        },
        {
            "id": 20,
            "form": "pasta",
            "pos": "NOM",
            "lemma": "pasta",
            "has_context": "false",
            "is_title": "false"
        },
        {
            "id": 21,
            "form": ",",
            "pos": "PON",
            "lemma": ",",
            "has_context": "false",
            "is_title": "false"
        },
        {
            "id": 22,
            "form": "come",
            "pos": "PRE",
            "lemma": "come",
            "has_context": "false",
            "is_title": "false"
        },
        {
            "id": 23,
            "form": "penne",
            "pos": "NOM",
            "lemma": "penna",
            "has_context": "false",
            "is_title": "false"
        },
        {
            "id": 24,
            "form": "al",
            "pos": "PRE",
            "lemma": "al",
            "has_context": "false",
            "is_title": "false"
        },
        {
            "id": 25,
            "form": "ragù",
            "pos": "NOM",
            "lemma": "ragù",
            "has_context": "true",
            "is_title": "false"
        },
        {
            "id": 26,
            "form": ",",
            "pos": "PON",
            "lemma": ",",
            "has_context": "false",
            "is_title": "false"
        },
        {
            "id": 27,
            "form": "pasta",
            "pos": "NOM",
            "lemma": "pasta",
            "has_context": "false",
            "is_title": "false"
        },
        {
            "id": 28,
            "form": "e",
            "pos": "CON",
            "lemma": "e",
            "has_context": "false",
            "is_title": "false"
        },
        {
            "id": 29,
            "form": "fagioli",
            "pos": "NOM",
            "lemma": "fagiolo",
            "has_context": "true",
            "is_title": "false"
        },
        {
            "id": 30,
            "form": ",",
            "pos": "PON",
            "lemma": ",",
            "has_context": "false",
            "is_title": "false"
        },
        {
            "id": 31,
            "form": "tortiglioni",
            "pos": "NOM",
            "lemma": "tortiglione",
            "has_context": "true",
            "is_title": "false"
        },
        {
            "id": 32,
            "form": "ai",
            "pos": "PRE",
            "lemma": "al",
            "has_context": "false",
            "is_title": "false"
        },
        {
            "id": 33,
            "form": "funghi",
            "pos": "NOM",
            "lemma": "fungo",
            "has_context": "true",
            "is_title": "false"
        },
        {
            "id": 34,
            "form": "porcini",
            "pos": "ADJ",
            "lemma": "porcino",
            "has_context": "true",
            "is_title": "false"
        },
        {
            "id": 35,
            "form": "con",
            "pos": "PRE",
            "lemma": "con",
            "has_context": "false",
            "is_title": "false"
        },
        {
            "id": 36,
            "form": "panna",
            "pos": "NOM",
            "lemma": "panna",
            "has_context": "true",
            "is_title": "false"
        },
        {
            "id": 37,
            "form": "e",
            "pos": "CON",
            "lemma": "e",
            "has_context": "false",
            "is_title": "false"
        },
        {
            "id": 38,
            "form": "pasta",
            "pos": "NOM",
            "lemma": "pasta",
            "has_context": "false",
            "is_title": "false"
        },
        {
            "id": 39,
            "form": "al",
            "pos": "PRE",
            "lemma": "al",
            "has_context": "false",
            "is_title": "false"
        },
        {
            "id": 40,
            "form": "forno",
            "pos": "NOM",
            "lemma": "forno",
            "has_context": "false",
            "is_title": "false"
        },
        {
            "id": 41,
            "form": "ripiena",
            "pos": "ADJ",
            "lemma": "ripieno",
            "has_context": "true",
            "is_title": "false"
        },
        {
            "id": 42,
            "form": "di",
            "pos": "PRE",
            "lemma": "di",
            "has_context": "false",
            "is_title": "false"
        },
        {
            "id": 43,
            "form": "uova",
            "pos": "NOM",
            "lemma": "uovo",
            "has_context": "false",
            "is_title": "false"
        },
        {
            "id": 44,
            "form": ",",
            "pos": "PON",
            "lemma": ",",
            "has_context": "false",
            "is_title": "false"
        },
        {
            "id": 45,
            "form": "carote",
            "pos": "NOM",
            "lemma": "carota",
            "has_context": "false",
            "is_title": "false"
        },
        {
            "id": 46,
            "form": ",",
            "pos": "PON",
            "lemma": ",",
            "has_context": "false",
            "is_title": "false"
        },
        {
            "id": 47,
            "form": "carne",
            "pos": "NOM",
            "lemma": "carne",
            "has_context": "false",
            "is_title": "false"
        },
        {
            "id": 48,
            "form": "macinata",
            "pos": "ADJ",
            "lemma": "macinato",
            "has_context": "true",
            "is_title": "false"
        },
        {
            "id": 49,
            "form": "di",
            "pos": "PRE",
            "lemma": "di",
            "has_context": "false",
            "is_title": "false"
        },
        {
            "id": 50,
            "form": "maiale",
            "pos": "NOM",
            "lemma": "maiale",
            "has_context": "false",
            "is_title": "false"
        },
        {
            "id": 51,
            "form": ".",
            "pos": "SENT",
            "lemma": ".",
            "has_context": "false",
            "is_title": "false"
        },
        {
            "id": 52,
            "form": "Per",
            "pos": "PRE",
            "lemma": "per",
            "has_context": "false",
            "is_title": "false"
        },
        {
            "id": 53,
            "form": "quanto",
            "pos": "ADV",
            "lemma": "quanto",
            "has_context": "false",
            "is_title": "false"
        },
        {
            "id": 54,
            "form": "riguarda",
            "pos": "VER",
            "lemma": "riguardare",
            "has_context": "true",
            "is_title": "false"
        },
        {
            "id": 55,
            "form": "i",
            "pos": "DET",
            "lemma": "il",
            "has_context": "false",
            "is_title": "false"
        },
        {
            "id": 56,
            "form": "secondi",
            "pos": "ADJ",
            "lemma": "secondo",
            "has_context": "false",
            "is_title": "false"
        },
        {
            "id": 57,
            "form": "piatti",
            "pos": "NOM",
            "lemma": "piatto",
            "has_context": "false",
            "is_title": "false"
        },
        {
            "id": 58,
            "form": "ci",
            "pos": "ADV",
            "lemma": "ci",
            "has_context": "false",
            "is_title": "false"
        },
        {
            "id": 59,
            "form": "sono",
            "pos": "VER",
            "lemma": "essere",
            "has_context": "false",
            "is_title": "false"
        },
        {
            "id": 60,
            "form": "molte",
            "pos": "ADJ",
            "lemma": "molto",
            "has_context": "false",
            "is_title": "false"
        },
        {
            "id": 61,
            "form": "prelibatezze",
            "pos": "NOM",
            "lemma": "prelibatezza",
            "has_context": "true",
            "is_title": "false"
        },
        {
            "id": 62,
            "form": "e",
            "pos": "CON",
            "lemma": "e",
            "has_context": "false",
            "is_title": "false"
        },
        {
            "id": 63,
            "form": "il",
            "pos": "DET",
            "lemma": "il",
            "has_context": "false",
            "is_title": "false"
        },
        {
            "id": 64,
            "form": "cibo",
            "pos": "NOM",
            "lemma": "cibo",
            "has_context": "false",
            "is_title": "false"
        },
        {
            "id": 65,
            "form": "è",
            "pos": "VER",
            "lemma": "essere",
            "has_context": "false",
            "is_title": "false"
        },
        {
            "id": 66,
            "form": "sempre",
            "pos": "ADV",
            "lemma": "sempre",
            "has_context": "false",
            "is_title": "false"
        },
        {
            "id": 67,
            "form": "fresco",
            "pos": "ADJ",
            "lemma": "fresco",
            "has_context": "false",
            "is_title": "false"
        },
        {
            "id": 68,
            "form": "e",
            "pos": "CON",
            "lemma": "e",
            "has_context": "false",
            "is_title": "false"
        },
        {
            "id": 69,
            "form": "di",
            "pos": "PRE",
            "lemma": "di",
            "has_context": "false",
            "is_title": "false"
        },
        {
            "id": 70,
            "form": "qualità",
            "pos": "NOM",
            "lemma": "qualità",
            "has_context": "true",
            "is_title": "false"
        },
        {
            "id": 71,
            "form": ".",
            "pos": "SENT",
            "lemma": ".",
            "has_context": "false",
            "is_title": "false"
        },
        {
            "id": 72,
            "form": "Sono",
            "pos": "VER",
            "lemma": "essere",
            "has_context": "false",
            "is_title": "false"
        },
        {
            "id": 73,
            "form": "presenti",
            "pos": "ADJ",
            "lemma": "presente",
            "has_context": "true",
            "is_title": "false"
        },
        {
            "id": 74,
            "form": "nel",
            "pos": "PRE",
            "lemma": "nel",
            "has_context": "false",
            "is_title": "false"
        },
        {
            "id": 75,
            "form": "menu",
            "pos": "NOM",
            "lemma": "menu",
            "has_context": "false",
            "is_title": "false"
        },
        {
            "id": 76,
            "form": "piatti",
            "pos": "ADJ",
            "lemma": "piatto",
            "has_context": "false",
            "is_title": "false"
        },
        {
            "id": 77,
            "form": "quali",
            "pos": "PRO",
            "lemma": "quale",
            "has_context": "false",
            "is_title": "false"
        },
        {
            "id": 78,
            "form": "merluzzo",
            "pos": "NOM",
            "lemma": "merluzzo",
            "has_context": "true",
            "is_title": "false"
        },
        {
            "id": 79,
            "form": "e",
            "pos": "CON",
            "lemma": "e",
            "has_context": "false",
            "is_title": "false"
        },
        {
            "id": 80,
            "form": "salmone",
            "pos": "NOM",
            "lemma": "salmone",
            "has_context": "true",
            "is_title": "false"
        },
        {
            "id": 81,
            "form": ".",
            "pos": "SENT",
            "lemma": ".",
            "has_context": "false",
            "is_title": "false"
        },
        {
            "id": 82,
            "form": "I",
            "pos": "DET",
            "lemma": "il",
            "has_context": "false",
            "is_title": "false"
        },
        {
            "id": 83,
            "form": "piatti",
            "pos": "NOM",
            "lemma": "piatto",
            "has_context": "false",
            "is_title": "false"
        },
        {
            "id": 84,
            "form": "speciali",
            "pos": "ADJ",
            "lemma": "speciale",
            "has_context": "true",
            "is_title": "false"
        },
        {
            "id": 85,
            "form": "sono",
            "pos": "VER",
            "lemma": "essere",
            "has_context": "false",
            "is_title": "false"
        },
        {
            "id": 86,
            "form": "serviti",
            "pos": "VER",
            "lemma": "servire",
            "has_context": "true",
            "is_title": "false"
        },
        {
            "id": 87,
            "form": "il",
            "pos": "DET",
            "lemma": "il",
            "has_context": "false",
            "is_title": "false"
        },
        {
            "id": 88,
            "form": "mercoledì",
            "pos": "NOM",
            "lemma": "mercoledì",
            "has_context": "false",
            "is_title": "false"
        },
        {
            "id": 89,
            "form": "e",
            "pos": "CON",
            "lemma": "e",
            "has_context": "false",
            "is_title": "false"
        },
        {
            "id": 90,
            "form": "il",
            "pos": "DET",
            "lemma": "il",
            "has_context": "false",
            "is_title": "false"
        },
        {
            "id": 91,
            "form": "venerdì",
            "pos": "NOM",
            "lemma": "venerdì",
            "has_context": "false",
            "is_title": "false"
        },
        {
            "id": 92,
            "form": ".",
            "pos": "SENT",
            "lemma": ".",
            "has_context": "false",
            "is_title": "false"
        },
        {
            "id": 93,
            "form": "Il",
            "pos": "DET",
            "lemma": "il",
            "has_context": "false",
            "is_title": "false"
        },
        {
            "id": 94,
            "form": "mercoledì",
            "pos": "NOM",
            "lemma": "mercoledì",
            "has_context": "false",
            "is_title": "false"
        },
        {
            "id": 95,
            "form": "si",
            "pos": "PRO",
            "lemma": "si",
            "has_context": "false",
            "is_title": "false"
        },
        {
            "id": 96,
            "form": "servono",
            "pos": "VER",
            "lemma": "servire",
            "has_context": "true",
            "is_title": "false"
        },
        {
            "id": 97,
            "form": "gamberoni",
            "pos": "NOM",
            "lemma": "gamberoni",
            "has_context": "true",
            "is_title": "false"
        },
        {
            "id": 98,
            "form": "arrostiti",
            "pos": "ADJ",
            "lemma": "arrostito",
            "has_context": "true",
            "is_title": "false"
        },
        {
            "id": 99,
            "form": "con",
            "pos": "PRE",
            "lemma": "con",
            "has_context": "false",
            "is_title": "false"
        },
        {
            "id": 100,
            "form": "pancetta",
            "pos": "NOM",
            "lemma": "pancetta",
            "has_context": "true",
            "is_title": "false"
        },
        {
            "id": 101,
            "form": "arrotolata",
            "pos": "ADJ",
            "lemma": "arrotolato",
            "has_context": "true",
            "is_title": "false"
        },
        {
            "id": 102,
            "form": ",",
            "pos": "PON",
            "lemma": ",",
            "has_context": "false",
            "is_title": "false"
        },
        {
            "id": 103,
            "form": "e",
            "pos": "CON",
            "lemma": "e",
            "has_context": "false",
            "is_title": "false"
        },
        {
            "id": 104,
            "form": "il",
            "pos": "DET",
            "lemma": "il",
            "has_context": "false",
            "is_title": "false"
        },
        {
            "id": 105,
            "form": "venerdì",
            "pos": "NOM",
            "lemma": "venerdì",
            "has_context": "false",
            "is_title": "false"
        },
        {
            "id": 106,
            "form": "serviamo",
            "pos": "VER",
            "lemma": "servire",
            "has_context": "true",
            "is_title": "false"
        },
        {
            "id": 107,
            "form": "in",
            "pos": "PRE",
            "lemma": "in",
            "has_context": "false",
            "is_title": "false"
        },
        {
            "id": 108,
            "form": "tavola",
            "pos": "NOM",
            "lemma": "tavola",
            "has_context": "true",
            "is_title": "false"
        },
        {
            "id": 109,
            "form": "la",
            "pos": "DET",
            "lemma": "il",
            "has_context": "false",
            "is_title": "false"
        },
        {
            "id": 110,
            "form": "grande",
            "pos": "ADJ",
            "lemma": "grande",
            "has_context": "false",
            "is_title": "false"
        },
        {
            "id": 111,
            "form": "grigliata",
            "pos": "NOM",
            "lemma": "grigliata",
            "has_context": "true",
            "is_title": "false"
        },
        {
            "id": 112,
            "form": "di",
            "pos": "PRE",
            "lemma": "di",
            "has_context": "false",
            "is_title": "false"
        },
        {
            "id": 113,
            "form": "pesce",
            "pos": "NOM",
            "lemma": "pesce",
            "has_context": "false",
            "is_title": "false"
        },
        {
            "id": 114,
            "form": "misto",
            "pos": "ADJ",
            "lemma": "misto",
            "has_context": "true",
            "is_title": "false"
        },
        {
            "id": 115,
            "form": ".",
            "pos": "SENT",
            "lemma": ".",
            "has_context": "false",
            "is_title": "false"
        },
        {
            "id": 116,
            "form": "Per",
            "pos": "PRE",
            "lemma": "per",
            "has_context": "false",
            "is_title": "false"
        },
        {
            "id": 117,
            "form": "quanto",
            "pos": "ADV",
            "lemma": "quanto",
            "has_context": "false",
            "is_title": "false"
        },
        {
            "id": 118,
            "form": "riguarda",
            "pos": "VER",
            "lemma": "riguardare",
            "has_context": "true",
            "is_title": "false"
        },
        {
            "id": 119,
            "form": "la",
            "pos": "DET",
            "lemma": "il",
            "has_context": "false",
            "is_title": "false"
        },
        {
            "id": 120,
            "form": "carne",
            "pos": "NOM",
            "lemma": "carne",
            "has_context": "false",
            "is_title": "false"
        },
        {
            "id": 121,
            "form": "disponiamo",
            "pos": "VER",
            "lemma": "disporre",
            "has_context": "true",
            "is_title": "false"
        },
        {
            "id": 122,
            "form": "solo",
            "pos": "ADV",
            "lemma": "solo",
            "has_context": "false",
            "is_title": "false"
        },
        {
            "id": 123,
            "form": "della",
            "pos": "PRE",
            "lemma": "del",
            "has_context": "false",
            "is_title": "false"
        },
        {
            "id": 124,
            "form": "salsiccia",
            "pos": "NOM",
            "lemma": "salsiccia",
            "has_context": "true",
            "is_title": "false"
        },
        {
            "id": 125,
            "form": "di",
            "pos": "PRE",
            "lemma": "di",
            "has_context": "false",
            "is_title": "false"
        },
        {
            "id": 126,
            "form": "maiale",
            "pos": "NOM",
            "lemma": "maiale",
            "has_context": "false",
            "is_title": "false"
        },
        {
            "id": 127,
            "form": "e",
            "pos": "CON",
            "lemma": "e",
            "has_context": "false",
            "is_title": "false"
        },
        {
            "id": 128,
            "form": "del",
            "pos": "PRE",
            "lemma": "del",
            "has_context": "false",
            "is_title": "false"
        },
        {
            "id": 129,
            "form": "cotechino",
            "pos": "NOM",
            "lemma": "cotechino",
            "has_context": "true",
            "is_title": "false"
        },
        {
            "id": 130,
            "form": ".",
            "pos": "SENT",
            "lemma": ".",
            "has_context": "false",
            "is_title": "false"
        },
        {
            "id": 131,
            "form": "Non",
            "pos": "ADV",
            "lemma": "non",
            "has_context": "false",
            "is_title": "false"
        },
        {
            "id": 132,
            "form": "è",
            "pos": "VER",
            "lemma": "essere",
            "has_context": "false",
            "is_title": "false"
        },
        {
            "id": 133,
            "form": "presente",
            "pos": "ADJ",
            "lemma": "presente",
            "has_context": "true",
            "is_title": "false"
        },
        {
            "id": 134,
            "form": "nel",
            "pos": "PRE",
            "lemma": "nel",
            "has_context": "false",
            "is_title": "false"
        },
        {
            "id": 135,
            "form": "nostro",
            "pos": "ADJ",
            "lemma": "nostro",
            "has_context": "false",
            "is_title": "false"
        },
        {
            "id": 136,
            "form": "menù",
            "pos": "NOM",
            "lemma": "menu",
            "has_context": "false",
            "is_title": "false"
        },
        {
            "id": 137,
            "form": "cucina",
            "pos": "NOM",
            "lemma": "cucina",
            "has_context": "false",
            "is_title": "false"
        },
        {
            "id": 138,
            "form": "vegetariana",
            "pos": "ADJ",
            "lemma": "vegetariano",
            "has_context": "true",
            "is_title": "false"
        },
        {
            "id": 139,
            "form": "e",
            "pos": "CON",
            "lemma": "e",
            "has_context": "false",
            "is_title": "false"
        },
        {
            "id": 140,
            "form": "senza",
            "pos": "PRE",
            "lemma": "senza",
            "has_context": "false",
            "is_title": "false"
        },
        {
            "id": 141,
            "form": "glutine",
            "pos": "NOM",
            "lemma": "glutine",
            "has_context": "true",
            "is_title": "false"
        },
        {
            "id": 142,
            "form": ".",
            "pos": "SENT",
            "lemma": ".",
            "has_context": "false",
            "is_title": "false"
        },
        {
            "id": 143,
            "form": "La",
            "pos": "DET",
            "lemma": "il",
            "has_context": "false",
            "is_title": "false"
        },
        {
            "id": 144,
            "form": "nostra",
            "pos": "ADJ",
            "lemma": "nostro",
            "has_context": "false",
            "is_title": "false"
        },
        {
            "id": 145,
            "form": "Osteria",
            "pos": "NOM",
            "lemma": "osteria",
            "has_context": "true",
            "is_title": "false"
        },
        {
            "id": 146,
            "form": "si",
            "pos": "PRO",
            "lemma": "si",
            "has_context": "false",
            "is_title": "false"
        },
        {
            "id": 147,
            "form": "trova",
            "pos": "VER",
            "lemma": "trovare",
            "has_context": "false",
            "is_title": "false"
        },
        {
            "id": 148,
            "form": "a",
            "pos": "PRE",
            "lemma": "a",
            "has_context": "false",
            "is_title": "false"
        },
        {
            "id": 149,
            "form": "Roma",
            "pos": "NPR",
            "lemma": "Roma",
            "has_context": "false",
            "is_title": "false"
        },
        {
            "id": 150,
            "form": ",",
            "pos": "PON",
            "lemma": ",",
            "has_context": "false",
            "is_title": "false"
        },
        {
            "id": 151,
            "form": "in",
            "pos": "PRE",
            "lemma": "in",
            "has_context": "false",
            "is_title": "false"
        },
        {
            "id": 152,
            "form": "via",
            "pos": "NOM",
            "lemma": "via",
            "has_context": "false",
            "is_title": "false"
        },
        {
            "id": 153,
            "form": "Alessandro",
            "pos": "NPR",
            "lemma": "Alessandro",
            "has_context": "false",
            "is_title": "false"
        },
        {
            "id": 154,
            "form": "Pertini",
            "pos": "NPR",
            "lemma": "Pertini",
            "has_context": "false",
            "is_title": "false"
        },
        {
            "id": 155,
            "form": "numero",
            "pos": "NOM",
            "lemma": "numero",
            "has_context": "false",
            "is_title": "false"
        },
        {
            "id": 156,
            "form": "13",
            "pos": "NUM",
            "lemma": "@card@",
            "has_context": "false",
            "is_title": "false"
        },
        {
            "id": 157,
            "form": ",",
            "pos": "PON",
            "lemma": ",",
            "has_context": "false",
            "is_title": "false"
        },
        {
            "id": 158,
            "form": "alle",
            "pos": "PRE",
            "lemma": "al",
            "has_context": "false",
            "is_title": "false"
        },
        {
            "id": 159,
            "form": "spalle",
            "pos": "NOM",
            "lemma": "spalla",
            "has_context": "true",
            "is_title": "false"
        },
        {
            "id": 160,
            "form": "del",
            "pos": "PRE",
            "lemma": "del",
            "has_context": "false",
            "is_title": "false"
        },
        {
            "id": 161,
            "form": "Supermercato",
            "pos": "NOM",
            "lemma": "supermercato",
            "has_context": "false",
            "is_title": "false"
        },
        {
            "id": 162,
            "form": "Conan",
            "pos": "NPR",
            "lemma": "Conan",
            "has_context": "false",
            "is_title": "false"
        },
        {
            "id": 163,
            "form": ".",
            "pos": "SENT",
            "lemma": ".",
            "has_context": "false",
            "is_title": "false"
        },
        {
            "id": 164,
            "form": "Arrivati",
            "pos": "ADJ",
            "lemma": "arrivato",
            "has_context": "true",
            "is_title": "false"
        },
        {
            "id": 165,
            "form": "all'",
            "pos": "PRE",
            "lemma": "al",
            "has_context": "false",
            "is_title": "false"
        },
        {
            "id": 166,
            "form": "incrocio",
            "pos": "NOM",
            "lemma": "incrocio",
            "has_context": "true",
            "is_title": "false"
        },
        {
            "id": 167,
            "form": "con",
            "pos": "PRE",
            "lemma": "con",
            "has_context": "false",
            "is_title": "false"
        },
        {
            "id": 168,
            "form": "la",
            "pos": "DET",
            "lemma": "il",
            "has_context": "false",
            "is_title": "false"
        },
        {
            "id": 169,
            "form": "statua",
            "pos": "NOM",
            "lemma": "statua",
            "has_context": "true",
            "is_title": "false"
        },
        {
            "id": 170,
            "form": "di",
            "pos": "PRE",
            "lemma": "di",
            "has_context": "false",
            "is_title": "false"
        },
        {
            "id": 171,
            "form": "Galileo",
            "pos": "NPR",
            "lemma": "Galileo",
            "has_context": "false",
            "is_title": "false"
        },
        {
            "id": 172,
            "form": "Galilei",
            "pos": "NPR",
            "lemma": "Galilei",
            "has_context": "false",
            "is_title": "false"
        },
        {
            "id": 173,
            "form": ",",
            "pos": "PON",
            "lemma": ",",
            "has_context": "false",
            "is_title": "false"
        },
        {
            "id": 174,
            "form": "basta",
            "pos": "VER",
            "lemma": "bastare",
            "has_context": "true",
            "is_title": "false"
        },
        {
            "id": 175,
            "form": "girare",
            "pos": "VER",
            "lemma": "girare",
            "has_context": "false",
            "is_title": "false"
        },
        {
            "id": 176,
            "form": "a",
            "pos": "PRE",
            "lemma": "a",
            "has_context": "false",
            "is_title": "false"
        },
        {
            "id": 177,
            "form": "destra",
            "pos": "NOM",
            "lemma": "destra",
            "has_context": "false",
            "is_title": "false"
        },
        {
            "id": 178,
            "form": "e",
            "pos": "CON",
            "lemma": "e",
            "has_context": "false",
            "is_title": "false"
        },
        {
            "id": 179,
            "form": "siete",
            "pos": "VER",
            "lemma": "essere",
            "has_context": "false",
            "is_title": "false"
        },
        {
            "id": 180,
            "form": "sulla",
            "pos": "PRE",
            "lemma": "sul",
            "has_context": "false",
            "is_title": "false"
        },
        {
            "id": 181,
            "form": "strada",
            "pos": "NOM",
            "lemma": "strada",
            "has_context": "false",
            "is_title": "false"
        },
        {
            "id": 182,
            "form": "giusta",
            "pos": "ADJ",
            "lemma": "giusto",
            "has_context": "false",
            "is_title": "false"
        },
        {
            "id": 183,
            "form": ".",
            "pos": "SENT",
            "lemma": ".",
            "has_context": "false",
            "is_title": "false"
        },
        {
            "id": 184,
            "form": "Siamo",
            "pos": "VER",
            "lemma": "essere",
            "has_context": "false",
            "is_title": "false"
        },
        {
            "id": 185,
            "form": "chiusi",
            "pos": "ADJ",
            "lemma": "chiuso",
            "has_context": "true",
            "is_title": "false"
        },
        {
            "id": 186,
            "form": "il",
            "pos": "DET",
            "lemma": "il",
            "has_context": "false",
            "is_title": "false"
        },
        {
            "id": 187,
            "form": "lunedì",
            "pos": "NOM",
            "lemma": "lunedì",
            "has_context": "false",
            "is_title": "false"
        },
        {
            "id": 188,
            "form": ".",
            "pos": "SENT",
            "lemma": ".",
            "has_context": "false",
            "is_title": "false"
        },
        {
            "id": 189,
            "form": "L'",
            "pos": "DET",
            "lemma": "il",
            "has_context": "false",
            "is_title": "false"
        },
        {
            "id": 190,
            "form": "orario",
            "pos": "NOM",
            "lemma": "orario",
            "has_context": "false",
            "is_title": "false"
        },
        {
            "id": 191,
            "form": "di",
            "pos": "PRE",
            "lemma": "di",
            "has_context": "false",
            "is_title": "false"
        },
        {
            "id": 192,
            "form": "apertura",
            "pos": "NOM",
            "lemma": "apertura",
            "has_context": "true",
            "is_title": "false"
        },
        {
            "id": 193,
            "form": "è",
            "pos": "VER",
            "lemma": "essere",
            "has_context": "false",
            "is_title": "false"
        },
        {
            "id": 194,
            "form": "dalle",
            "pos": "PRE",
            "lemma": "dal",
            "has_context": "false",
            "is_title": "false"
        },
        {
            "id": 195,
            "form": "12",
            "pos": "NUM",
            "lemma": "@card@",
            "has_context": "false",
            "is_title": "false"
        },
        {
            "id": 196,
            "form": ":",
            "pos": "PON",
            "lemma": ":",
            "has_context": "false",
            "is_title": "false"
        },
        {
            "id": 197,
            "form": "00",
            "pos": "NUM",
            "lemma": "@card@",
            "has_context": "false",
            "is_title": "false"
        },
        {
            "id": 198,
            "form": "alle",
            "pos": "PRE",
            "lemma": "al",
            "has_context": "false",
            "is_title": "false"
        },
        {
            "id": 199,
            "form": "16",
            "pos": "NUM",
            "lemma": "@card@",
            "has_context": "false",
            "is_title": "false"
        },
        {
            "id": 200,
            "form": ":",
            "pos": "PON",
            "lemma": ":",
            "has_context": "false",
            "is_title": "false"
        },
        {
            "id": 201,
            "form": "00",
            "pos": "NUM",
            "lemma": "@card@",
            "has_context": "false",
            "is_title": "false"
        },
        {
            "id": 202,
            "form": "a",
            "pos": "PRE",
            "lemma": "a",
            "has_context": "false",
            "is_title": "false"
        },
        {
            "id": 203,
            "form": "pranzo",
            "pos": "NOM",
            "lemma": "pranzo",
            "has_context": "false",
            "is_title": "false"
        },
        {
            "id": 204,
            "form": "e",
            "pos": "CON",
            "lemma": "e",
            "has_context": "false",
            "is_title": "false"
        },
        {
            "id": 205,
            "form": "dalle",
            "pos": "PRE",
            "lemma": "dal",
            "has_context": "false",
            "is_title": "false"
        },
        {
            "id": 206,
            "form": "19",
            "pos": "NUM",
            "lemma": "@card@",
            "has_context": "false",
            "is_title": "false"
        },
        {
            "id": 207,
            "form": ":",
            "pos": "PON",
            "lemma": ":",
            "has_context": "false",
            "is_title": "false"
        },
        {
            "id": 208,
            "form": "30",
            "pos": "NUM",
            "lemma": "@card@",
            "has_context": "false",
            "is_title": "false"
        },
        {
            "id": 209,
            "form": "alle",
            "pos": "PRE",
            "lemma": "al",
            "has_context": "false",
            "is_title": "false"
        },
        {
            "id": 210,
            "form": "24",
            "pos": "NUM",
            "lemma": "@card@",
            "has_context": "false",
            "is_title": "false"
        },
        {
            "id": 211,
            "form": ":",
            "pos": "PON",
            "lemma": ":",
            "has_context": "false",
            "is_title": "false"
        },
        {
            "id": 212,
            "form": "00",
            "pos": "NUM",
            "lemma": "@card@",
            "has_context": "false",
            "is_title": "false"
        },
        {
            "id": 213,
            "form": "a",
            "pos": "PRE",
            "lemma": "a",
            "has_context": "false",
            "is_title": "false"
        },
        {
            "id": 214,
            "form": "cena",
            "pos": "NOM",
            "lemma": "cena",
            "has_context": "false",
            "is_title": "false"
        },
        {
            "id": 215,
            "form": ".",
            "pos": "SENT",
            "lemma": ".",
            "has_context": "false",
            "is_title": "false"
        }
    ]
