pubblico	[3284010, 1758490, 1754667, 1765053, 1859670, 399343, 1910190, 4537, 672098, 3264118, 4900533, 3264117, 2221831, 377548, 2819510, 633849, 3889361, 2685976, 4711187, 2139674]
senso	[2437991, 2585784, 3297577, 1765315, 3065461, 876779, 2205678, 1074110, 3420511, 3045022, 4407, 1204380, 1543226, 1916694, 3441513, 3045032, 1794926, 1848319, 1848351, 647135, 1204378, 1268034, 1061210, 2057199, 3411168, 3114625, 3114626, 5071027, 3280444, 3973937, 3973939, 3350004, 2421409]
dapprima	[1758790]
evento	[1765100, 2431187, 2035254, 2257992, 897248, 1964322, 2903233]
ormai	[2437168, 3617135, 4293390]
scaricare	[3102945, 3102946, 3102947]
imperatore	[3025380, 569338]
punire	[1633225]
inno	[2758474]
considerevole	[4099065]
meraviglia	[2090607, 2205678]
dignitosamente	[627710]
proporre	[1758765, 4403, 1870191, 2057140, 412799, 3663056, 3663057]
riuscire	[3093976, 1208114, 1754703, 1714801, 1714799, 3463004, 3533806, 3463027, 2456875, 2128774, 1812566, 3296228, 2827203, 503559, 2510366, 4892553, 2440426, 905680, 2447975, 2232913, 2031497, 5792115, 876808, 1071912, 1282554, 955103, 862206, 2189278, 2421227, 2434924, 1758847, 1803828, 569602, 1844768, 616998, 1677682, 1794333, 5166381, 3627155, 5166379, 1438610, 1438494, 632286, 635124, 3495737, 430305, 1020347, 2510379, 946849, 2192032, 999171, 997700, 2784832, 2784882, 2433794, 1438609, 935291, 3667353, 1664836, 2232837, 1827075, 859660, 3002498, 979782, 1655235, 1267967, 2716597, 374619, 5419200, 630464, 6680398, 351129, 1618582, 894658, 3863589, 2440528, 398134, 1631615, 3503405, 1222368, 1700698, 5800753, 653888, 967577, 5984936, 350360, 5764450, 5764452, 2819401, 2819402, 2819403, 2819404, 715740, 1703601, 888028, 2216703, 3667350, 3667351, 3667352, 896938, 3752681, 1636979, 1842961, 1405149, 2457758, 2457759, 4939275, 3139600, 3548135, 829268, 2729703, 4408, 4847878, 6712210, 6712211, 6536525, 889149, 1964876, 4171456, 1633296, 517959, 2232942, 3606748, 645858, 4001716, 1222366, 1222367, 999802, 4962444, 8033439, 6086538, 5764449, 5764451, 4143793, 3533287]
successivo	[4244347]
partecipante	[1870191, 1859693, 1859699]
celebre	[4865651]
ruolo	[1754697, 1010975]
tocco	[1303479]
influenzare	[799844, 1912731, 2455774]
cantante	[935774, 867719, 2219217, 1081703, 949660, 2999614, 731615, 1081700, 1992547]
ampliare	[2224588]
cinquecento	[4992781, 607664]
inventore	[5413883, 969840]
principale	[3297636, 2189042, 2903233, 2112390, 2777666, 1003858]
ricominciare	[1915002, 1722431]
posare	[2254374, 1851326]
ognuna	[2221731]
sede	[3421137]
movimento	[1764317, 4876103, 1184941, 1316538]
gruppo	[2457780, 2421564, 2010182, 1718953, 1326753, 2510395, 3298107, 6629886, 2028586, 3298106, 1838518, 839623]
struttura	[3529264, 2863868, 1853823, 3387920]
numeroso	[1758490, 1719499, 3102819, 1758748, 1032552, 857120, 2479025]
ferita	[382929, 3004012]
accorrere	[1765098, 3487076, 3264332, 1736257]
raramente	[1758771, 1240680, 1825034, 2201324, 1805849, 6697872, 5898489, 5898491, 718830, 718832, 719247, 3364396]
capitano	[1905562, 2078736, 2505125, 1613953, 1542172, 2414755, 2414756]
aumentare	[1866867, 3297577, 2810520]
rilassare	[2427303, 6551121]
salvare	[1765105, 1765098, 727003, 351151, 4862991, 3107531, 3107534, 3107530, 5010820, 5010821]
ritirare	[7321562]
gridare	[1638115, 2473238, 2519022, 2519030, 2519000, 1202641, 2519004, 3239441]
aurora	[2974371, 2031603]
direzione	[2078798, 3297636, 3275472, 2430408, 1777050, 2477552]
volo	[2479104, 3355452, 1596556, 2028577, 739049]
appassionare	[2213720]
rubare	[3074770, 3074771, 3088581, 5209541, 1865737, 2031607, 2031609, 3480093, 1076377, 1511343, 5209540, 633474, 3880880, 1799145, 376598, 380771, 2523908]
desiderare	[1758790, 5792117, 1834561, 1759636, 1803920, 1716153, 4684, 2229756, 702297, 1321320, 1110444]
cerimonia	[4947640, 1803977]
perfettamente	[1777038, 2056101, 1578376, 4915173, 3252663, 3264386, 4905427, 3264385, 375662]
coppa	[1265197, 4603651, 3344001]
trasporto	[1754996, 997463, 2819510, 2685976]
esploratore	[825809]
promuovere	[1866867, 1329025, 2428407, 1720040, 998835]
cliente	[1978309, 1606313, 7325537, 1622817, 6980566, 1005627, 3280559, 2991018, 426484, 5364183, 635765]
prete	[625097]
partecipare	[1735624, 3314117, 905685, 3118017, 897089, 2596592, 2596590, 3162309, 2596588, 2784736, 896938]
metodo	[1827257, 3102018, 2456093, 1758796, 2456322, 1904688, 2430368, 1911305, 1904609, 2455983, 2456034, 1185159, 2456051, 3471281, 3471282, 4917024]
stabilimento	[2173201]
coperto	[1719472]
personalità	[2438139, 705725, 705744, 1795488, 2381827, 1916290]
volto	[3030472, 5182237, 726578]
ammettere	[1460334, 934973, 2143219, 2226870]
guerra	[1349533, 3283324, 3283325, 1758497, 3268646, 1349892, 2420968, 2272536, 1543211, 3092046, 2005059, 1282847, 836683, 1803941, 3541632, 3296188, 848194, 1147141, 621023, 1636982, 4618723, 2746666, 3533052, 4542534]
evitare	[1329025, 1754667, 1758723, 1867382, 1106807, 4420949, 859563, 1996115, 3185722]
importanza	[1795566, 1905270, 1794726, 1265056, 5981266, 377557, 1857973, 4595]
sfruttare	[]
argomento	[2590811, 1845780, 3030588, 1845042, 5683687, 1870191, 2162806, 2997037, 2428302, 2428310, 2632781, 2997135, 3538511, 713992, 713993, 4956642]
denuncia	[3250110]
sogno	[2442151, 1758513, 1840909, 1840907, 2584360, 4971424, 2444703, 2585443, 717823, 4819306, 1245992, 382273, 503162, 7062849, 2028738, 4853098, 3140939, 4227795, 3548926, 984983, 2028747, 2443843, 416725, 3233328, 2950521, 2585432, 3526883, 610261, 623013]
pastore	[]
complesso	[3618279, 3077830, 2038916, 1850535, 3753377]
allievo	[2456093, 2456170, 896791, 3213019]
maggiormente	[2201288]
evidente	[2219146, 3352880, 2209290, 425382]
re	[7776127, 1964028, 3027041, 637196, 3790092, 4722517, 1117127, 5689294, 1022992, 1948358, 820375, 691717, 2445084, 1583474]
passante	[2784790, 2784791, 2191941]
coinvolgere	[2282386, 2209462, 1856769, 1957883, 1347962]
bilancia	[6592961, 6592962]
proposta	[1804000, 1759542, 4984418, 1860237, 1842563, 1002142, 1803801, 6216960, 4553452, 2784689, 2784690, 1754624, 1543528, 497694, 1111491, 4510, 2784818, 2784886]
salutare	[918430, 397737, 2056125, 634421, 1588363, 2076173, 6671997, 6671999, 1719099, 6671996, 6671998]
occupazione	[1754707, 5635280]
spalla	[1278503]
intervento	[1765095, 1765080]
deciso	[]
giudizio	[1795501, 3690971, 1826046, 3280580, 3501636]
ciliegio	[409462, 409467]
compera	[999538]
acquisire	[1857161, 2430725, 2430747, 1857364]
fedele	[893711, 1211263]
liceo	[539006]
cespuglio	[1762755]
agio	[1010953]
fissare	[2205998, 2421233, 1777042, 438669, 7952110, 7952111]
reale	[2421425, 399343, 3530074, 1850333, 1964322]
grammatica	[1835924, 795945, 1285138, 2577081, 4999310, 401629, 5185757]
lettura	[3307383, 1566477]
abbigliamento	[]
grosso	[5563181, 2428071, 6217502, 1544283, 904466, 4904699, 2412089, 2842654, 2437217, 2437220, 3372528, 3372529, 2420844, 724948, 2437216, 2437219, 3553475, 3553476]
punizione	[3678213, 3678214, 3678215, 3678216]
scelta	[2437168, 2430886, 1794015, 2224309, 3423483, 5672352, 889529, 5489729, 1234814, 2178310, 3553995, 3553996]
alzare	[5338038, 5338037, 6217769, 2417324, 3039649, 2128804, 925216, 1096687, 1547072, 1541384, 999575, 5563452, 2072315, 388066, 418997, 839318, 976897, 4072927, 1073046, 1073047, 839359, 3026476]
pianista	[914252, 500227, 758756, 1062126]
tesoro	[860687, 4620156]
politica	[1329316, 1795501, 1803893, 2439010, 1803899, 2275060, 2784733, 2784674, 719247, 2784671, 373947, 5457420, 3841146]
fonda	[2194351]
artista	[3399401, 7044645, 7242991, 4874139, 6607026, 4831934, 4383]
chiacchierare	[381855]
telegrafo	[999181, 999185]
piacevole	[4532848, 2430419, 1005854, 2196504]
disponibile	[2028935, 3338022, 1309711, 1809384]
passo	[2574689, 2426824, 2275563, 2274678, 4902352, 2440426, 3131548, 1183610, 630153, 581756, 1337551, 870396, 4917517, 3406992, 2191939, 2275060, 3784837, 3784838, 1928012, 621178, 592076, 1907110]
legare	[1841029, 1616179, 3859906]
ingrassare	[4622]
scrittorio	[2440265]
ingannare	[3164266, 1606313]
coprire	[2430203, 4998976, 2500393, 5401970, 2430214, 2435170, 2435851, 637445, 4998946, 4922710, 1700583, 1455157, 2844268, 645577, 718523, 1677464]
risalire	[1368164]
durata	[1846952, 1878239]
riguardo	[691447, 2195390, 1714801, 1754697, 1714799, 2195711, 1758819, 2784796, 2784606, 1803801, 2784720, 2784621, 2784790, 2784791, 2784743, 3510417, 2784733, 2867846, 2867847, 2784751, 2784903, 625071]
crollare	[570411]
scorrere	[4922693, 1152808]
riunire	[1735650, 1860234]
dettaglio	[2337478, 5526369, 5526371, 992138, 2459304, 3260244]
orgoglio	[759894]
ascoltatore	[]
neanche	[1841142, 1111896, 388478, 632286, 635124, 1873710, 1834075, 1873711, 806730]
castello	[2054178, 3132761, 5934090, 5390974, 1772941, 1117127, 1915032, 4473948, 3256845, 1404602]
consegna	[3405784, 3405785, 350327]
osservare	[3116607, 2193268, 908594, 2974371, 4876103, 350618, 2191939, 696967, 2219224, 613820, 1554603, 1520339]
commissione	[1758493, 1758765, 1758819, 1758850, 1758844, 1758828, 3118149]
poliziotto	[1765105, 2784796, 2685546, 5770292, 1132138]
profondo	[1859679, 705725, 705744, 3690237, 3239920, 2430335, 935066, 3007455, 7591875, 3291799, 389498]
bordo	[1762730, 969950]
condizionatore	[2056101]
lista	[1978309, 813564, 4922688, 538990, 4991882, 4962620, 1073964, 1227254, 843459, 8051478, 8051480, 389110, 8046177, 8046178, 3601809]
mossa	[2716551, 2716552, 2716550]
portafoglio	[3265092, 3265093, 1455490]
contatto	[2437991, 740368, 841126, 2357256, 755316, 979782, 2868506, 350360]
proprio	[1874157, 3257380, 2189318, 1237872, 2426969, 1754669, 1871480, 2209315, 1803992, 3069362, 1324175, 2201303, 2072301, 1300689, 2076062, 3290716, 3266500, 2291749, 4962364, 1139060, 2057137, 2420398, 2241990, 1755062, 5033950, 5792115, 351151, 3102126, 2196185, 896791, 3056986, 3751736, 569602, 990330, 380174, 760501, 1693148, 1232731, 3145539, 2078751, 4857885, 1173429, 2232934, 1843016, 3018831, 2878749, 1062180, 4904345, 900768, 1927716, 6699607, 3026875, 1307964, 4653, 2758474, 3779124, 3001399, 612105, 1797945, 3545626, 967341, 350503, 2057148, 4939275, 932784, 3497269, 1187874, 999802, 3234095, 2383461]
ricordo	[2474488, 3030534, 4856269, 386320, 634500, 625092, 4986465]
curioso	[2444140, 1012837]
mostrare	[2127885, 2056141, 1611500, 2189454, 1709298, 3265092, 3265093, 3030472, 2845189, 616982, 2844734, 1154085, 1470279, 616980, 4554, 3770918, 978815, 3690265, 1794556, 1252663, 350361, 1239812, 395566, 625138, 382832, 2090476, 3298088, 606669]
maniera	[1326955, 1735655, 4537, 2398375, 1758803, 1758802, 1759646, 2603489, 2983416, 1759639, 1759636, 1759627, 4585438, 1759630, 1759648, 1759642, 961785, 1759633]
quindici	[2574689, 2056101, 1114793, 2293690, 4594994]
bisognare	[1754705, 1841029, 3548210, 2209458, 3345455, 4484103, 4484104, 2209460, 2407687, 833626, 388787, 418297, 1807379, 1303363, 1843919, 2263934, 1843921, 1758799, 3872505, 4267531, 1729430, 2760488, 1828227, 1828228, 1809328, 3757808, 3757809, 4381]
scambio	[1329025, 1759552, 2421669]
cittadino	[1866867, 1795548, 3421137, 1754667, 1758467, 2434624, 1765036, 1867034, 670815, 1795470, 7665870, 1353266, 4591, 409649, 5662286, 1758788, 1767238]
mantenere	[2574689, 2966518, 2201303, 3020409, 1758753, 979782, 841264, 1809328, 2028989, 727153, 1516964]
tomba	[758446, 4718301]
arabo	[538991, 2151366, 1341750, 4617378, 6563161]
invidioso	[]
yogurt	[]
contratto	[1155631, 5816046, 1183501, 3231691, 3165161, 1688775, 2374921, 3213205, 2234206, 2234207]
descrivere	[3284010, 897248, 2031497, 3026743, 2510494, 1853829, 750418, 5065001, 3117547, 5064999, 1618912, 7033201, 5496591, 535840]
smarrire	[4579898, 5962427]
puro	[2997135, 3490900]
riparare	[2191913, 5697033, 378617, 935291, 4585216, 3813748, 978362, 7952107, 7952108, 375690, 1081581, 382844, 650510, 883486, 1467605, 992542]
quaranta	[622290, 2189138]
peccare	[1807379, 4571, 612735]
risultato	[2187674, 2466947, 2035254, 1758729, 2842143, 2439116, 3352980, 2497879, 2883367, 7726446, 2261070, 2883363, 5626757, 7783813, 2352414]
coltivare	[4545345, 966199, 4588241]
scelto	[]
fagiolo	[]
attore	[3969577, 7915344, 7915342, 7915343, 2467818, 7915341, 2159856]
ritenere	[2193459, 1758720, 2434624, 3264130, 3339234, 1919312, 1636926]
candela	[3361425, 7741769, 3830410, 3830412]
astronomia	[382269]
istituzione	[1758457, 1795464]
esaminare	[2213900, 4962364, 2402137, 2195723]
portale	[2437011]
consiglio	[1866867, 3268828, 2195736, 2381795, 1842730, 1758753, 791347, 1543226, 616030, 4479004, 645977, 5172873, 5172875, 3698461, 2268223, 1566159, 1307084, 3650564, 2055835, 5172872, 5172874, 5172991, 5173004, 739046, 2988869, 1723168]
teorico	[1296406]
umano	[1903724, 5563181, 382157, 1765098, 2195390, 2275563, 2263463, 2193357, 3284140, 2195711, 4869038, 3391642, 2201590, 1821657, 2449499, 2438157, 2433677, 1737172, 1806206, 1912730, 3264401, 2206952, 1512817, 2028986, 950273, 4630936, 5202051, 2193277]
zona	[2431187, 1765092, 2420923, 350856]
ingresso	[3807090, 1565168, 2227345]
incontro	[1335588, 1795486, 3314117, 1866415, 3564467, 2232824, 2466878, 2029110, 2915588, 987839, 1445933, 3511848, 1260275]
trasferire	[2510391, 630482, 7124347, 2752336, 2510343]
speranza	[1840909, 1840907, 1737231, 3030534, 2196043, 2195376, 2493749, 1196287, 7062849, 966474, 2180426, 1611610, 4463712, 1754643, 4572, 632989, 1209097, 2336368, 1758684, 1273451, 1273452, 712356, 429388, 3463029]
riportare	[4579, 2131271, 2131273]
chissà	[3671416, 1765896]
gente	[1853095, 1257065, 1853110, 1853101, 1002114, 1853138, 1853133, 2260971, 1763871, 984720, 2257992, 1763968, 3348361, 621038, 1905684, 2510421, 979833, 2730571, 839279, 3751733, 839417, 3088581, 1282847, 2475705, 2784736, 3441268, 2947860, 2191939, 727157, 984054, 1012837, 2341995, 4656927, 5615982, 835431, 4605223, 613820, 4642525, 1415894, 7196212, 2887453, 3655097, 4993723, 4903487, 1417106, 2181519, 3866124, 1415092, 1586286]
indimenticabile	[4877166]
discarica	[1646130]
confrontare	[1844156, 1853110, 1853101, 2430893, 1853138, 1853133, 2998378]
timidezza	[1720860]
contenere	[1776145, 5154981, 7812126, 2512722, 1254010, 920664, 4831957, 4831888, 3493702, 1269386, 379320, 3493716, 426942, 2973408]
inglese	[1250577, 2056030, 2445140, 841101, 705759, 1878553, 758446, 503218, 1082668, 627089, 1650061, 2227882, 1509185, 1857364, 872065, 1210816, 933183, 955103, 430291, 426111, 350630, 840675, 1880206, 612175, 2433921, 2147878, 744456, 930997, 943534, 1812786, 635148, 374556, 757423, 1183610, 1816445, 1552661, 3548437, 1271185, 535841, 3529869, 1185159, 2587740, 2189466, 1494434, 1494435, 3026778, 1856619, 3077830, 426101, 380539, 1018609, 991604, 749901, 2734728, 4251677, 2560194, 2746626, 679539, 2010223, 522525, 2842654, 379755, 359460, 5418070, 5418074, 5418072, 379753, 1111903, 6912011, 841265, 806730, 4412847, 411822, 3347526, 3548436, 3352155, 716404, 999286, 2197900, 409390, 1285138, 6038473, 830187, 2010222, 1963799, 1963802, 409345, 631590, 4431364, 4747921, 744668, 2394763, 851727, 5418068, 5418073, 5418071, 635225, 5172969, 1006680, 1551239, 3662918, 3662919, 967383, 4251672, 778316, 630756, 1688510, 399701, 380658, 373888, 838720, 645858, 2795535, 377164, 1137903, 375661, 1307449, 645849, 2137478]
rotondo	[]
lotteria	[]
dibattito	[1765066, 2147878]
editoriale	[3264147]
commerciale	[1857364, 6004500, 6004501, 7775142]
motivazione	[715665]
consumo	[1759547, 1765048, 2416904]
traduttore	[]
impegnare	[1964593, 1758457, 4440, 585835, 3158363, 3652895, 4313895, 3572365, 2918833]
conseguenza	[1754703, 1763871, 2567695, 529188, 1100099, 1100100, 2510435]
cima	[3321112, 1865362, 1865363, 2417664, 1854199, 2823746, 1541561, 8051478, 8046177, 8046178]
direttamente	[3290750, 609102, 2784701]
rappresentare	[1795548, 2426824, 841101, 1795486, 1795566, 1795488, 2439006, 1795478, 2426845, 4420737, 1795470, 833617, 833616, 833618, 1795464, 2420403, 2438155, 3350711]
cervo	[7223173]
favorire	[2437991, 2029086, 1755006]
sepolto	[1931689]
zampa	[377220]
accorgere	[1739764, 2723001, 2723002, 2723003, 2723004, 2723005, 2723006, 4962399]
sottoporre	[2421564, 602293, 749956]
fede	[2459729, 2057137, 4607, 2438466, 1664836, 4700837, 3048641]
terzo	[1758484, 1758461, 2430214, 5401185, 1754638, 3029369, 1302970]
arricchire	[2437991, 2381951, 4482136]
collaborazione	[2227490]
duro	[3284140, 2427303, 6217464, 874313, 1312501, 2560194, 893760, 893763, 7321547, 1000834, 893761, 4476394, 425862, 1426788, 1391628, 2201503, 663063]
cinese	[566708, 524257, 2219163, 1741384, 2453140, 1010953, 2897712, 626335, 4500, 1710226, 1869109, 795945, 1286667, 929072, 1494434, 1494435, 1250946, 1717909, 2703725, 2703726, 2703727, 2703728, 7783818, 7783819, 7783820, 7783821, 1273861, 6612307, 1250983, 379138, 756686]
disporre	[1840909, 621740, 1352897, 6611499, 2127898, 1002608, 1352896, 2501704, 4553452, 3264107, 4295253, 620661]
appoggio	[1792094, 2465369]
indicare	[740368, 1759563, 1806700, 4589395, 3572212, 3572214, 984742, 612718, 4605223, 4605222]
uccidere	[2189318, 2444140, 908623, 2147878, 3235815, 3399134, 712724, 3313660, 1000996, 2420403, 4227795, 1132138, 1000817, 4629782, 2489493]
riflettere	[4922744, 3385724, 2381827, 3711301, 2272237, 4564806, 377548, 2784689, 2784690]
disegno	[3078245]
ostruire	[1827257, 1827096, 1827251]
discendere	[976832, 2056533]
gestire	[1910190, 3425603, 1539321]
sostanza	[1796343, 1545193, 1545194, 1005936, 966176]
conoscenza	[2437991, 2442151, 3495597, 1765053, 1759552, 1766542, 1759536, 2439819, 1857364, 1759533, 1851297, 865135, 2430335, 2442391, 1135508, 762845, 2632781, 1100246, 2436311, 1326980, 2838522]
fastidio	[3343479]
costruzione	[1796343, 1856712, 1795548, 1759539, 995816, 3410107, 2216531, 750019, 3409487]
incubo	[1468951, 8469475]
grazia	[1329025, 2514211, 3026345, 3157661, 3260873, 3260874, 6001608]
mente	[1803983, 3343494, 3296193, 2162806, 2433677, 1002142, 1905383, 3671416, 4933210, 2485412, 1849089, 4445, 8010849, 3863625, 1010838, 1700004, 7322095, 4391450]
carriera	[792362, 3426024, 6765902]
assumere	[4922690, 3615623, 3158771, 1796030, 1687408, 841265, 1851389, 3343619]
negare	[2347180]
genere	[5563181, 4829515, 3421434, 2437234, 1544971, 2708691, 2708690, 1803888, 869684, 2481936, 6166665, 1924830, 2529730, 1810107, 1622780]
benissimo	[1873953, 3013342]
segnale	[418772, 2219163, 2437234, 2219157, 2003332, 3354616, 2945363, 2945366, 2945358, 2945360, 2219171, 2945362, 2945365, 2945357, 2945359]
progetto	[2213890, 3457442, 1850373, 1850321, 5098950, 2402142, 1905592, 1850333, 1850353, 1859690, 373842, 1850343, 1850317, 1846952, 610070, 1834083, 1910708, 3641515, 1846947, 1763762, 3392420, 1239518, 4940872, 4440, 2696570, 1083154, 1763786, 1786046, 1786040, 3392419, 693725, 373843, 1510625, 2784720, 3437419, 3437420, 2510373, 1806520, 5469596, 1510629, 2510372, 4514, 1477720]
sostituire	[499910]
azienda	[1978309, 2078798, 2213900, 2050233, 2213818, 1838484, 3456502, 1838478]
marciapiede	[4998976, 4998946]
impaziente	[2022773]
sostenere	[3410472, 2456940, 1758493, 1871480, 1759552, 1763762, 4937542, 1763786, 3391616, 1754624, 3391624, 3391613, 3391622, 1089446]
perfino	[1616179, 2057131, 738829]
duramente	[4509049, 4509051, 4509047, 4509050, 1086137, 716999, 621201, 645937, 3388923, 3262888]
caratteristica	[3319143, 2193459, 2427303, 2112390, 1872727]
leggenda	[]
generazione	[2201517, 1759536, 1794754, 2456010, 842622]
sfida	[2438139, 4829573, 2426824, 1317427, 2213512, 4925247]
disturbo	[2989191, 1916290, 3348361]
sviluppo	[2437991, 1866867, 1329316, 2428407, 3316553, 3641400, 2423094, 2696589, 2696570, 4878272]
inoltre	[1758806, 2217608]
ferire	[1762755, 2209370, 3874066, 1544971, 1797923, 2963083, 724980, 1797921, 1797922, 2963082, 625146, 1518376, 2028918]
mestiere	[1754705, 1850829]
ovviamente	[]
alternare	[3030534]
divertire	[1874157, 2476415, 930652, 4573003, 1552018]
visitatore	[350408]
inquinamento	[2196491]
voto	[2189376, 664227, 3338187, 3338177]
copia	[819960, 2576399]
superare	[1720860, 3350709, 4509049, 4509047, 1842620, 1842961]
utilizzare	[2456093, 3116607, 3548210, 668049, 1872402, 609456, 3410107, 2421639, 1105333, 1911305, 2455983, 3522328, 1834075, 2421618, 1508014, 710704, 715198, 1508013, 2201446, 931787, 1545258, 1545283, 1545260, 1545277, 1545255, 1545271, 1545274, 1545280]
condividere	[1928042, 1342569, 1858106, 3655156, 3655157, 1416171]
fisso	[1722515, 1616478, 1616480]
mille	[1866684, 4916982, 5882934, 884276, 1646029, 1323807, 2784177, 3026345, 428090, 1419263, 1797716, 2414905, 3378467]
onore	[3607212, 1795566, 1637440, 1535793]
passione	[2460049, 4974539, 439745]
capitare	[1432399, 4904345, 2734926, 5006259, 5006260, 3297776]
base	[566708, 3529264, 1768314, 1578295, 2456322, 2456034, 2943707, 1700005, 1504305]
contattare	[1073334]
comprensibile	[3319143, 1765036, 1687448]
due	[1335588, 3257380, 1864943, 1874163, 2209462, 6217417, 635333, 2430893, 2195390, 398773, 1860326, 2195711, 1220037, 382173, 2224309, 2430192, 4534707, 2463070, 928116, 399814, 3347311, 1853009, 3786039, 4532864, 1296406, 5572747, 382098, 5978431, 1239662, 2797494, 971719, 1275487, 388814, 1656331, 3071132, 933183, 1429394, 1827935, 3833758, 626845, 2461625, 1740239, 966173, 3030486, 1719671, 1158358, 969401, 350781, 4940721, 1286667, 3569956, 374245, 1647259, 929072, 4698613, 633171, 3569957, 1816445, 4733526, 1327125, 6894911, 1576732, 1548242, 5786408, 4944640, 621169, 5632886, 3547841, 3507855, 1991420, 500255, 2168433, 2072389, 4919701, 6629886, 726578, 3101068, 2784631, 1570092, 1848874, 3252663, 3743981, 3743983, 1510854, 3743980, 3743982, 3003443, 3003442, 383781, 2514248, 707078, 1019716, 3249549, 2576399, 2704635, 3547840, 1116545, 623376, 1980353, 921312, 647139, 3061165, 1518547, 425516, 2485348, 2790923, 715679, 6856538, 3671416, 3758324, 390684, 3630640, 1083192, 851721, 6856537, 3952587, 6856536, 1038411, 1062125, 2397807, 1434586, 1434587, 378563, 376708, 3076045, 615459, 1062126, 894193, 2056093, 1848873, 7447180, 2164179, 975420, 2510400, 1302678, 1302679, 3139363, 374209, 1831038, 399701, 382187, 1947820, 2404733, 2896043, 626427, 1834653, 541873, 2893299, 5443203, 5443204, 5384870, 2485340, 375337, 715672, 1802763, 1802764, 2263788, 3083451, 624918, 750810, 7803000, 4459, 3349103, 399819, 591755, 1881385, 1881389, 2618321, 715673, 1750942, 399704, 699903, 417536, 1123816, 1578201, 3829034, 3829039, 995666, 1141560, 661577, 635526, 1636507, 3083431]
insegnamento	[2456093, 2456170, 1911305, 2455983, 1185159]
crescere	[2438139, 5503168, 2440229, 1324175, 2440336, 2428071, 2416284, 3071132, 2420345, 3541616, 1525878, 2976981, 3533467, 4940673, 4940675, 2448093, 2810522, 4904671, 4940672, 4940674, 4876244, 1512831, 999391, 1816418, 1816421, 1816423]
orso	[2474495, 3874066, 1544971, 5800645, 6166665, 1271942, 954949]
risparmiare	[1081564, 1754693, 997750, 1543233, 6315278, 6315279, 4893163]
concedere	[3302607, 1922196, 1677133, 4991600]
malanno	[2784771]
bevanda	[3807090]
minacciare	[1754711, 1867073, 999987, 3667211, 3667312]
istituto	[1606313, 538991]
sano	[2198475, 376697, 997698, 1916324, 6883477, 3516661, 2078738, 5966004]
mescolare	[6034311, 6034310, 1577854, 1577853, 5820136]
cipolla	[2076160, 791347, 3441100, 2729461]
epoca	[1758490, 3053424, 2878749, 2529813, 2529814]
decidere	[1765107, 2209462, 1840907, 1758803, 3897610, 3373323, 3883324, 2476731, 3356001, 3671591, 1758802, 1579154, 2056129, 2433921, 2295308, 1106712, 2226958, 479734, 5635280, 3234670, 833595, 962401, 2986912, 2986914, 653888, 1052771, 1602255, 4479114, 2863498, 5876923, 746375, 1825035, 387805, 1794049, 2201500, 361907, 2986911, 2986913, 3343619, 4228063, 2986908, 2986910]
esigente	[3260860, 3260861]
tema	[524257, 1796343, 813564, 2466878, 1578750, 3538493, 2430335, 813542, 5678095, 5678097]
stupire	[2277251, 2272582, 630482, 4411, 3174310]
augurare	[1087204, 1812566, 2830065, 1332392, 538979, 2966358]
naturale	[4933383, 1765315, 4882920, 1838611, 2224269, 3529869, 3805148, 6473496, 1049478]
posizionare	[2975629, 1838484, 1838478]
unire	[1349822, 1758497, 1758493, 3504894, 5030138, 3541616, 781727, 7665870, 1251553, 859437, 632388]
adatto	[1765107, 1758471, 522515, 3754509]
eterno	[1434757]
cercatore	[2453594]
ala	[1762730, 2254374]
ottenere	[1758484, 1130916, 4892570, 3140458, 2283572, 1071912, 1307976, 1347646, 1834561, 980126, 3692755, 1227206, 4947676, 2054194, 6639036, 4874141, 4874145, 4874139, 2028915, 4958114, 3202797, 4831923, 4831916, 4831934, 2465369, 1330574, 2396930]
vario	[1910191, 3025401, 4922710, 2162898, 2510709]
prezioso	[4542464, 3264442, 1846811, 1827034, 2431194, 3352948, 4856298, 2895967, 389643, 389712]
aggiungere	[1804000, 813564, 2212511, 610070, 1677475, 1008744, 1645260, 1073964, 1733440, 1733443, 2793127, 5108655, 374062, 843459, 691470, 733692, 839656]
subire	[4919303]
follia	[2010182, 852109, 3343630]
televisivo	[3676057, 1636849, 1455490]
canale	[2215527]
affidare	[1762051, 628056, 3501636]
cassetto	[4919695, 4887069]
cambio	[980896, 1869109, 1767433, 1803354]
dio	[4869038, 962401, 1746594]
colpire	[2280188, 3092036, 1905684, 3290750, 3218046, 5050615, 2280045, 374435, 2400804]
aperto	[4886255, 2213900, 3307951, 1635004, 2419129, 3138715, 1171413, 2851952, 4298972, 3174310, 7713793, 3640927, 3640928, 611466, 2763161, 625164, 1816503]
diventare	[1874157, 1329316, 3534495, 2426659, 1856712, 1806190, 2445140, 1754705, 1853110, 1853101, 2431187, 2381951, 2291791, 3622582, 2193455, 1850333, 3607227, 2195736, 4402, 2038223, 690582, 1321417, 965362, 1301355, 2229258, 2440411, 4866077, 5530064, 2221831, 2510395, 2575516, 4634610, 1539271, 1100333, 920315, 2231701, 2196541, 615179, 1438549, 1438550, 883118, 3323738, 3650442, 987845, 4878272, 2121642, 1772873, 426101, 859609, 1224007, 3441268, 2201231, 4953746, 2428310, 1802758, 1277438, 2422772, 4482137, 2412558, 1850535, 1423162, 2887820, 670848, 945700, 2412248, 538894, 4553451, 2746663, 2618328, 1336241, 3324846, 4293390, 416725, 5876923, 746375, 3610567, 2201500, 2404714, 2404715, 610261, 1809149, 2453159]
aggiunto	[1743129]
scadere	[2443751, 1417183, 1417185, 1417182, 1417184, 1854850, 2681700]
rinchiudere	[2206010]
negativo	[2427548, 1859679, 4920805, 4919431]
vantaggioso	[2427736, 380877]
infanzia	[1874157, 1578056, 2062997, 1252611, 2784781, 2784901]
conveniente	[3102819, 3548042, 1057369]
fondo	[3641400, 7741755, 2054179, 3401340, 1767328]
agricoltore	[1754705, 2429163, 4954359, 1202641]
cinque	[2912961, 651039, 3622582, 382173, 2807930, 7322129, 2212330, 6217769, 4966504, 383042, 2974624, 5907090, 384515, 2477787, 2477788, 3298107, 4403667, 1611721, 819960, 636624, 3298106, 1096687, 621020, 5830469, 5507139, 2420287, 622120, 1252630, 5333667, 984049, 6021606, 6021581, 2687163, 643137, 2147623, 5745488, 585751, 999391, 2516141, 382187, 3083457, 664277, 2516140, 3463878, 3864962, 1252629]
tradizione	[6933506]
annuncio	[]
riscontro	[3672186]
precedente	[1422113, 2426659, 718523]
locale	[1250577, 1765107, 3534495, 1979931, 3392410, 3392409]
filo	[1335588, 2152280, 2966518, 3377519, 3377521, 440386]
colui	[1326955, 2408979]
realizzare	[2427548, 1856712, 1087204, 2381534, 1905592, 1850353, 1758435, 2456000, 2444703, 2585443, 4974539, 581756, 1158358, 2443843]
abbandonato	[1510625, 1510629]
latino	[2510434, 1843334, 967395, 2833364]
ripagare	[]
corridoio	[2453995, 439443]
sito	[3239920]
quinto	[839229, 3029139]
parcheggiare	[2268230, 3262861]
vantare	[1454895, 4293378]
rivisto	[2445785, 5466799, 2439327, 621111, 1742297, 1742298]
raggiungere	[3317955, 1422113, 1853095, 6217530, 1853110, 1853101, 2453594, 1866496, 664227, 1686106, 2006021, 2006024, 621000, 602467, 2209652, 1541561, 2056138, 2913976, 2201247, 2417654, 1543238, 3537921]
oceano	[967363, 7893555, 7893556]
conferenza	[3314117, 1834083, 2784857, 2784858, 3083820, 2802750]
goccia	[1160698, 3021788]
avvicinare	[4525811, 3361010, 1101811]
fucile	[3483541]
sviluppare	[1846952, 1846945, 1846947, 1712851, 636008, 1843021, 3530169]
offendere	[]
innamorare	[2206037, 2421435, 2421175, 1851438, 4904634, 3538684, 3538666, 2819401, 2819402, 2819403, 2819404, 955035, 4940848, 740224]
panna	[2989599, 1549874]
impresa	[1735624, 1758476, 373842, 1622817, 1168774, 1755013]
lira	[1200979]
intervistare	[2196057]
tipico	[2193459, 905668]
territorio	[3093976, 4422176, 2201303, 2443246, 2430214, 750019, 1838466]
europeo	[1866867, 1329316, 3319143, 566708, 1349822, 1810949, 1758513, 1759560, 1349533, 3268828, 1795548, 1754667, 1758493, 1735624, 1758471, 1152804, 2274678, 1758476, 1795478, 3065461, 1758720, 2434624, 3641400, 1765036, 1326845, 1758457, 1767277, 1867034, 1754684, 1867382, 1754687, 979567, 1792084, 2147878, 3456502, 1754933]
distruggere	[3296228, 5019670, 1137657, 2188987]
ministro	[841779, 2151366, 2268223, 642653, 1187874]
salmone	[]
personalmente	[2224274, 503559, 977536, 3251528, 3251527]
importare	[2205998, 1872402, 1087213, 3288146, 664391, 2782288, 2421227, 3371380, 2881308, 1082642, 5220727, 5220728, 3390840, 3390841, 3390842, 1035883, 4905899]
parere	[1795548, 1758497, 1737231, 3469724, 1759542, 2057137, 1758844, 539011, 4786520, 988481, 1758596, 606668, 4685, 1758622, 1758635, 1758626, 1758632, 2421482]
tre	[5563181, 4852668, 1002114, 1714801, 1714799, 3222104, 1220037, 382173, 4542508, 3157760, 1825384, 3157531, 3360827, 1546743, 590611, 3673494, 1617214, 627736, 7741762, 1740239, 1617239, 1758713, 2031619, 3475325, 384515, 1035846, 1107176, 374695, 6485655, 3115273, 2984832, 1184294, 388031, 1330830, 836553, 350268, 730481, 1802775, 2793993, 1124001, 6629886, 380166, 1701466, 3264382, 982542, 621136, 1796030, 2995195, 2995196, 4064155, 759439, 759440, 2059895, 2995193, 2995194, 1945121, 626957, 5696130, 5696131, 5122041, 399821, 7032301, 7032304, 1794567, 5696127, 5696128, 350351, 1578281, 4533048, 7032300, 7032303, 3545590, 623376, 2386356, 5671287, 3083419, 1794587, 2752336, 1166714, 2979864, 2028915, 2430122, 2147623, 2455752, 3322480, 842622, 876819, 1542667, 3009708, 3009709, 2072391, 1988397, 3368822, 5172962, 2169683, 2510343, 1583474, 1543148, 440386, 3368821, 5172961, 7803000, 3184600, 3184601, 5119223, 6559601, 440385]
affatto	[1803828, 765126, 5792110, 1758014]
costume	[3288015, 3288016, 379608, 2774556, 3264998, 3264999]
quindi	[2427548, 1422113, 1765107, 6217530, 799844, 1130916, 1878553, 3410222, 1803855, 2476731, 4700, 2189060, 3530194, 1803650, 2913987, 2913988, 2913990, 2913991, 1833970]
ricoprire	[761700, 4423534, 715193, 2072386, 3249922, 654356, 1645790]
impiegare	[1776893, 2028978]
temere	[3690971, 919026, 2885660, 2407676, 5534295, 6806419, 1551133, 677398, 4585437, 1904321, 1904322]
usato	[1449280, 910277]
fingere	[1088869, 990630, 2706263, 2706264, 2706261, 2706262, 1905126, 5198799, 4880814, 4954629]
venditore	[1872128]
ente	[1758490]
edificio	[2213890, 1759547, 1859670, 3219590, 5182237, 2054179, 7044645, 978303, 2416308, 3069272, 7741760, 1137657, 3283816, 2268212, 3343661, 2188987, 2188989, 3351362, 905742, 4430255, 4430257]
obbligo	[1422113]
protestare	[2784692]
valore	[3319143, 1754711, 1796343, 1606313, 2438209, 2887540, 2198475, 4968314, 1543220, 4520, 2895969, 1919313]
rischiare	[1765105, 1445395]
possedere	[2456940, 1759539, 7713791, 2833327, 1298150, 1827034, 7804626, 7322116, 946088, 967786, 967787, 2697105, 895289]
pur	[4849680]
scendere	[5056967, 3297636, 748215, 918430, 4576, 3140674, 2028721, 2028723, 5390399, 2028728, 926750, 991715]
stagione	[4882920, 1754695, 3553387, 4880989, 969345, 417505, 4954602, 399298, 635256, 1004220]
formazione	[1759547, 2213603, 2057131, 2507781]
mappa	[1865362, 1865363, 833616, 384831, 2510344, 2422698]
grave	[1758771, 1775281, 1758790, 2845189, 1082662, 3539205, 1758678, 5288294]
americano	[1250577, 1758450, 872065, 1158659, 966173, 1020297, 3629194, 897089, 475373, 5075556]
fenomeno	[2193268, 1847515, 1846842, 1846945, 3305084, 3787142, 1847636]
gola	[4522628]
sbagliato	[2260956, 715238, 2280447, 978799, 1309738, 3028361, 1758686, 4634870, 351099, 4210961]
registrare	[666732]
crollo	[3601589, 3601590]
fastidioso	[]
avvisare	[1758726, 1758717, 1758720, 1758723, 2023198]
situare	[4933383, 3283788, 3132761, 633171, 5777580, 3529989, 3075956, 391174, 1724901]
notare	[2421233, 1821657, 609493, 1807241, 1853832, 621020, 894220, 5005246, 5005247]
risultare	[1903724, 3257380, 2421425, 2076102, 2231902, 701134]
impedire	[3102018, 1842400, 1833865, 842535, 1540474, 377115]
conclusione	[1865808, 1865795, 1326836, 1758732, 1513625, 1513626, 4895318, 3654930]
amarezza	[3561437]
spagnolo	[1250577, 2510434, 799844, 1505684, 374695, 757423, 772631, 7952814, 790392, 3235531, 373794, 617068, 677308, 425792, 350850, 466593, 626954]
poeta	[1762051, 1873704, 2452284, 359438, 1211170]
foto	[2072301, 2398374, 374245, 430321, 1124827, 1124828, 1154085, 4933795, 1547364, 409415, 5635651, 1328578, 350371, 3769934, 374249, 625138, 350564, 374283, 7716427, 1566110]
possibilità	[2427548, 2442151, 1878618, 3769841, 3769842, 1916355]
traccia	[2212330, 4509, 410193]
biologico	[1903724, 4193164, 4193168, 4193166, 4193169, 4193161, 4193163, 1916324]
scoprire	[1874157, 2466947, 6806456, 2476424, 2151543, 1916640, 4502, 374245, 1775276, 852947, 1461855, 1646130, 2013724, 928141, 1424667, 1424671, 429424, 750020]
contare	[1275487, 626845, 1109927, 1020523, 625079, 1631615, 2415476, 2415477, 2415479, 2415480, 2806014, 2806015, 2806016, 2806017, 2029067, 1631618, 4264257, 5955941]
preside	[]
modo	[1866867, 5563181, 3102018, 3437439, 3437438, 1866684, 1758726, 2056030, 1841142, 2430893, 2426969, 1758481, 2421564, 1915002, 2144702, 2423132, 1130756, 1758457, 4521202, 3266500, 4884500, 3114247, 872065, 3594382, 2423094, 2437234, 3140458, 2213976, 1792217, 1790407, 2797442, 997698, 1766166, 2395631, 1137658, 4874141, 2072300, 4874145, 4874139, 3077925, 6473496, 3503061, 3538878, 842622, 4919686, 1014687, 951926, 2427091, 1295949, 3157128, 380877, 3022917, 2210201, 1730679, 641861, 2427033, 1919347, 2395655, 2201527]
intero	[585784, 1758476, 1803989, 1834061, 4862991, 621047, 1539271, 947745, 7036087, 1583562, 4852731]
rallegrare	[2784799, 2784898]
decollare	[3743981, 3743983, 3594630, 3743980, 3743982, 947446, 947448, 351146, 2269615, 2269618, 1451502, 947445, 947447, 2269614, 2269616, 947458, 947457, 1451501, 3420838, 3420839]
decisione	[1765036, 1758824, 2263934, 1759639, 630482, 2943707, 1415093, 2209678, 874327, 5634024]
deputato	[1758461, 1758748, 1758760]
capace	[1853011, 1326851, 2038223, 626845, 1309161, 4925602, 1310411, 1073983, 1980434, 1004605, 1107157, 1177700, 1004604, 1195310, 1177699, 2808129]
guadagnare	[4553447, 2515896, 2045566, 7980062, 3510451, 4293752, 2277881, 2516017, 777928, 1752151, 2515979, 874314, 3061162]
servire	[3409996, 1754674, 2381951, 1758461, 3020409, 1910192, 3266035, 1912840, 1866415, 1873262, 3679409, 1719685, 7741776, 2708691, 2477732, 2708690, 1049234, 1528396, 1622817, 1300888, 4482137, 1693142, 3364387, 3462874, 4637, 1135814, 1723168, 3518866, 4482136, 3352944, 3352947, 2878928]
comporre	[1730810, 1860326, 3627091, 1220037, 1803855, 1979242, 6276905, 4432, 4403667, 399278, 377607, 377608, 2497598, 859437]
nulla	[3284010, 691447, 2224274, 2479104, 3282575, 1789908, 715166, 1549831, 2438459, 2708691, 844010, 3027007, 4843870, 1797934, 377593, 2224323, 2785940, 839283, 2495754, 708275, 750721, 2334292, 2209372, 3666340, 2439903, 625071, 1916577, 818142, 2784818, 2784886, 2784851, 627200, 3488486, 2784849, 3318178, 3462957, 2784852, 568597, 1516087]
divenire	[1326955, 1810949, 2221795, 2435204, 3343528, 1689520, 2231635, 547097, 3067647]
parecchio	[1777057, 1588200, 2195722, 3420373, 4227094, 4684, 1194463, 1194465]
fantasia	[585784, 1084629, 2231635, 2231630]
vespa	[]
incredibile	[1686106, 1722528, 4519, 2516175]
trionfo	[1722528]
fiero	[726988, 726990, 8117069, 842585, 5290709, 5290710, 5290711, 5290712, 4274621, 4274624, 4274626, 4274629, 1007520]
assicurazione	[350327]
stomaco	[2282386, 1915002, 1722431, 1343958, 2993496, 607412, 633172, 3477409, 3477410, 691418]
furto	[]
dieci	[1864943, 1730810, 622290, 382173, 3114247, 2915579, 4922688, 1860234, 499891, 5489060, 840484, 3121426, 899252, 3105907, 951608, 969401, 3901238, 861761, 2028978, 2894435, 3070986, 5980144, 2893629, 5387137, 3765017, 1500786, 2429167, 719378, 1107157, 1308413, 1802057, 1802059, 570386, 1101806, 3011657, 3011658, 2455937, 1507880, 1718277, 621730, 989826, 1552025, 1552026, 701138, 1358698, 2196487, 2459067, 1275322, 3849962]
invenzione	[4542501, 3120669, 4700345, 3131837, 374605, 7713787]
nido	[5172283]
pertanto	[740368, 948080]
avvocato	[1845042, 945463, 4971462, 908574, 2804509, 4137975, 4137966]
responsabilità	[1422113, 2213980, 2057137, 2213976, 3547997, 2057199, 3411168, 585787]
ambientale	[1329316, 1754707, 2430725, 1535723]
laurea	[5683687, 3372781, 621177]
imbarazzante	[]
garanzia	[4974539, 3296530]
furbo	[2474495, 3094002]
ammirazione	[4853058, 5562484]
fisico	[2426969, 670805, 3264115]
composizione	[]
pianeta	[1208114, 1908628, 3631492, 3632695, 1616478, 1616480, 3711321, 382269, 769969, 1647192, 3008223]
noia	[1905694, 2796312]
infelice	[2035254, 2777660, 2224299, 2777659]
schiena	[6217530, 1529406, 1529407, 2494290]
gemello	[385094, 2716597, 3075969]
duemila	[3222104, 1880206]
termine	[2443751, 1754707, 2056030, 720451, 2144702, 1759594, 2031652, 946147, 1834075, 1806520, 756461, 3754509]
coccodrillo	[2196496, 2417303, 1063967]
presentazione	[2510606, 1250946]
cosiddetto	[1759560]
limite	[119949, 2209652, 664407]
origine	[367967, 1735655, 1325453, 1735650, 1032552, 1735646, 2092473, 3665284, 2845661, 1767458]
recare	[1810949]
antiquario	[6162572]
afferrare	[2485358, 2485370, 1719958]
atteggiamento	[2428407, 2427736]
crisi	[1866684, 1826754, 1869319, 1758461, 1867098, 3030588, 1867166, 1867073, 1865863, 2440411, 2416904, 2212272, 2050233, 3067300, 4985308, 3290750, 410122, 3067163]
apparire	[4937226, 3410526]
quattro	[1776935, 382173, 2807930, 1546743, 590611, 627736, 1742437, 1742436, 3758324, 2596592, 2596590, 2031500, 2596588, 2028578, 1552032, 2383867, 1124072, 6853206, 2206043, 2485348, 1275263, 6559599, 969345, 377220, 3608434, 629217, 4159182, 635256, 1004220, 836570, 2028700, 2485340, 2056123]
ufficiale	[2059890]
discutere	[3279431, 3030588, 3030608, 3468526, 1083154, 1578750, 2272349, 3274784, 3538511, 2746659, 2784674, 1765961, 672402, 612763, 699601, 5513809]
vita	[2187674, 2442151, 2189318, 2426659, 3264339, 1874163, 2213890, 2437168, 4916982, 707735, 1765105, 1765098, 1905694, 1002114, 2585784, 1087204, 1714801, 1714799, 1718953, 1867098, 3530074, 4882920, 1867166, 1867073, 1317427, 2031473, 1867034, 1032489, 2291749, 891856, 2195736, 522515, 2438188, 1859680, 2038223, 903213, 3392518, 2227907, 4862991, 1866496, 2426662, 1032552, 4440, 1196995, 351151, 4525800, 2797440, 2827888, 3280643, 2437728, 414471, 387325, 1522588, 1158654, 1866472, 4407, 1549892, 1697719, 2241842, 5689294, 2056577, 1204380, 2398223, 2056562, 1541390, 2407676, 4944640, 2745219, 2745221, 2745223, 2745224, 5658789, 5889093, 4462132, 7741769, 2278379, 2430433, 4922694, 374223, 6173283, 4394262, 1444371, 1445395, 662895, 376697, 625079, 1652048, 6933326, 4953746, 2137491, 2510609, 828694, 423654, 1588699, 3561386, 1509481, 1509504, 969610, 836264, 3951012, 694833, 1204378, 1988983, 5228057, 1850535, 2440528, 1435354, 1000918, 3537075, 3305074, 1760481, 1222368, 670798, 1107122, 3963223, 605383, 1754643, 3548501, 3548502, 4478, 4572, 524815, 3877209, 2923698, 3877208, 569338, 2201503, 2497706, 1250545, 1136196, 1136198, 2485370, 1282561, 5071027, 949501, 836263, 2485412, 5205697, 5205698, 7529369, 5586797, 2733911, 5161003, 4473, 4610296, 612251, 2260011, 1222366, 1222367, 6322617, 6322616, 4469, 914313, 3269660]
spostare	[1081564, 2213613, 1664836]
legge	[4886413, 1402476, 1402503, 737591, 1546743, 2433677, 2092829, 1227995, 1083154, 1471973, 4752953, 2433621, 1257659, 3293882, 3692742, 3692744, 3692736, 3692740, 696967, 3692741, 3692743, 374182, 3692738, 374183, 6933255, 1789871, 1157988, 1809398, 2752448, 2752450, 3573647, 3573648]
mostro	[1391473, 1101567]
fosso	[3391582]
somma	[4567, 3105907, 774743, 4099065]
liberamente	[1857161, 715201]
mondiale	[1329025, 3534495, 1349533, 3093976, 1152804, 2575471, 1411785, 2575516, 4634765, 1636982]
affilare	[1751831, 3898277, 1137480]
foresta	[635333, 2440229, 2057313, 2430214, 2435170, 2435851, 2420923, 7741770, 5962427]
incidente	[2209462, 3275472, 2242034, 859563, 1689520, 3069275, 632224, 1588097, 1957895, 1957883, 350429, 2746436, 2189192, 1957879, 1085944, 756609, 1330579, 1000996, 3641923, 3666340, 3666341, 1957877, 716464, 612176, 4595, 3140986, 395554]
inutilmente	[]
familiare	[1867098, 1867166, 1867073, 4394262, 1721932]
trattare	[524257, 1758497, 2076688, 1765096, 1755067, 3301831, 2280463, 2449499, 2439010, 2195113, 2162806, 2022854, 2217608, 1964616, 2421435, 3260860, 3260861, 3375704, 979582, 2219213, 3338965, 1005604]
apertura	[2437991, 1795478, 3316553]
mancare	[1758497, 1758450, 2456875, 1429394, 1273290, 1607389, 1311326, 1086321, 842594, 3498981, 1475297, 5459604, 4413, 6163487, 1402246]
ingegneria	[4750138]
fogna	[1874159]
radicalmente	[1718953, 1867382]
capitale	[2459399, 3219590, 5127392, 993734, 3749157, 3749158, 3548095, 3547314, 389488, 3345484, 1309611, 753305, 391156, 609103, 2193133, 860571, 435558, 940160]
inviare	[585784, 632170, 1791881, 1791889, 7716427]
campo	[1329316, 1768303, 4884500, 2063026, 1754687, 2057126, 1142962, 2777666, 2467343, 2467346, 4314852]
eccellente	[2283572, 2474361, 758839]
mediocre	[2632781]
porgere	[2429753, 2429754, 2429756, 1795566, 3103969, 3672186, 2057313, 763698, 3351033]
perfetto	[996082, 4883579, 380199, 4766535, 908672, 5781319]
convincere	[3297577, 2213831, 2438209, 641631, 5166381, 5166379, 2493749, 2510379, 2784746, 2784748, 1834041, 2784743, 6368151, 6368146, 966188, 3754263, 702824, 2420352, 4956642, 1750601, 1750603, 2510699]
bastare	[1152804, 1765095, 3266035, 3288146, 4884540, 610070, 3252887, 2209460, 2407687, 4984418, 1219267, 3252738, 2196541, 1767258, 4998949, 4064155, 2479153, 1619207, 1767445]
confronto	[1853095, 1173429, 1108875, 1912818, 2195967, 1912817]
seguito	[2466947, 749452, 2121642]
concludere	[1765053, 5753126, 1803650]
maestra	[2195736, 2453159]
applicazione	[1166632, 2132684]
costituzione	[637196, 2988232]
arduo	[1758487]
pancetta	[3779038, 3779042]
poster	[538991]
barriera	[2437218]
atmosfera	[4829573, 1208114, 876779, 4974465, 4974467, 860585]
decorare	[2152280, 2189454]
riversare	[]
sintomo	[1265056]
folle	[2585784, 2231647, 6216960, 2231635, 3108596, 1228491]
disposizione	[3548210, 1865863, 1878239, 1878220, 1969480, 1152812]
regola	[4829515, 2277251, 1847942, 2797505, 3003280, 1872727, 4070815, 425561, 3410475, 3410477, 569549, 4585437, 1614081, 1938398, 3655097, 2264896, 5860624, 1809398, 2199952, 2199954]
sostenibile	[1833854, 1677491, 1677492]
scherzare	[2272319]
sindaco	[1022999]
concentrazione	[2442466]
trasformare	[1329316, 1866684, 417557, 2435204, 1965622, 379771]
sciogliere	[987859]
scappare	[620741, 712905, 1468976, 614907, 5663285, 2020369, 2020376, 2421338, 2209692]
comunicare	[1758832, 1758803, 1758796, 1758806, 1878306, 1758819, 1758802, 1758850, 1758844, 1758828, 1758810, 1758790, 1758836, 1758847, 1758812, 1758824, 1758799, 3352980, 2315814, 6592966, 1810148, 1758783, 1758788, 1758785]
matematico	[417557, 6217355, 385835, 385837, 1246939]
proposito	[1124114, 1083284, 1226506, 1261620, 869661]
quotidianamente	[4434530]
cruciverba	[3268774]
scorpione	[6871878]
rendere	[2421233, 1856712, 2426824, 1765100, 1842400, 1842375, 2456170, 1842426, 5083042, 4884540, 672098, 3392518, 2381764, 1465931, 1719412, 2224256, 4309739, 4309803, 5658789, 5889093, 3380893, 2422630, 4309785, 1668171, 3257357, 633849, 1200979, 2263661, 707528]
candidato	[2433713, 1739764]
abile	[1326955]
tipo	[3410472, 4837106, 522515, 1326851, 4922710, 3426024, 5467441, 2844822, 1636766, 5833538, 1758785, 5053629, 5833537, 1766150, 5833536, 2733911]
vincitore	[1265197]
secolo	[2575471, 1313205, 2028576, 3030501, 3841610, 7529372]
inciampare	[3305074]
altrimenti	[3279431, 2068454, 1321417, 5333682, 880158, 1633225, 7775114]
categoria	[5563181, 1368167, 4841388]
tedesco	[1250577, 3268646, 2193459, 2863868, 2430886, 2433523, 3406971, 1878553, 508079, 4865651, 3290716, 3297615, 1853823, 3118017, 1411785, 3641367, 430291, 426111, 2974624, 569301, 414471, 999022, 5428365, 4882888, 2587740, 508077, 3218046, 2260900, 3162309, 1741352, 5540977, 2695411, 7034719, 2465360, 2458125, 1848319, 1848351, 647135, 3026875, 379753, 1741477, 6559770, 481707, 379746, 791273, 3548926, 2215246, 1485704, 1485706, 2509878, 3773211, 1485705, 1485707, 1719099, 2500119, 5995595]
offerta	[763698, 1978571, 1889164]
qualità	[3319143, 1796343, 1758726, 707735, 3030608, 1916331, 2334292, 565761]
soddisfare	[883118, 2917018, 2917019, 4953267, 7783813, 6034780, 3284165]
ricerca	[2274678, 1995041, 3000700, 1735650, 373843, 1857421]
lato	[2442151, 2427736, 1219267, 3540779, 3540780, 2428284, 4190254, 2268212, 845706]
rivolgere	[740368, 2427736, 5507265, 430318, 4529, 4267531, 2784865, 2219217]
posizione	[3102819, 1758819, 1758828, 634164, 1012512]
straordinario	[2189454, 2189484, 1792217, 1790407, 2449761, 2189466]
permettere	[2437991, 2438139, 4886413, 1758513, 2456940, 1166632, 3537429, 1545379, 637445, 1298150, 1759648, 2031495, 2175231, 383923, 4937333, 1073264, 1100426, 934975, 1548450, 569549, 6697582, 1471242, 2226870, 7938132, 2914184, 1169480, 3011006, 3566763, 1785074, 4733694]
tale	[1776893, 2090607, 3102018, 3437439, 1758484, 1804000, 1735624, 1758471, 1763879, 1720040, 987587, 1765078, 2057131, 1755036, 1758819, 1766132, 1754975, 1834063, 1228469, 1309161, 350429, 2797476, 1754624, 1720009, 4570]
invito	[1467725, 2784760, 1561778, 1720850]
misura	[2437168, 1853138, 3529062, 2381827, 4878322, 2128681]
minore	[2442466, 712724, 945463, 918434, 622691]
però	[3347129, 3347128, 3347127, 3347125, 1662750, 1765080, 2057121, 3659495, 1979289, 3537429, 1758832, 4522, 2160165, 4402, 7322127, 1574453, 2980669, 3334242, 3334244, 3334245, 3334246, 819795, 4620, 1574451, 772631, 7915344, 3437419, 3437420, 2896342, 1980434, 2703725, 2703726, 2703727, 2703728, 2484585, 7915342, 2969943, 1189568, 1467417, 2132688, 2132689, 4032643, 1767184, 1922061, 3154520, 1649806, 1805375, 4247675, 2681889, 2681888, 7349900]
sovrano	[876868, 419087]
davvero	[1754705, 1758493, 3360811, 4417546, 2444140, 1765084, 2090474, 2383804, 1514736, 3493702, 3364400, 2224269, 673186, 2433794, 1916870, 1310411, 1905126, 1759642, 4816129, 3109767, 2844822, 4420453, 1000834, 842594, 2516873, 2516871, 4905427, 2516870, 2819401, 2819402, 2819403, 2819404, 965305, 965312, 1218045, 4387412, 1758692, 4313895, 863663, 698562, 1856608, 842616, 905708, 1273451, 1273452, 1415092, 2865371, 5172995, 3869393]
interrompere	[2152280, 869682, 3358335]
scavare	[3021788]
settore	[1759552, 1759539, 3641408, 2193254]
competenza	[1759555, 2430747, 1758450, 1759594, 1759539, 1759542, 1759536, 7713791, 1252663, 1198871]
strumento	[4886413, 2205998, 1869319, 3264167, 1777057, 1754975, 1347646, 2477732]
immediatamente	[2440229, 2029086, 2729703, 3265044]
usanza	[2197529]
avventura	[2437728, 1187890]
litigare	[3157760, 1512391, 6367947, 1681090, 2784733, 2784731, 716427]
orale	[4518]
massimo	[1335588, 3268828, 2575471, 4841388, 1803977, 2206043, 2215457]
professione	[5489729]
finanziamento	[3000700]
cittadinanza	[2054194, 3162309]
esercitare	[2443782]
successo	[1853095, 1853110, 1853101, 2428407, 3690971, 841779, 1853133, 1662750, 1865863, 3352992, 1786046, 1786040, 6592967, 2198200, 1312501, 1461818, 350988, 4901230, 6765902, 6581508, 897436, 2480095, 1836834, 3264383, 969386]
risparmio	[4420931, 2416284, 3331359]
funzionare	[1850373, 2056101, 1850317, 4513920, 1578376, 1879191, 3490941, 4316962, 2076623, 5469596, 5175653, 5175654, 412808, 4933358, 4917024, 666738, 2780065, 1183028, 3029291, 1198812, 1198813, 1840935, 1833988]
media	[3030588, 1546743, 3030608, 933183, 951608, 1184294]
unico	[1762755, 1329316, 2585784, 3622495, 3290716, 4832004, 3352814, 7812126, 2207159, 2038223, 2426915, 4832008, 3282575, 3282576, 2381764, 1101583, 839352, 2383804, 1286667, 1738960, 1754933, 1794926, 5540977, 3671541, 531538, 1108103, 3607336, 1152730, 1330821, 626961, 1768315, 3338022, 3754263, 3654930, 852704, 4463712, 409647, 3671538, 5501589, 3572365, 905670, 2189281, 5501591]
vivace	[1866867, 3257380, 3542068, 3542070]
adolescente	[1806190, 2197366, 1512391, 2028586]
tirocinio	[]
stipendio	[997750, 945463, 1106270]
coraggio	[2187674, 3607212, 1754671, 1765098, 2193459, 1637435, 1637442, 2263934, 2430122, 3519830, 1797919, 1803337]
difficoltà	[2426163, 2426537, 826573, 3469651, 353416, 5830473, 399865, 670024, 2206041, 3421487]
cieco	[1689520, 5597630, 888028]
manuale	[5027352, 2455983, 2456034, 2456010]
accettare	[4882920, 4484103, 4484104, 4984418, 1860237, 1579154, 839417, 6571356, 1543528, 1889164, 3053668, 3053671]
promettere	[2443751, 1758735, 503218, 1873262, 4407233, 538981, 1512641, 1833812, 2072391, 876786, 5503612, 5503613]
festeggiare	[1158659, 1786040, 1429116, 2226958, 2088626]
scottare	[2885659, 2885656, 2885658, 2885660, 2885662, 2885663]
specificare	[3162241]
cento	[1864943, 622290, 1853011, 3632698, 1275487, 1389686, 1316970, 637438, 6315278, 6315279]
traduzione	[705759, 893711, 1505684, 2421639, 1100099, 1100100, 2421618, 4904663, 822790, 3338965, 1329942, 3527964, 3264194]
amicizia	[2442151, 2206037, 2438482, 1548310, 1465145, 2232933, 7322124, 3048952, 3437739, 3352948, 3626130]
cordiale	[2417941]
oggigiorno	[1754705, 7321573]
desiderio	[1087204, 4922688, 2976981]
popolo	[3284010, 1321501, 3283324, 3283325, 1795486, 2010182, 1763974, 2283512, 3296228, 1645575, 979567, 4564806, 3671585, 1020297, 2419129, 577087]
immaginare	[1874159, 903213, 1827935, 1677682, 2192032, 2440528]
apatia	[631242]
psicologo	[1869319, 1578295, 1415894]
settanta	[622290, 2055925]
interessare	[1806190, 1758723, 3264118, 1821657, 3264117, 2782287, 2231647, 4394332, 979582, 2835100, 4258040, 806730, 374205, 5559395, 2784825, 2038716, 4075159, 2934134, 610560]
fattore	[1853095, 1853110, 1853101, 3530074, 1865863, 3298100]
premio	[1265197, 4933426, 7741762, 966474, 3769934, 841393, 5705784, 5705785, 1692852]
pietra	[1903724, 2584360, 2435204, 2128774, 4542464, 3615623, 2420398, 3392420, 1536802, 3282151, 1181546, 3021788, 1238855, 3470211]
denominare	[3627091]
ricostruire	[3607212, 1874163, 1758487]
buco	[609493, 2412089, 3477389]
ricetta	[1722491, 2898231, 4901230, 6162170, 929358]
saltare	[2805718, 2970925, 3282453, 3307383, 1184941, 1199638, 1016431]
verità	[1326955, 3319143, 2209462, 2459729, 3345455, 6954345, 2209370, 1775276, 3131837, 1510846, 1633225, 3490900, 1816903, 3321189, 1611538, 2863498, 1676955, 4940848, 7867607, 1842361, 4922715, 1743129, 1775198, 1775201, 1751826, 646995]
privato	[4537, 1765078, 1859680, 1910191, 1866496, 1866472, 4462132, 4394279, 4394280, 4394282, 4394284]
estivo	[2440229, 4787746, 852660, 781727, 1979721, 6563956]
bussare	[3307420, 2232838, 2393012, 4986390]
continuo	[3030534, 2443782, 1754937, 1722698, 3676239, 3140986]
comitato	[740368, 1860234, 1860237]
gratuito	[]
economico	[1329316, 1329025, 1349822, 3529264, 1869319, 3030588, 1803893, 987587, 2416284, 1876248, 2212272, 6000632, 3067300, 819795, 1912731, 1655235, 2198140, 762845, 1285130, 1701505]
abitante	[2433523, 3114247, 5028821]
robot	[609456, 3314119]
spostamento	[2213603]
salvo	[3516661]
esprimere	[2428407, 1776999, 2797466, 1803855, 1826046, 1106310, 4853062, 2934781, 377556, 3116472, 1525535]
talento	[1873704, 2127898, 3409758, 3779124, 1847088]
prodotto	[3319143, 3410472, 1754674, 4420949, 835231, 1767251, 3373738, 1794586, 2510327, 395564, 2728287]
lottare	[1864943, 4869038, 2335211, 3044958]
migliore	[3319143, 1856712, 1869319, 1908628, 1130916, 1171403, 5337696, 5337698, 5337697, 4892570, 5337699, 3594382, 3392518, 999880, 1227995, 2196541, 2430386, 3800596, 714395, 2193369, 1505703, 6849837, 3175614, 2239653, 3219090, 1038411, 2784823, 3187883, 867719, 5546181, 1020466, 3398372, 1226637, 2090476, 6612307, 1020467, 1000223, 2719635, 4262546, 620664, 2784884, 5161003, 3517723, 3488311, 1477720, 7806219, 2189050, 3545610, 1807093, 2352931]
madrelingua	[3257380, 6034311, 6034310, 3406971]
comunque	[5337696, 5337697, 1763972, 1772881, 381915, 946696]
comportamento	[1780965, 2771914, 2771915, 4892548, 1003860, 1003858, 614344, 1055750, 1055751]
lusso	[3566763]
sociale	[2437991, 1765107, 3529264, 1758471, 3297577, 1803893, 3300038, 1803899, 1762873, 1082662, 1541390, 1549946]
attimo	[624971]
libertà	[3607227, 3163667, 3030608, 3751736, 399329, 3565349, 3343656]
notizia	[1758771, 1772889, 3069362, 2514211, 1758806, 4900533, 2784606, 3026908, 1765039, 1856673, 375246, 381952, 1928042, 1239608, 1239609, 1239610, 3663624, 968050, 968051, 968052, 968053, 968054, 968055, 968056, 968058, 968059, 968060, 968061, 968064, 1927931, 1858106, 4687, 988106, 2514257, 758834, 3655156, 3655157, 707528, 1647697, 3364477, 3364472, 1508538, 1508539, 1927929]
riflessione	[2213890, 1859962, 3030472, 2484326]
ostacolo	[1776893, 2426845, 1842375, 1842426, 2426915]
sottrarre	[]
dato	[727003, 668049, 393854, 1766542, 1754963, 1516826]
circostanza	[4902352, 1816903]
sudare	[3317955, 4266289]
specie	[4886413, 920664]
pralina	[996850]
indubbiamente	[1032489]
vestire	[2426969, 5550381, 3039649, 975378, 486239, 2028978, 2342221, 4919686, 872051, 2808344, 2808345, 382131, 541736, 635780, 622240, 5649623, 1019957, 1019958, 4835411]
manifestare	[749452, 1444212]
quantità	[3437439, 3437438, 1859690, 664391, 1269386, 2943719, 1916331, 2334292, 565761]
danneggiare	[668049, 2449136]
rovinare	[876779, 2050233, 6276999, 3548501, 3548502]
spina	[664230, 4403667, 2449136, 1507057]
bellezza	[2090607, 4916982, 4542501, 4933383, 2459729, 2213980, 664230, 2213976, 1298958, 1298957, 870395, 3027007, 645577, 1719906, 4954602]
sciocco	[705725, 612037, 2291338, 3266124]
artistico	[3441513]
impoverire	[]
gratuitamente	[4075159]
nemico	[1637682, 2221489, 2221383, 862245, 3408618, 1101811]
trenta	[622290, 919026, 1834069, 1803977, 1020523, 4992801, 4992802, 4376]
russo	[1250577, 3284010, 1854331, 1854320, 3319143, 3257380, 3410472, 3268828, 2510733, 2433523, 3286394, 2426163, 2443246, 2465406, 5428365, 2416308, 3592009, 976832, 7529363, 5501547, 6559771, 5108655, 3235531, 4450, 607489, 375662, 1969657, 1969660]
abbandonare	[1840909, 1840907, 4542501, 668049, 2615821, 1327002, 2078736, 3703814, 4314844, 1368150, 2206041, 4293416]
costante	[1776935, 4567, 2280188, 883369]
congresso	[2283512]
ingiustizia	[6954345]
ottanta	[622290, 3350709, 1083574, 1083575]
paga	[1807312, 1871486, 1871483, 819227]
tavola	[4542505, 2417941, 4504981, 375027]
pazienza	[5010958, 2209670, 1626792, 2209652, 3075005]
massa	[1166632, 1325453]
gentilezza	[761480, 3039632, 1552738, 382196, 965305, 965312]
comunità	[1866867, 1349822, 4422176, 3025401, 1916694]
sporgere	[]
magico	[]
centrale	[1765036, 2126216, 990442, 878861, 980125]
caloria	[]
rotella	[]
infatti	[1806190, 1795470, 2416904, 2456010, 1803354]
cadere	[5338038, 5338037, 3164266, 2435204, 4938515, 4880972, 4895353, 4878381, 1083505, 353434, 4998946, 398689, 5548986, 1867259, 1869417, 6038476, 666700, 691430, 5555764, 511252, 445196, 380921, 374044, 538995, 965727]
preoccupare	[1759594, 2193564, 860617, 2797440, 2784835, 2197464, 1583562, 2784836, 3529846, 1548606, 1803986, 3177143, 395945, 3315760, 1298882, 350420, 2197494]
navigazione	[825809]
consegnare	[5325092, 5325091, 5325087, 2415663, 5325090, 5325094, 5325089, 5325093, 5325086, 5325088]
distinguere	[5098950, 3672186, 1158358, 1438610, 715238, 1438609, 2716597, 1405149]
cacciatore	[2510400, 7223173, 874307, 7806219]
tradizionale	[524257, 3283324, 3283325, 841101]
allarmare	[3369956]
ringraziare	[1402851, 1005871, 883111, 389498, 2574977, 3681329, 5571385, 382406, 2430414, 2784664, 2229416, 2784611]
allenare	[5739288, 1809181]
successivamente	[3284010]
evoluzione	[1737231, 3664587]
mortale	[670805]
purtroppo	[1754705, 1850373, 2193459, 1850321, 2402142, 1850333, 2209367, 1850353, 1833865, 1850343, 1850317, 1758832, 2124137, 2516017, 527175, 1853835, 2515979, 3011006, 2745723]
determinare	[833533]
specifico	[1759552, 3264118, 3264117, 849245]
sognare	[410190, 2227393, 1635004, 1720125, 2784739, 2785028, 388819, 3106333, 1585648, 3264170, 3264171]
calmare	[]
esporre	[4295974, 900413]
comunicativo	[2456034]
incuriosire	[2485408, 4544715]
critico	[]
fa	[6217863, 1097894, 2797510, 2193250, 3504894, 717823, 3663850, 2430136, 1578023, 2421175, 3115273, 2475664, 1538422, 2429167, 2383867, 375272, 2420287, 3630640, 2752336, 1275263, 376708, 1252630, 2242043, 410580, 867355, 1751829, 772495, 1295804, 3368822, 5487983, 2169683, 2510343, 666771, 934491, 3368821, 2196487, 3849962, 2031492, 1252629, 1881389, 2227579, 2233612, 2233613, 2233614, 2233615, 704851, 4738068, 4738069, 7032317]
architetto	[1859670, 1859674, 3531104, 3531105, 2416308]
dirigere	[2428284, 7713790]
intuire	[2038912]
concessione	[1758490]
ultimamente	[2189466, 374186]
stimolo	[2437991]
limitare	[2187674, 3410472, 1758726, 1758735, 1851297, 2187627]
attribuire	[1265056, 6843320]
articolare	[2426163, 2426537, 2426567]
vizio	[1401354, 937680]
ricercatore	[2437684, 1846952, 1846945, 1846947]
indispensabile	[1795486, 1796055]
riconoscere	[1759560, 3116608, 4908190, 1759539, 1574453, 1574451, 3440267, 2042318, 3014828, 2465360, 4922715, 1699893, 1699894, 350564, 374283, 2948042]
bimbo	[]
raccontare	[2090607, 2176933, 2209367, 2209370, 2485408, 2209365, 3334242, 3334244, 3334245, 3334246, 610738, 2209368, 1202641, 1655243, 3872505, 609598, 904463, 3751789, 3070751, 3542806, 3542807, 1516789, 997925, 410827, 612694, 3059136, 612728, 1549143]
indagine	[4829573, 1805712]
richiedere	[3437439, 3437438, 2430725, 1755067, 4829515, 3264167, 2170368, 5027352, 759863, 3053424, 948073, 946656, 1780965, 5594675, 2054194, 2069173, 2930354]
aumento	[4567, 1766542, 2448016]
smettere	[2196471, 3410222, 759863, 383777, 380883, 938869, 1525878, 3343650, 3369600, 991713, 975430, 3650563, 2784596, 1559768, 410223, 947497, 3650564, 2055847, 2780065, 908608, 602491, 1387197, 1619207, 4940640, 3641106, 4847878, 6712210, 6712211, 2102494, 1182993]
rispettare	[1795488, 2092829, 4853062, 3545639, 399291, 5534295]
tradurre	[3409996, 417557, 2430893, 5398886, 813564, 1459938, 1936772, 1936775, 2421639, 840675, 3290944, 385165, 818139, 2207123, 2587740, 2201332, 1457341, 3026778, 538999, 602109, 3531178, 522525, 906431, 538981, 3265050, 3497761, 3497762, 2575632, 3067582, 4642525, 4642526, 6896856, 6896900, 2688101]
sistema	[1758493, 3222104, 3529062, 4420599, 1754996, 2456000, 1578376, 2217608, 3711321, 6606471, 1309751, 2151454, 2943707, 2217611, 1834049, 3279900]
dimostrare	[1765098, 861698, 1762873, 1859693, 2430335, 4551848]
casuale	[5137060]
fatto	[3257380, 1765073, 7713789, 1758493, 3631492, 1833865, 3343494, 2461103, 950273, 410580, 3269735, 632058, 1272194, 1272195, 1765090, 1073255, 2078754]
raggio	[1776893, 2221795, 4922744, 3369956, 2845661, 2794238]
arrivato	[5465970]
continente	[2419072, 1018313, 4649273]
questione	[1763977, 2440516, 2163418, 1754638, 2215022, 2487363, 3022744, 1754616, 2867846, 2867847, 2210223, 4558, 5373248]
ombra	[3317955, 2176933, 524214, 380759, 3145539, 3282453, 2450358, 3262861, 1549896]
comportare	[1758713, 975378, 486239, 6473496, 3503061, 1979232, 1633835, 820375, 886420, 3057146, 3691836, 1518558, 1914809, 5385343]
pessimo	[2272165, 2407648, 2909017]
sette	[2152280, 1866684, 2459399, 382173, 4856273, 2500393, 1964663, 1567464, 3328668, 1052664, 1457341, 947446, 947448, 378137, 2196511, 947445, 947447, 6173283, 378139, 378132, 2745042, 2745043, 382186, 1547370, 1132138, 382182, 656315, 382187, 839359, 6559611]
apprezzare	[2198475, 1227329, 2137491, 2383716, 2383706, 1765440, 4668, 965305, 965312]
vulcano	[500255, 3461759, 1242463]
psiche	[4920805]
informatica	[1416105]
rispetto	[1980046, 839417, 3511672, 1337551, 2947860, 5419200, 1919313]
disturbare	[418987, 1828256]
magnifico	[]
burocrazia	[2402142]
curare	[4922687, 2793229, 3175365, 1516915]
sacrificio	[1321501, 1514736, 1765440]
gara	[3104090, 1062219, 1636976]
nascita	[1806190, 1758737, 913483, 2437728, 1275305, 1758741, 706148]
preso	[1777062]
consigliare	[3365070, 527178, 350630, 5333682, 2230797, 3650563, 410223, 738214, 3855952, 1566477]
richiesta	[1766132, 1758702, 350371, 946823, 6034780]
uso	[2437991, 1758717, 399343, 4925416, 2442466, 2383697, 2031513, 1794586, 907081, 1528510, 4922299]
violino	[5572722, 2743820, 351824]
assieme	[1762730, 1577853, 4377786, 1931689, 3576088]
ampio	[2437991, 2429754, 2076688, 2224309, 4880931]
fermare	[1755056, 8562551, 2433650, 3412654, 2268226, 2209678, 865356, 8010333, 829268]
scienziato	[1846842, 3323738, 2057128, 2434724, 1513122, 373521, 2801253, 2829384, 7583512, 1258256]
dubbio	[1461833, 4915198, 2426915, 1321417, 2057126, 1239518, 4915150, 4922682, 4583640, 380759, 4583641, 4583642, 1531938, 1239608, 1239609, 1239610, 911056, 7705096, 1198871, 385133, 1531937, 7775148]
cambiamento	[1903724, 1859679, 2056030, 720451, 4882920, 2057313, 1754699, 2328756, 2779953]
recuperare	[947552, 947553, 5074038, 4520, 947557]
altezza	[2152280, 1860326, 627237]
rivista	[1831638, 3026803, 2501327, 3057572, 6784153, 6784154]
fornire	[705759, 3007210, 1805712, 990442, 2433717, 3339234, 1687448, 3257383, 1291154, 1291156, 2216680, 3859017, 700433, 1775077, 2577344, 2216677, 2216679, 839861, 903229, 1766150, 2578674]
capacità	[2437991, 3264339, 2456940, 1842400, 1758450, 2427303, 2438475, 1859693, 4933431, 2784746, 2784748, 1340354, 705769, 874413]
gesto	[2510168, 1323807, 3858337]
cacao	[2429163, 538988]
crescita	[2574689, 1826754, 2428407, 1317427, 2219163, 2416284, 3400449, 1677491, 1677492]
produzione	[3529264, 3530074, 393854, 1226509]
abitudine	[1845780, 2436620, 4908210, 4564806, 1295830, 955236, 955237, 2523760]
sguardo	[3233446, 4528044, 2417324, 4922680, 438669, 4962374, 3550213, 3550214, 2440453]
forza	[1402476, 1758484, 1402503, 1758487, 1758463, 2193357, 1645575, 1916290, 4876103, 2231535, 1809963, 3692755, 1916324, 1916346, 1916340, 1916331, 3951012, 1764874, 3420439, 2005035]
carattere	[2430725, 2430747, 3222104, 715316, 3027007, 3409758, 379320]
comune	[1329316, 3534495, 3297577, 1152804, 670815, 1754996, 670805, 1806206, 3045022, 385094, 5467441, 350429, 1544036, 3003443, 3003442, 3003300, 3003301, 3003302, 3003303, 3465199, 3003296, 3003297, 3003298, 3003299, 3318178, 3318179]
scolastico	[1803983, 653791, 2201230, 3414305, 409295]
quotidiano	[2213890, 903213, 3102126]
settimo	[5466799, 2514302, 1932760]
ininterrottamente	[4540836, 3621241]
basare	[3385724, 4420599, 1964322, 1200965, 3269735]
irlandese	[1250577, 3119200]
certamente	[893711, 758446, 2430136, 631242, 2434724]
vivo	[2426659, 2437168, 1754705, 4422176, 418761, 1309622, 399814, 2272536, 1763968, 2980669, 2825173, 852109, 4585677, 3716033, 3233308, 3233309, 1666761, 399329, 3401340, 1775373, 2864909, 1517071, 900046, 410250, 2700412, 2700414, 5046780, 2418825, 632249, 6374994, 3538666, 2218545, 6322620, 6322621, 6322649, 2864908, 4455490, 2191923, 7908484, 7908485, 6616421, 6160145, 2914756, 1137306, 1504303, 7184926, 3314103, 3314104, 2687297, 903222, 632388, 3230734, 376530, 3809228, 3784837, 3784838, 5996376, 3620819, 6446044, 5643020, 374437, 374441, 6158261, 4952142, 6616420, 3008223, 965293, 5656816, 4876782, 4876783, 928141, 2773886, 2773887, 691730, 3083457, 2019970, 2706958, 2187356, 413274, 5161012, 1326994, 2791565]
rinunciare	[2426163, 2782350, 387334]
profilo	[1461855]
agitare	[2221831, 2221809]
eccezionale	[1842400, 1792219]
scientifico	[1874163, 2421564, 3314117, 1032552, 2461094, 1811345]
caso	[1762755, 1857161, 1257065, 1792227, 841101, 1722431, 1848411, 350327, 388787, 2090471, 756478, 988481, 759439, 759440, 1588671, 1128664, 5703076, 883111, 4521, 1300699, 5380732, 1614081, 1006622, 822954, 632989, 1209097, 1088897, 7723658, 1437207, 822955, 3373326, 905733, 350372, 1437208, 691724, 691726, 1115098, 1649761, 1516087, 373702, 1437205, 1437206]
trucco	[1520712, 4380077, 4380080]
aggiunta	[1804000, 3105907, 2850400, 2850402]
calcolo	[]
causa	[2431187, 1754703, 1995041, 3275472, 2442466, 984720, 4572925, 2224321, 2784592, 2607975, 1100333, 1689520, 2198505, 2029110, 2746436, 1418756, 1878265, 3264119, 1224007, 1246849, 2716517, 377129, 377112, 1283374, 992986]
somigliare	[]
ignorare	[4542501, 609493, 2771914, 2771915, 5172873, 5172875, 1566159, 1307084, 5172872, 5172874, 5172991, 5173004, 4874959]
affascinare	[3409461, 3409462, 2197397]
promozione	[3319143]
viale	[5414985]
prova	[3631492, 1265212, 381209, 1758710, 1764874, 3262888]
famoso	[690582, 4830184, 2878523, 1369176, 1666761, 3969577, 374426, 1513122, 2420385, 929384, 3067647, 500227, 3531201, 4473948, 2746663, 4293390, 4057234, 3042482, 411802, 2172786]
merito	[1856712, 1754669]
persino	[2420968]
esperto	[1759531, 5665637, 2193254, 4314852]
codardia	[1321501]
stabilire	[3761070, 2272536]
mistero	[3877208, 2878522]
paesaggio	[2430203, 4962557, 2381764]
bilancio	[2189070, 2050233, 1168038]
malgrado	[3093976, 2196471]
percorso	[1874163, 1759594, 2426845]
tecnica	[1758497, 1226509, 1611737, 1543501]
svolgere	[3347311, 1765078, 3264386, 3264385]
rifiutare	[4984418, 5333682, 911071, 911072, 4510, 1720850]
grido	[5550381, 706823]
assolutamente	[1854331, 5550381, 2212330, 4932664, 2242034, 4940872, 2499802, 527178, 4407, 2997037, 1086321, 839283, 1009587, 1710212, 4690, 1931564, 2500119]
vicinanza	[2510036, 1838484]
figuraccia	[2068454]
costruire	[1754711, 3421137, 2274678, 2445645, 1578295, 373842, 1763974, 926801, 2887540, 4414374, 3703814, 8417445, 3030501, 3115018, 2452568, 3630640, 851721, 1602255, 4479114, 4969148, 3757485, 1064165, 350856, 3643885, 5556681]
velocemente	[1166632, 2232913, 6112527, 2782288, 880158, 5458750, 375246, 377228, 1004605, 1004604, 2285632, 381152, 1073703, 1880963, 3603830, 3476101, 1512831, 2191948, 5680972, 375645, 3827506, 3827509]
entrambi	[1762730, 1794015, 1794018, 2056095, 2439026, 3468526, 3259521, 900046, 5046780, 4420454, 3671541, 1856832, 4420453, 2129890, 1064372, 3542097, 3350848, 2988869, 2001763, 3490906]
tragedia	[1593465]
utente	[727003]
altra	[2152280, 1907011]
sei	[1978309, 3487076, 3264380, 382173, 1130756, 3360811, 2433713, 1860234, 3392518, 5901582, 690582, 2227882, 5949431, 3416168, 1089224, 772631, 1035844, 2421618, 2028915, 630514, 886328, 3115018, 1520712, 1907111, 3869269, 1147141, 3751792, 968050, 968051, 968052, 968053, 350362, 1009587, 1826034, 3397239, 1722698, 3753983, 4880870, 2076166, 3252670, 1797919, 888028, 1470524, 2436311, 794464, 6600524, 4417, 3415712, 3607587, 1470523, 3572365, 379138, 4473, 6445910, 6445911, 1907110, 351099, 8046177, 4904533, 4620156, 3954228, 1052673, 4932904, 4962354, 3889990, 3676367, 1547502, 1547505, 2128574, 852936, 3083188, 635307, 2721051, 1794723, 5419307, 2510306, 715212, 1080054, 4918797, 4918798, 4918799, 4918800, 2232929, 2551478, 1080052, 6094550, 6094551, 5600765, 4001682, 3334334, 4392, 589636, 374002, 6691623, 1426913, 1426914, 1010914, 8008477, 8008478, 4236541, 1426892, 3614806, 1708390, 7867619, 386778, 1669730, 1669731, 1669732, 1052672, 1491341, 3770959, 7775138, 428065, 1256062, 2927215, 6875079, 1199641, 3532661, 381383, 1767427, 3384998, 3384999, 3056606, 1767372, 2603600, 3013381, 2863874, 883386]
diffondere	[3102018, 2433523, 1264514, 5962390]
gettare	[2433713, 3331650, 3522328, 864999, 998867]
milione	[2574689, 1730810, 1097894, 1114998, 2715783]
prevenire	[3282449, 946780]
regolare	[2196471]
controllare	[1764317, 3622495, 5754244, 4703594, 3063758, 633864]
tradire	[]
sfortunatamente	[3883324, 607365, 2189192]
definire	[1776999, 2144702, 1834075, 2427262]
acustico	[2437868, 946684, 3749218, 3749219]
ricercare	[]
astro	[2090607]
sottovalutare	[755767]
concorso	[4933426]
svegliare	[410190, 6217769, 1567464, 4933208, 5800765, 623811, 1124072, 388060, 797853, 1244007, 984049, 1081053, 866992, 866993]
malattia	[1903724, 2282386, 2431187, 2437684, 1735650, 2437674, 3282449, 946780, 1155631]
cogliere	[3092036, 2056093]
accogliere	[1758765, 3640927, 3640928]
presente	[1765042, 538990, 609598, 609639, 2457016, 917388, 1662448]
britannico	[1758493, 2434624, 872065, 2419072, 1311326]
regina	[399641, 419087, 945253, 2514928]
magari	[]
occupare	[1237872, 3102819, 711482, 3710929, 382269, 975371, 2784624, 378651, 1751834, 852952, 852953, 2055847, 714585, 714588, 2930523, 772728, 1484840, 1484842, 379880, 3534948, 3534951, 3534952, 3534954, 3652897, 2918835, 377152]
finalmente	[3317955, 2443751, 1278503, 1353303, 1720860, 1267731, 5697264, 2056138, 1407674, 1647697, 1116876, 4540874, 4963907, 4963908, 3260873, 3260874, 6034765]
almeno	[3145936, 1825034, 2512722, 4982276, 1326982, 2896149, 1227995, 819795, 2896148, 1330830, 379320, 1611721, 2790923, 750395, 989826, 3769841, 3769842, 3264341]
pratica	[2209458, 2279296, 1296406, 1082376, 506017]
corsa	[2596592, 2596590, 4901067, 2596588, 1570092, 2383461, 5151709]
concentrare	[2427548, 4295974, 2578006, 1783753, 2260956, 1783751, 2784832, 2784882, 3503405]
cioccolata	[2197529]
effetto	[720451, 1853138, 1765048, 1853133, 1904609, 1834063, 4874141, 4874145, 4874139, 3418770, 4831923, 4831916, 4831934, 1856608]
bocciare	[3987348]
segreto	[3264339, 3093976, 4922209, 1964028, 4887069, 2991417, 4834490, 4962347, 2454143, 1282554, 4940872, 2196185, 2280792, 4887019, 1124114, 409855, 927001, 5786408, 3542806, 3542807, 2990777, 6863730, 3676231, 2497706, 965293, 1424667, 1424671]
avviso	[1758713, 1843334, 1758847, 1758688, 1758705, 1758702, 1758710, 1758678, 1758707, 1758686, 1758668, 1758692]
statua	[1049478]
alligatore	[4819837]
prenotazione	[2584787, 759986]
intervenire	[1762755, 1758760, 425511, 2144743, 3022744]
presentare	[1719472, 1838558, 2991417, 569596, 2485741, 2054194, 1687181]
interazione	[2457780]
undici	[399278, 5507443, 1502408, 2055849]
vinto	[2201277]
sottolineare	[2092829, 1759636]
vedova	[2420287, 1341673]
vendita	[1081564, 393854, 2960666]
severo	[1032314, 387331]
intervista	[3406964]
impero	[3284010, 2419072, 5749225]
liquido	[920664, 1827103]
fungo	[2440229, 2440336, 5530064]
provocare	[1859679, 2328756]
biscotto	[]
video	[2793229, 1919189]
personale	[1765073, 1139060, 1763762, 2784746, 2784748, 1449723]
generale	[2213890, 350467, 381424, 621047, 1638090, 4070815, 795139, 2455774, 732632, 3425991, 2687418]
trappola	[3164266]
stile	[524257, 2510606, 522515, 1545178, 2430433, 3338022]
entusiasmo	[1737231, 4915198, 382832]
durare	[7322129, 5572747, 3224658, 3224657, 2829385, 1803977, 3295861, 982542, 1445785, 1943762, 3249549, 4984251, 4665]
manifestazione	[4913004]
svolgimento	[1368154]
dolore	[2421383, 2078779, 1343958, 3264322, 1842620, 935782, 978815, 422481, 1842961, 738658]
avvenire	[1803955, 612176, 1063154, 3745052]
soprattutto	[841101, 3548210, 1449718, 2090474, 896928, 2242025, 2242006, 2241997]
instabile	[1561186]
riferimento	[1856712]
dichiarazione	[1826754, 1850373, 2196471, 2205714, 1850321, 1850353, 1833865, 1752021, 1338583, 2784872, 2746666]
ramo	[4880972, 2445616, 1033101, 2090483, 1851326]
culturale	[1866867, 2144702, 3266500, 2437674, 1847515, 1912733, 1846826]
segno	[2224428, 2510036, 4404, 2845189, 1775050]
percentuale	[3483252]
recente	[3000700, 2003332, 719474, 2384663, 3364477, 3364472]
destino	[585784, 5820136]
ricchezza	[1768303, 1794015, 1794018, 2777660, 2777659, 1239771, 5932250]
politico	[3284010, 1422113, 1349822, 1874163, 1758513, 3529264, 1758484, 1765042, 841779, 1795478, 3316553, 1905270, 1965622, 1876248, 539011, 1513625, 1513626, 1834049, 3755088, 2121708, 971658, 978309, 390673, 724948, 2592134]
lettore	[4886413, 4829573, 4420599, 766244]
sedici	[772631, 758861, 985173]
bruciare	[385530, 1765084, 5291740, 3026908, 715187, 3270928, 377593, 377588, 3401853, 1511566, 476132, 5901662, 1552025, 1552026]
fondare	[2433015]
medio	[585784, 1758771, 1795488, 651039, 350569, 5980144]
ripresa	[3607212]
era	[3283324, 3283325, 2209462, 2010182, 2054178, 2445616, 2212330, 3280428, 987859, 4954359, 1831638, 1834561, 4278070, 2198200, 4244347, 658444, 801729, 2231701, 5800765, 711482, 2984832, 623811, 2438953, 3621463, 2913990, 2913991, 380638, 4723175, 765913, 2342221, 3565360, 3277301, 1083574, 1083575, 2078710, 1083620, 1083621, 2213750, 1319576, 1319578, 2241997, 904461, 2209290, 823445, 3135233, 7196212, 609588, 378651, 1543228, 2416861, 727157, 888196, 3163832, 1013008, 1583474, 3663624, 954909, 3352110, 1574190, 7529373, 7529372, 7783813, 1449723, 2264896, 3223608, 967938, 375031, 425382, 1853809, 382131, 541736, 947852, 3042143, 6779948, 4608, 5444560, 1586916, 904460, 1013007, 1013009, 5444561, 2920649, 5550301, 945445, 5501589, 377166, 626429, 945444, 350283, 6031484, 6031485, 3328841, 387331, 7529369, 3488311, 385087, 4999070, 4999071, 3662035, 3863725, 623013, 425889, 1520717, 2865098]
stringere	[3558291, 750721, 351129, 3558290, 5032052]
servizio	[1765073, 1758467, 5524711, 1128706, 3286394, 3405784, 3405785, 2991417, 3021311, 3761324, 940172, 2991018, 387199, 890877]
area	[707735, 3116607, 1219267, 717020, 2722097]
opinione	[2187674, 2068454, 388814, 1090934, 4853062, 377548, 377556, 4904663, 399700, 3754252, 1578317, 4561, 758824, 3000754, 423778, 3116472, 5022260, 377557, 1416171, 1329942, 1449723, 493703, 571359, 1444193]
viaggiatore	[3284010]
salire	[2090607, 1655249, 1588671, 1309738, 351017, 6592962]
commercio	[1754674, 409390, 852703]
giurisprudenza	[3573650, 3573651]
occorrere	[1765053, 1795488, 1765042, 1759536, 1766132, 1700005, 1767433]
attività	[1874163, 1764317, 3316553, 2943729, 1767277, 1965622, 2439819, 948073, 1806206]
adottare	[612175, 3290927]
associazione	[1020523]
inconfondibile	[4998976]
scarico	[1827257, 1827096, 1827251, 961780]
superiore	[4852668, 409637, 2263463, 716315, 2416293]
contrario	[1758771, 3120669, 2430408, 2463077, 4414, 3437419, 3437420, 1147141, 3251528, 3410477, 1758622]
misto	[4916981, 4922682]
collezione	[3897610, 621740, 1827034, 4553456]
raccogliere	[1762755, 1803996, 588360, 1494023, 585835, 4961675]
turno	[2213750]
particolare	[2456093, 1759533, 741765]
vegetariano	[3700684, 1006711]
criticare	[715201, 7775114]
materiale	[2510606, 995816, 2433717, 2216531, 379608, 2728287]
attendere	[1762730, 2212511, 1014471, 2946567, 1689014, 1767238, 350800]
illustre	[1211170]
meraviglioso	[2205678, 4542464, 2189066, 2055569, 5502994, 1064165, 1785074]
dimagrire	[1916346]
ordine	[2224428, 4417546, 350467, 4962620, 2201371, 2501704, 2140478, 1613953, 993696, 851789, 1517851]
dieta	[4700, 1514736]
abbattere	[992748, 4703557, 432995]
invece	[1737231, 2189042, 2193564, 3352814, 4484103, 4484104, 2903173, 2420069, 2833327, 3302607, 2439082, 1465142, 1802758, 3493133, 713979]
arcobaleno	[1964663, 378137]
rete	[1765053, 2381534, 4537, 2263687, 1806174]
parsimonioso	[]
originario	[967395]
elencare	[2140478]
governo	[1422113, 2443751, 1759560, 1737231, 2189070, 1964593, 3622495, 905685, 2126216, 3671585, 7812310, 2232840, 1444212, 715201, 1511015, 3025380]
accademico	[1326753]
lassù	[1763977]
scherzo	[2784841, 609588, 3269514]
completamente	[2421233, 417557, 2195390, 2421383, 4971260, 4880697, 2434671, 987859, 2418855, 2435170, 2435851, 965253, 3069305, 1137657, 2462580, 4561, 2188987, 2197425, 423778, 1152812, 2018234, 2018236, 2018238, 2018240, 3164823, 2291374, 3699400, 2018235, 2018237, 2018239, 2018241]
necessità	[1857161, 3529264, 1758471]
brillante	[1838558]
emozionante	[1427191, 3435789, 2412248]
proibire	[3860569, 1020591, 1020593]
lupo	[2903173, 937680, 3104050, 628056, 872051, 4711112, 3264240, 984983]
investimento	[1758484, 1905592, 1606313, 1910708, 1803955, 1107378, 822347]
racconto	[3233446, 1196995, 3020705, 2429264]
titolo	[2364212, 6173071, 3264402, 6167273]
scena	[1577854, 1577853, 2430327, 1588097, 954909, 3223608, 836245, 954910, 954911, 954912]
motivo	[1854331, 1806190, 1795566, 3120691, 7124344, 1763762, 3423483, 3355452, 3426024, 2206038, 5683535, 991713, 1928042, 1858106, 350843, 2878807, 1133321]
ideale	[2421425, 2460049, 2421476, 1618912, 7033201]
spaventare	[3375704, 2433650, 2422772]
comunicazione	[2437991, 2456093, 2193268, 2456170, 409491, 1803986]
svedese	[1250577, 2159926, 2448087]
trasformazione	[1859680, 2989599]
grandezza	[794196, 2112390]
attrezzo	[3094002, 2383804]
professionalità	[]
teatrale	[2430327, 3387920]
respirare	[3264339, 841126, 1719412, 1844768]
compagnia	[2848171, 373843, 1371720]
innanzitutto	[1758481, 1833836, 2241829]
peso	[1335588, 3116608, 1278503, 2189042, 946807, 2449761, 3695179, 3695180, 5360076, 1834615, 373860, 714006, 2577214]
ladro	[2848171, 735519, 3094002, 2685546, 2196506, 1338585, 7741770, 350304, 1303442, 1331175]
influenza	[2201303, 3257383, 2090467, 2399430, 2399431, 1309724, 5645234, 2427091, 5645233]
soluzione	[2430725, 1758495, 2213677, 1765080, 1171403, 1866415, 2277251, 4897457, 1768315, 1798194]
società	[1866867, 1754711, 1859679, 707735, 1795501, 2275563, 2193455, 905685, 1449718, 1965622, 1010975, 2263687, 1309724, 3156538]
modello	[1765107, 1856712, 1758471, 1677491, 1677492]
migliorare	[2437991, 3343528, 947745, 5059806, 631590, 1798069, 2998340]
avventuroso	[]
esperienza	[2438139, 1754711, 1754707, 2381951, 1723570, 4920805, 1218296, 3000700, 3030534, 1754684, 2449499, 1754687, 7741761, 3274983, 3274985, 3274982, 3274984, 625079, 2716379, 3397239, 4917024, 1128562, 2057153, 1754681]
minimo	[1758726, 5907090, 3290415, 2943034, 2942893]
commento	[3499169, 1239258, 4904194]
informare	[2784790, 2784791]
pubblicare	[1871480, 3020705, 3057572, 3889363, 5115976, 3538602, 2349325]
vitamina	[4984420, 4984421]
condizione	[1754707, 2421564, 1795501, 1722937, 1755036, 4484103, 4484104, 4878322, 4583640, 1005837, 1873710, 1873711, 4583641, 4583642, 395564, 3059136, 2496889, 2201503]
abilità	[2127885, 4922299]
turistico	[750418, 4589388]
universitario	[373528]
vincere	[1812566, 4933426, 758760, 977536, 3352992, 1797934, 1015497, 3361464, 4099065, 5993073, 5993075, 966474, 2239653, 3344001, 3058817, 830702, 5800753, 1526708, 2560257, 3769934, 776341, 5993070, 5993072, 350503, 1764874, 712854, 841393, 5705784, 5705785, 5510265, 7904969]
presidente	[2443751, 3268828, 670815, 1859674, 2991417, 3494798, 3494799, 1020297, 1758836, 3118149, 640594, 935283, 1443395, 4553400, 2991459, 1730294, 1316632, 2991431]
svenire	[3352110, 3352111, 3352113]
danza	[7776127, 2275139]
paese	[2442151, 1329025, 3437439, 3410472, 1349822, 3437438, 585784, 1758490, 1758484, 1349533, 1758487, 2430725, 2429756, 1758497, 1795486, 1795566, 3622495, 3469724, 3290716, 3238498, 3238499, 3641515, 4932664, 1754687, 1834061, 700442, 3071132, 3498992, 2980669, 1168038, 621047, 3092046, 6276905, 2422580, 4878322, 350348, 969393, 2196807, 399329, 3290750, 425511, 962596, 3110042, 3468481, 1816493, 4486102, 876868, 3456502, 2112390, 6295136, 3793995, 3533467, 2567572, 2567575, 1932760, 384869, 2418825, 2059940, 2201324, 4429, 1834079, 5288410, 1464284, 6999487, 2193133, 375008, 381392, 1907126, 753283, 617625, 935066, 375018, 691717, 3531976, 5996376, 386329, 2567584, 2567585, 2567586, 3266960, 1246427, 2764007, 2764008, 7208448, 5072319, 2721878, 2449554, 5288409, 383747, 2263518, 1302678, 1302679]
pentire	[5333682, 2242025, 935965, 6472757, 6472759, 6472758, 6472760]
cura	[1762755, 4420737, 2784713]
soffrire	[4922687, 1679068, 2943755, 2943732, 2219223, 5507265, 2943758, 1607389, 2943719, 1916346, 2943745, 2784676, 3504824, 666011, 3317205, 2784679]
salvezza	[]
curiosità	[1859679, 4982276, 4922682]
garantire	[1349822, 2213980, 1838611, 5385568, 969386]
breve	[2435204, 3104090, 1250946, 1444371, 2279049, 3531180, 5688491, 605383, 2923698, 1136198, 1272933, 1642367, 3752662]
stupido	[705744, 409637, 7713789, 7321573, 2197529, 654708, 3264997, 3710227, 3710228, 975430, 2784841, 2479153, 988190, 5202051, 395945, 7242992, 617646, 1622780]
terribilmente	[2221839]
elemento	[2439026]
centinaio	[1160698, 1936772, 1936775, 1647848]
mandare	[3691894, 2903173, 2437234, 3233308, 3233309, 1858470, 1467319, 1467320, 3452597, 1478200, 2514248, 4484665, 4484666, 906067, 7957968, 1591618, 2829335, 1591617, 2396364]
coordinare	[1368164]
produrre	[1910192, 4892570, 3116703, 2201517, 1555169, 1859914, 2878523, 1551842, 1529428, 1168774, 766244, 7558835]
scritto	[4542501, 380539, 3348851, 3290927, 715292, 4999310]
inventare	[1411785, 830181, 2029059, 1137635, 1137658, 2504717, 1158625, 999181, 999185, 706182, 626303, 636340, 1107037, 517959, 374615]
fata	[3088592, 388169]
rapporto	[1776999, 1841142, 1166632, 3391642, 2438475, 2438460, 2438459, 1852464, 1106371, 1840935, 1068279, 1068280]
vista	[1838558, 3265631, 2189484, 4960553, 2485741, 3045022, 1588200, 4295898, 5597630, 4897457, 7893555, 7893556, 401920, 2172632, 3264400, 1504306]
fritto	[1693145, 3190039]
sin	[1083869]
speciale	[1765096, 1309622, 350327, 5022229, 5022244, 1106310, 3350454, 1936769, 1936770, 4363159]
disperatamente	[2997641]
semplice	[1422113, 1850353, 4391370, 4402, 1509185, 2990713, 1792217, 1790407, 4394297, 1687448, 2456322, 1904688, 2430368, 1904609, 1847622, 2275139, 4585438, 1847593, 1847636, 409855, 385835, 6217330, 3321189, 1758635, 769159, 3520028, 612688]
valere	[1257065, 3093976, 2423132, 1087213, 2510168, 395759, 3607296, 1298958, 2198466, 1298957, 657017, 4698, 3412528, 1137635, 1316970, 1323807, 4478793, 2784177, 378617, 1512632, 2232933, 1758596, 987068, 5083810, 7952107, 7952108, 7952110, 7952111, 428814, 2181519, 3412504, 2147766]
meteo	[2925274]
nemmeno	[2279296, 3104068, 3104069, 4935964, 2476415, 7804626, 411337, 1121114, 2030907, 1833970]
nazionale	[3534495, 3283324, 3283325, 1758481, 1758457, 2283512, 2335211, 2605102, 2964229, 1635133, 384554]
denaro	[1081564, 2440516, 4484103, 3399401, 1607934, 946656, 979793, 1663700, 4099065, 2516017, 5209541, 5541220, 5541221, 1511754, 2485789, 2485790, 2232933, 947552, 4893163, 1561946, 1561948, 1561950, 2701481, 520925, 3981370, 1964987, 3275669, 3275670]
guadagno	[7980061]
inferiore	[2263463, 1754643]
ognuno	[1803992, 1139060, 2031639, 3290806, 1693148, 705769, 3375254, 1794049, 3145800]
informatico	[3272231]
svuotare	[3266035]
delicato	[1755067, 8080760]
sufficiente	[1762755, 4908190, 2209458, 1758735, 2205811, 1996115, 806704, 428090]
partecipazione	[1510811]
inevitabile	[]
porre	[1326955, 1349533, 2510733, 1130916, 3007210, 1758735, 2205751, 1121129, 1978577, 2610399, 2444758, 2444774]
fantastico	[4971366, 1516984, 2227490]
stato	[3284010, 1402476, 1826754, 1758497, 2189070, 2912961, 2430747, 2439006, 3065461, 2770058, 1758457, 670815, 3373323, 2420725, 1911586, 2439010, 2151366, 3410529, 1806191, 1543211, 2439003, 1803962, 1737172, 3541616, 1082662, 2784618, 640594, 382273, 781727, 2734728, 2930105, 1435828, 3401339, 950149, 3279900, 859437, 435558, 4591, 3290701, 7776141, 3401338, 610297, 2198463, 3496462, 4553400, 906245, 1691974, 3350865, 1543454]
compositore	[6140291, 401495]
complicare	[3222104, 4402, 2090471, 3746837, 3530040]
adorare	[1645575, 2215454, 930997, 374333, 375457]
scusa	[1460334, 2708691, 2708690, 609598, 1158625, 610126, 3291018, 989667]
cuoio	[898090]
pari	[645577, 1000524]
ottimo	[1758435, 2189376, 996449, 977786, 5626757, 4090963]
vaccino	[7192424]
futuro	[2466947, 2291749, 1848411, 5540986, 508215, 3319439, 3373261, 1677682, 1794754, 1137658, 2430346, 2829384, 2790923, 1107378, 1548606, 1765896, 694025, 1611610, 1838500, 3398372, 6784199, 2790918]
accadere	[5563181, 4498, 1848411, 2257992, 2038912, 1792217, 1803944, 2797476, 547079, 1767328, 1805849, 1516789, 694025, 3471255, 4984581, 4984582, 3132304, 3511913, 3297775]
allegare	[350371]
addirittura	[1758463, 1775281, 5401970, 2231837, 5337249, 2231647, 3076045, 2231906]
totale	[4610281]
impegno	[1857161, 1856712, 1859670, 1758753, 350988, 2073462]
esattamente	[1964648, 3615827]
rifiuto	[1759560, 4417525]
diritto	[382157, 1758481, 1768314, 969497, 4865651, 1821657, 1803950, 1737172, 664227, 4853062, 4699, 4971462, 677365, 908574, 2804509]
ridotto	[3283324, 3283325]
costringere	[1402476, 1907049, 1816903]
esagerare	[]
pancia	[3483541, 1343958, 7321562, 5786405]
farfalla	[410190, 1075406, 376595, 691418]
improvviso	[2152280, 948240, 713993, 706823]
tecnologia	[707735, 2213603, 3410107, 388826, 3202878]
guarire	[2073500, 2056107, 2042318, 3408568]
architettonico	[1796343]
realtà	[691447, 1754695, 1870157, 1084629, 1139060, 2463077, 653894, 2057140, 3088587, 1021345, 535840, 1016551]
creare	[1329025, 3102018, 2213890, 2574689, 4829573, 1833836, 2128774, 4417546, 3030534, 4908210, 3483304, 3025125, 1757121, 610753, 839701, 7271063, 7271064, 3509961, 1323439, 1323442]
attacco	[2420725, 3474049, 2221383]
infine	[3257380, 4947640, 2193336, 2453594, 3663850]
opera	[3284010, 4886413, 1874163, 2193336, 2423132, 2430327, 431784, 2201332, 2591940, 2514783, 2266391, 374203, 4203647, 4465224, 2514720, 766307, 1807232]
dedicare	[2460049, 3280643]
progettare	[3296228, 2416308]
sicuramente	[2224309, 3987348, 4880989, 354233, 4969141]
calore	[379771, 852660, 2577344, 379772]
cuoco	[756677, 1687408, 746375]
accurato	[1759642]
relazione	[2437991, 1795501, 3020409, 1964028, 2303483, 1803855, 6894911, 379757]
ambiente	[2437991, 1866867, 1759555, 2144702, 1780965, 999987, 1240429]
riguardare	[3093976, 3022744, 2215483, 2196491]
trasferimento	[3671593]
apprendere	[1866867, 6592967]
riprendere	[2003332, 1803746, 1730768, 1730769]
fuggire	[1844156, 1254284, 712724, 852660, 2020370, 2020377, 1505211]
maestro	[896791, 2420249, 2618328, 4894649]
aspetto	[1854331, 1854320, 2426969, 2057131, 3632695, 2418855, 2263687, 839279, 1755056, 2189003, 2189000, 3863599, 1437207, 1437208]
rivoluzione	[2212272]
interno	[1874159, 1765107, 4852668, 2430747, 4919695, 2440336, 2227393, 1449280, 425511, 5172283, 1212450, 2440371, 3069305, 1916694]
occasione	[2213890, 1765066, 1309622, 3883324, 3282449, 957621, 2045558, 1646295, 1919314, 2459425, 1303442]
olimpico	[1577797]
essiccare	[4420981]
marca	[4436064]
dipendenza	[3268828, 3044958]
raro	[2431187, 2010182, 5489727, 3530194, 2059940, 410156, 1099940, 1006622]
rischio	[1329025, 4295974, 1693203, 3298100, 1767251, 351151, 1083505, 2437217, 2437220, 4381, 2437216, 2437219, 3553475, 3553476, 4260323, 4260389]
spogliare	[2388998]
passaggio	[3781200, 1870190, 1207369, 351136, 3756235, 6217455, 6217456, 6217458, 6217459]
romano	[1226509, 8417445, 1307077, 677583]
facilmente	[2590811, 2291791, 1765036, 826573, 1687448, 2205720, 2205654, 949681, 2878565, 3554123, 377588, 966188, 1511566, 1650082]
preservare	[1758799]
asino	[]
panorama	[403026]
romanzo	[3409996, 524257, 2510434, 5398886, 627089, 1826046, 636143, 4831957, 3629194, 1964648, 4778207, 3359484, 1457341, 6004617, 5655419, 2137093, 2514783, 3531190, 1825432, 3490913, 2514720, 1650178, 1650180, 2681899, 2681900, 919013, 931770, 4166917, 4166918, 4166919, 5094253, 5260671]
periodo	[1859679, 3529264, 1237872, 691447, 2272237, 1912803, 2134604]
scambiare	[1037244, 2242034, 1668659, 4908208, 4182438, 3516075]
acquisto	[1607934, 5166381, 1836112]
rivelare	[1845780, 2818241, 2818242, 1856762, 7529377, 4962705]
sedere	[1335588, 1903724, 2176933, 3409996, 4857931, 5484731, 2452191, 999880, 2452200, 2439003, 966173, 4542505, 658444, 1814246, 2143660, 2213771, 3027913, 1814244, 3106327, 1274681, 706830, 3269742, 3163832, 4904686, 2028928, 1339969, 2221809, 1300693, 3269743, 2944397, 907045, 2028732, 3095659, 2028733, 844005]
studioso	[1874163]
ultima	[1504157]
foro	[3238452]
dichiarare	[3268828, 1730810, 2717473, 2717474, 2717471, 2717472, 2717469, 2717470, 1513625, 1513626, 852947]
intraprendere	[3426024]
salto	[1907111]
vietare	[5592770, 715207, 1524645, 3531150, 3511692, 3511693, 670848]
iscrivere	[1978309, 508077]
colpa	[4525811, 3420511, 4911581, 3280444, 1858526]
alternativa	[]
commovente	[4910805]
controllo	[1098303, 2231630, 1722698, 6699603, 1689096]
morto	[1827096, 3615623, 913483, 1843334, 2510400, 1085944, 5090180, 675657]
considerare	[2056030, 1910190, 5337696, 1461833, 5337698, 5337697, 2201590, 5337699, 1139060, 2380658, 1765039, 6592955, 1588200, 2437098, 943534, 2196541, 5572714, 1017051, 1017052, 1641352, 6784196, 2734926, 2784815, 2784888]
conoscente	[713973]
immagine	[2428407, 3116607, 4916981, 2227393, 2056141, 4962364, 1807379, 1124944, 1772934, 2784177, 4998949, 2823746, 1578337, 7741759, 990283]
terminare	[1803920, 1493045, 3219090, 971641]
laboratorio	[1535723, 2575516]
nascondere	[7713789, 2453594, 2402123, 4892553, 4834490, 2454143, 3094002, 2196185, 1033101, 2439028, 7741770, 714654, 714656, 3021811, 3262870, 911638, 761978, 1608593, 2700957, 2700958, 3055626, 2463169]
inventato	[904463, 710704, 1086042]
venti	[2575471, 2966518, 350451, 664381, 2733676, 7317174, 7317210, 772495, 1295804]
combinazione	[503559, 2195795]
perdita	[632019, 1416105, 520925]
repubblica	[2443751, 6000632, 2458125]
cioccolatino	[4919702]
deviare	[637865, 7321562, 946696, 4992801, 4992802, 764452, 607490]
sentimento	[1841029, 2206030, 2209370, 2995909, 1797923, 3350711, 1797921, 1797922, 911638, 5994053]
cortese	[3672186]
necessario	[1854331, 1854320, 1796343, 1765066, 1827251, 2209315, 1775281, 1905592, 4925416, 2291749, 1758796, 4892570, 3339234, 3218440, 5800765, 1757121, 4309785, 1766089, 373858, 4986353, 1775198, 1775201, 527184, 1835971]
copiare	[2056030]
novanta	[1866684, 622290]
vantaggio	[707735, 1758713, 2151454, 662895, 2383716, 388826, 2383706, 1740933]
ammirare	[2510733, 7713789, 2947860, 5073164, 6018124]
pubblicità	[3319143, 2213831, 2213818, 2213771, 1806799]
udire	[2198200]
musicale	[2205998, 3375669]
neppure	[1866326, 1797934, 1834041]
riordinare	[1751830, 6592965]
alunno	[2291338, 3056945]
classificare	[569602]
differente	[2272237, 1842563, 1987892, 7083019]
diffusione	[2231041]
severamente	[]
metallo	[]
progresso	[727003, 1758457, 1758768, 1794726, 2784869, 1111441, 2189466, 2842654, 842718]
preparativo	[3238498, 3238499]
legato	[4919695]
affrontare	[2426824, 1869319, 1735655, 1865863, 2126216, 4478]
malvagità	[1326851, 1309161]
ne	[1765100, 6217417, 2585784, 1107145, 2354836, 1856769, 2205714, 5816047, 2227393, 2231902, 2195736, 2031639, 1912843, 2056095, 3375710, 1720125, 4819306, 2383697, 2797514, 350538, 4456, 2272165, 2231647, 2843158, 4886417, 2216934, 2216929, 4698, 3412528, 1516826, 2031663, 1758596, 4573003, 350837, 2795896, 3375706, 761634, 2169674, 1300699, 4880926, 3076045, 1807097, 2893516, 1547484, 3275669, 3275670, 2216931, 2029115, 699601, 2147766, 606669, 350398, 625072, 1541660, 3275667, 3275668, 2055839, 1818981, 3545629, 1535793, 1100423, 1809384, 712731, 2878928, 1757877, 1757897, 1536121, 2391249, 3026476, 5513809, 1471976, 1471978, 433055, 2219835, 2809040, 1794137, 1535795, 5732118, 6094696]
obbligatorio	[]
popolazione	[2574689, 1758487, 1730810, 4567, 1795470, 3119200, 984022, 1947917, 2448016, 2448093, 1907126, 409649]
ordinario	[1792217, 1790407, 1272855]
ubriaco	[3321112, 1369176, 1696908]
climatico	[720451, 2057313]
dintorno	[2219171]
consumare	[5028821, 1035846, 1117947, 3320093, 3320095, 524465, 3320094, 3320097]
moneta	[1329316, 1776145, 4944640, 3343974]
responsabile	[1759594, 1759627, 3641923, 948122]
menzogna	[1856762]
massiccio	[4722517]
assicurare	[1758471, 905685, 1867034, 2423094, 1847942, 3425991, 1552753, 3699400]
rientrare	[5338038, 5338037, 5666044]
oltre	[3280428, 710354, 3695179, 3695180, 2430122]
cerca	[2717851, 2717850, 1187890, 2090459]
autista	[5665637, 2584485]
indagare	[1103712]
costoso	[2402142, 625011, 2217608, 2216531, 5400728, 2217611, 3650442, 2175231, 806529, 1571094, 2848129, 3001329, 962227, 1622861, 6533928, 1218045, 2260011]
annoiare	[967755]
affascinante	[621740, 4877166, 4925247, 1905383, 2998378]
sanità	[399343]
regolarmente	[2433921, 749477]
astuto	[2474495]
liberare	[2430320, 2217388, 2090471, 4920304, 4933210, 3252670, 4085439]
fiscale	[1471973]
originale	[2510733, 1002806]
formare	[3257380, 3534495, 2443751, 4422176, 3103043, 2507781, 3529237, 377628, 377606, 3007304, 3260796, 2263499]
