    [
        {
            "id": 1,
            "form": "Amore",
            "pos": "NOM",
            "lemma": "amore",
            "has_context": "false",
            "is_title": "true"
        },
        {
            "id": 2,
            "form": "per",
            "pos": "PRE",
            "lemma": "per",
            "has_context": "false",
            "is_title": "true"
        },
        {
            "id": 3,
            "form": "i",
            "pos": "DET",
            "lemma": "il",
            "has_context": "false",
            "is_title": "true"
        },
        {
            "id": 4,
            "form": "libri",
            "pos": "NOM",
            "lemma": "libro",
            "has_context": "false",
            "is_title": "true"
        },
        {
            "id": 5,
            "form": "Quando",
            "pos": "CON",
            "lemma": "quando",
            "has_context": "false",
            "is_title": "false"
        },
        {
            "id": 6,
            "form": "andavo",
            "pos": "VER",
            "lemma": "andare",
            "has_context": "false",
            "is_title": "false"
        },
        {
            "id": 7,
            "form": "a",
            "pos": "PRE",
            "lemma": "a",
            "has_context": "false",
            "is_title": "false"
        },
        {
            "id": 8,
            "form": "scuola",
            "pos": "NOM",
            "lemma": "scuola",
            "has_context": "false",
            "is_title": "false"
        },
        {
            "id": 9,
            "form": "non",
            "pos": "ADV",
            "lemma": "non",
            "has_context": "false",
            "is_title": "false"
        },
        {
            "id": 10,
            "form": "ero",
            "pos": "VER",
            "lemma": "essere",
            "has_context": "false",
            "is_title": "false"
        },
        {
            "id": 11,
            "form": "un",
            "pos": "DET",
            "lemma": "un",
            "has_context": "false",
            "is_title": "false"
        },
        {
            "id": 12,
            "form": "bravo",
            "pos": "ADJ",
            "lemma": "bravo",
            "has_context": "false",
            "is_title": "false"
        },
        {
            "id": 13,
            "form": "studente",
            "pos": "NOM",
            "lemma": "studente",
            "has_context": "false",
            "is_title": "false"
        },
        {
            "id": 14,
            "form": ".",
            "pos": "SENT",
            "lemma": ".",
            "has_context": "false",
            "is_title": "false"
        },
        {
            "id": 15,
            "form": "Da",
            "pos": "PRE",
            "lemma": "da",
            "has_context": "false",
            "is_title": "false"
        },
        {
            "id": 16,
            "form": "adolescente",
            "pos": "NOM",
            "lemma": "adolescente",
            "has_context": "true",
            "is_title": "false"
        },
        {
            "id": 17,
            "form": "infatti",
            "pos": "CON",
            "lemma": "infatti",
            "has_context": "false",
            "is_title": "false"
        },
        {
            "id": 18,
            "form": "credevo",
            "pos": "VER",
            "lemma": "credere",
            "has_context": "false",
            "is_title": "false"
        },
        {
            "id": 19,
            "form": "che",
            "pos": "CON",
            "lemma": "che",
            "has_context": "false",
            "is_title": "false"
        },
        {
            "id": 20,
            "form": "la",
            "pos": "DET",
            "lemma": "il",
            "has_context": "false",
            "is_title": "false"
        },
        {
            "id": 21,
            "form": "scuola",
            "pos": "NOM",
            "lemma": "scuola",
            "has_context": "false",
            "is_title": "false"
        },
        {
            "id": 22,
            "form": "fosse",
            "pos": "VER",
            "lemma": "essere",
            "has_context": "false",
            "is_title": "false"
        },
        {
            "id": 23,
            "form": "una",
            "pos": "DET",
            "lemma": "una",
            "has_context": "false",
            "is_title": "false"
        },
        {
            "id": 24,
            "form": "grande",
            "pos": "ADJ",
            "lemma": "grande",
            "has_context": "false",
            "is_title": "false"
        },
        {
            "id": 25,
            "form": "perdita",
            "pos": "NOM",
            "lemma": "perdita",
            "has_context": "false",
            "is_title": "false"
        },
        {
            "id": 26,
            "form": "di",
            "pos": "PRE",
            "lemma": "di",
            "has_context": "false",
            "is_title": "false"
        },
        {
            "id": 27,
            "form": "tempo",
            "pos": "NOM",
            "lemma": "tempo",
            "has_context": "false",
            "is_title": "false"
        },
        {
            "id": 28,
            "form": ".",
            "pos": "SENT",
            "lemma": ".",
            "has_context": "false",
            "is_title": "false"
        },
        {
            "id": 29,
            "form": "Sebbene",
            "pos": "CON",
            "lemma": "sebbene",
            "has_context": "false",
            "is_title": "false"
        },
        {
            "id": 30,
            "form": "mia",
            "pos": "ADJ",
            "lemma": "mio",
            "has_context": "false",
            "is_title": "false"
        },
        {
            "id": 31,
            "form": "madre",
            "pos": "NOM",
            "lemma": "madre",
            "has_context": "false",
            "is_title": "false"
        },
        {
            "id": 32,
            "form": "e",
            "pos": "CON",
            "lemma": "e",
            "has_context": "false",
            "is_title": "false"
        },
        {
            "id": 33,
            "form": "i",
            "pos": "DET",
            "lemma": "il",
            "has_context": "false",
            "is_title": "false"
        },
        {
            "id": 34,
            "form": "miei",
            "pos": "ADJ",
            "lemma": "mio",
            "has_context": "false",
            "is_title": "false"
        },
        {
            "id": 35,
            "form": "professori",
            "pos": "NOM",
            "lemma": "professore",
            "has_context": "false",
            "is_title": "false"
        },
        {
            "id": 36,
            "form": "mi",
            "pos": "PRO",
            "lemma": "mi",
            "has_context": "false",
            "is_title": "false"
        },
        {
            "id": 37,
            "form": "dicessero",
            "pos": "VER",
            "lemma": "dire",
            "has_context": "false",
            "is_title": "false"
        },
        {
            "id": 38,
            "form": "di",
            "pos": "PRE",
            "lemma": "di",
            "has_context": "false",
            "is_title": "false"
        },
        {
            "id": 39,
            "form": "studiare",
            "pos": "VER",
            "lemma": "studiare",
            "has_context": "false",
            "is_title": "false"
        },
        {
            "id": 40,
            "form": "di",
            "pos": "PRE",
            "lemma": "di",
            "has_context": "false",
            "is_title": "false"
        },
        {
            "id": 41,
            "form": "più",
            "pos": "ADV",
            "lemma": "più",
            "has_context": "false",
            "is_title": "false"
        },
        {
            "id": 42,
            "form": "io",
            "pos": "PRO",
            "lemma": "io",
            "has_context": "false",
            "is_title": "false"
        },
        {
            "id": 43,
            "form": "non",
            "pos": "ADV",
            "lemma": "non",
            "has_context": "false",
            "is_title": "false"
        },
        {
            "id": 44,
            "form": "li",
            "pos": "PRO",
            "lemma": "li",
            "has_context": "false",
            "is_title": "false"
        },
        {
            "id": 45,
            "form": "ascoltavo",
            "pos": "VER",
            "lemma": "ascoltare",
            "has_context": "false",
            "is_title": "false"
        },
        {
            "id": 46,
            "form": ".",
            "pos": "SENT",
            "lemma": ".",
            "has_context": "false",
            "is_title": "false"
        },
        {
            "id": 47,
            "form": "Avevo",
            "pos": "VER",
            "lemma": "avere",
            "has_context": "false",
            "is_title": "false"
        },
        {
            "id": 48,
            "form": "degli",
            "pos": "PRE",
            "lemma": "del",
            "has_context": "false",
            "is_title": "false"
        },
        {
            "id": 49,
            "form": "amici",
            "pos": "NOM",
            "lemma": "amico",
            "has_context": "false",
            "is_title": "false"
        },
        {
            "id": 50,
            "form": "che",
            "pos": "PRO",
            "lemma": "che",
            "has_context": "false",
            "is_title": "false"
        },
        {
            "id": 51,
            "form": "la",
            "pos": "PRO",
            "lemma": "la",
            "has_context": "false",
            "is_title": "false"
        },
        {
            "id": 52,
            "form": "pensavano",
            "pos": "VER",
            "lemma": "pensare",
            "has_context": "false",
            "is_title": "false"
        },
        {
            "id": 53,
            "form": "come",
            "pos": "PRE",
            "lemma": "come",
            "has_context": "false",
            "is_title": "false"
        },
        {
            "id": 54,
            "form": "me",
            "pos": "PRO",
            "lemma": "me",
            "has_context": "false",
            "is_title": "false"
        },
        {
            "id": 55,
            "form": ".",
            "pos": "SENT",
            "lemma": ".",
            "has_context": "false",
            "is_title": "false"
        },
        {
            "id": 56,
            "form": "Credevamo",
            "pos": "VER",
            "lemma": "credere",
            "has_context": "false",
            "is_title": "false"
        },
        {
            "id": 57,
            "form": "che",
            "pos": "CON",
            "lemma": "che",
            "has_context": "false",
            "is_title": "false"
        },
        {
            "id": 58,
            "form": "non",
            "pos": "ADV",
            "lemma": "non",
            "has_context": "false",
            "is_title": "false"
        },
        {
            "id": 59,
            "form": "bisognasse",
            "pos": "VER",
            "lemma": "bisognare",
            "has_context": "true",
            "is_title": "false"
        },
        {
            "id": 60,
            "form": "studiare",
            "pos": "VER",
            "lemma": "studiare",
            "has_context": "false",
            "is_title": "false"
        },
        {
            "id": 61,
            "form": "nella",
            "pos": "PRE",
            "lemma": "nel",
            "has_context": "false",
            "is_title": "false"
        },
        {
            "id": 62,
            "form": "vita",
            "pos": "NOM",
            "lemma": "vita",
            "has_context": "true",
            "is_title": "false"
        },
        {
            "id": 63,
            "form": ".",
            "pos": "SENT",
            "lemma": ".",
            "has_context": "false",
            "is_title": "false"
        },
        {
            "id": 64,
            "form": "Inoltre",
            "pos": "CON",
            "lemma": "inoltre",
            "has_context": "false",
            "is_title": "false"
        },
        {
            "id": 65,
            "form": "pensavamo",
            "pos": "VER",
            "lemma": "pensare",
            "has_context": "false",
            "is_title": "false"
        },
        {
            "id": 66,
            "form": "che",
            "pos": "CON",
            "lemma": "che",
            "has_context": "false",
            "is_title": "false"
        },
        {
            "id": 67,
            "form": "i",
            "pos": "DET",
            "lemma": "il",
            "has_context": "false",
            "is_title": "false"
        },
        {
            "id": 68,
            "form": "nostri",
            "pos": "ADJ",
            "lemma": "nostro",
            "has_context": "false",
            "is_title": "false"
        },
        {
            "id": 69,
            "form": "compagni",
            "pos": "NOM",
            "lemma": "compagno",
            "has_context": "false",
            "is_title": "false"
        },
        {
            "id": 70,
            "form": "di",
            "pos": "PRE",
            "lemma": "di",
            "has_context": "false",
            "is_title": "false"
        },
        {
            "id": 71,
            "form": "classe",
            "pos": "NOM",
            "lemma": "classe",
            "has_context": "false",
            "is_title": "false"
        },
        {
            "id": 72,
            "form": "che",
            "pos": "PRO",
            "lemma": "che",
            "has_context": "false",
            "is_title": "false"
        },
        {
            "id": 73,
            "form": "studiavano",
            "pos": "VER",
            "lemma": "studiare",
            "has_context": "false",
            "is_title": "false"
        },
        {
            "id": 74,
            "form": "e",
            "pos": "CON",
            "lemma": "e",
            "has_context": "false",
            "is_title": "false"
        },
        {
            "id": 75,
            "form": "si",
            "pos": "PRO",
            "lemma": "si",
            "has_context": "false",
            "is_title": "false"
        },
        {
            "id": 76,
            "form": "impegnavano",
            "pos": "VER",
            "lemma": "impegnare",
            "has_context": "true",
            "is_title": "false"
        },
        {
            "id": 77,
            "form": "fossero",
            "pos": "VER",
            "lemma": "essere",
            "has_context": "false",
            "is_title": "false"
        },
        {
            "id": 78,
            "form": "degli",
            "pos": "PRE",
            "lemma": "del",
            "has_context": "false",
            "is_title": "false"
        },
        {
            "id": 79,
            "form": "stupidi",
            "pos": "NOM",
            "lemma": "stupido",
            "has_context": "false",
            "is_title": "false"
        },
        {
            "id": 80,
            "form": ".",
            "pos": "SENT",
            "lemma": ".",
            "has_context": "false",
            "is_title": "false"
        },
        {
            "id": 81,
            "form": "Capitava",
            "pos": "VER",
            "lemma": "capitare",
            "has_context": "true",
            "is_title": "false"
        },
        {
            "id": 82,
            "form": "spesso",
            "pos": "ADV",
            "lemma": "spesso",
            "has_context": "false",
            "is_title": "false"
        },
        {
            "id": 83,
            "form": "che",
            "pos": "CON",
            "lemma": "che",
            "has_context": "false",
            "is_title": "false"
        },
        {
            "id": 84,
            "form": "prendessimo",
            "pos": "VER",
            "lemma": "prendere",
            "has_context": "false",
            "is_title": "false"
        },
        {
            "id": 85,
            "form": "in",
            "pos": "PRE",
            "lemma": "in",
            "has_context": "false",
            "is_title": "false"
        },
        {
            "id": 86,
            "form": "giro",
            "pos": "NOM",
            "lemma": "giro",
            "has_context": "false",
            "is_title": "false"
        },
        {
            "id": 87,
            "form": "questi",
            "pos": "ADJ",
            "lemma": "questo",
            "has_context": "false",
            "is_title": "false"
        },
        {
            "id": 88,
            "form": "poveri",
            "pos": "ADJ",
            "lemma": "povero",
            "has_context": "false",
            "is_title": "false"
        },
        {
            "id": 89,
            "form": "ragazzi",
            "pos": "NOM",
            "lemma": "ragazzo",
            "has_context": "false",
            "is_title": "false"
        },
        {
            "id": 90,
            "form": "davanti",
            "pos": "ADV",
            "lemma": "davanti",
            "has_context": "false",
            "is_title": "false"
        },
        {
            "id": 91,
            "form": "a",
            "pos": "PRE",
            "lemma": "a",
            "has_context": "false",
            "is_title": "false"
        },
        {
            "id": 92,
            "form": "tutti",
            "pos": "ADJ",
            "lemma": "tutto",
            "has_context": "false",
            "is_title": "false"
        },
        {
            "id": 93,
            "form": "e",
            "pos": "CON",
            "lemma": "e",
            "has_context": "false",
            "is_title": "false"
        },
        {
            "id": 94,
            "form": "che",
            "pos": "CON",
            "lemma": "che",
            "has_context": "false",
            "is_title": "false"
        },
        {
            "id": 95,
            "form": "loro",
            "pos": "PRO",
            "lemma": "loro",
            "has_context": "false",
            "is_title": "false"
        },
        {
            "id": 96,
            "form": "si",
            "pos": "PRO",
            "lemma": "si",
            "has_context": "false",
            "is_title": "false"
        },
        {
            "id": 97,
            "form": "offendessero",
            "pos": "VER",
            "lemma": "offendere",
            "has_context": "true",
            "is_title": "false"
        },
        {
            "id": 98,
            "form": ".",
            "pos": "SENT",
            "lemma": ".",
            "has_context": "false",
            "is_title": "false"
        },
        {
            "id": 99,
            "form": "Una",
            "pos": "DET",
            "lemma": "una",
            "has_context": "false",
            "is_title": "false"
        },
        {
            "id": 100,
            "form": "volta",
            "pos": "NOM",
            "lemma": "volta",
            "has_context": "false",
            "is_title": "false"
        },
        {
            "id": 101,
            "form": "però",
            "pos": "CON",
            "lemma": "però",
            "has_context": "false",
            "is_title": "false"
        },
        {
            "id": 102,
            "form": "la",
            "pos": "DET",
            "lemma": "il",
            "has_context": "false",
            "is_title": "false"
        },
        {
            "id": 103,
            "form": "professoressa",
            "pos": "NOM",
            "lemma": "professoressa",
            "has_context": "false",
            "is_title": "false"
        },
        {
            "id": 104,
            "form": "ci",
            "pos": "PRO",
            "lemma": "ci",
            "has_context": "false",
            "is_title": "false"
        },
        {
            "id": 105,
            "form": "sentì",
            "pos": "VER",
            "lemma": "sentire",
            "has_context": "false",
            "is_title": "false"
        },
        {
            "id": 106,
            "form": "e",
            "pos": "CON",
            "lemma": "e",
            "has_context": "false",
            "is_title": "false"
        },
        {
            "id": 107,
            "form": "ci",
            "pos": "PRO",
            "lemma": "ci",
            "has_context": "false",
            "is_title": "false"
        },
        {
            "id": 108,
            "form": "mandò",
            "pos": "VER",
            "lemma": "mandare",
            "has_context": "true",
            "is_title": "false"
        },
        {
            "id": 109,
            "form": "subito",
            "pos": "ADV",
            "lemma": "subito",
            "has_context": "false",
            "is_title": "false"
        },
        {
            "id": 110,
            "form": "dal",
            "pos": "PRE",
            "lemma": "dal",
            "has_context": "false",
            "is_title": "false"
        },
        {
            "id": 111,
            "form": "preside",
            "pos": "NOM",
            "lemma": "preside",
            "has_context": "true",
            "is_title": "false"
        },
        {
            "id": 112,
            "form": ".",
            "pos": "SENT",
            "lemma": ".",
            "has_context": "false",
            "is_title": "false"
        },
        {
            "id": 113,
            "form": "Nonostante",
            "pos": "CON",
            "lemma": "nonostante",
            "has_context": "false",
            "is_title": "false"
        },
        {
            "id": 114,
            "form": "gli",
            "pos": "PRO",
            "lemma": "gli",
            "has_context": "false",
            "is_title": "false"
        },
        {
            "id": 115,
            "form": "chiedessimo",
            "pos": "VER",
            "lemma": "chiedere",
            "has_context": "false",
            "is_title": "false"
        },
        {
            "id": 116,
            "form": "di",
            "pos": "PRE",
            "lemma": "di",
            "has_context": "false",
            "is_title": "false"
        },
        {
            "id": 117,
            "form": "scusarci",
            "pos": "VER",
            "lemma": "scusare",
            "has_context": "false",
            "is_title": "false"
        },
        {
            "id": 118,
            "form": ",",
            "pos": "PON",
            "lemma": ",",
            "has_context": "false",
            "is_title": "false"
        },
        {
            "id": 119,
            "form": "il",
            "pos": "DET",
            "lemma": "il",
            "has_context": "false",
            "is_title": "false"
        },
        {
            "id": 120,
            "form": "preside",
            "pos": "NOM",
            "lemma": "preside",
            "has_context": "true",
            "is_title": "false"
        },
        {
            "id": 121,
            "form": "ci",
            "pos": "PRO",
            "lemma": "ci",
            "has_context": "false",
            "is_title": "false"
        },
        {
            "id": 122,
            "form": "punì",
            "pos": "VER",
            "lemma": "punire",
            "has_context": "true",
            "is_title": "false"
        },
        {
            "id": 123,
            "form": "severamente",
            "pos": "ADV",
            "lemma": "severamente",
            "has_context": "true",
            "is_title": "false"
        },
        {
            "id": 124,
            "form": ".",
            "pos": "SENT",
            "lemma": ".",
            "has_context": "false",
            "is_title": "false"
        },
        {
            "id": 125,
            "form": "Come",
            "pos": "PRE",
            "lemma": "come",
            "has_context": "false",
            "is_title": "false"
        },
        {
            "id": 126,
            "form": "punizione",
            "pos": "NOM",
            "lemma": "punizione",
            "has_context": "true",
            "is_title": "false"
        },
        {
            "id": 127,
            "form": "ci",
            "pos": "PRO",
            "lemma": "ci",
            "has_context": "false",
            "is_title": "false"
        },
        {
            "id": 128,
            "form": "fece",
            "pos": "VER",
            "lemma": "fare",
            "has_context": "false",
            "is_title": "false"
        },
        {
            "id": 129,
            "form": "anche",
            "pos": "ADV",
            "lemma": "anche",
            "has_context": "false",
            "is_title": "false"
        },
        {
            "id": 130,
            "form": "riordinare",
            "pos": "VER",
            "lemma": "riordinare",
            "has_context": "true",
            "is_title": "false"
        },
        {
            "id": 131,
            "form": "la",
            "pos": "DET",
            "lemma": "il",
            "has_context": "false",
            "is_title": "false"
        },
        {
            "id": 132,
            "form": "biblioteca",
            "pos": "NOM",
            "lemma": "biblioteca",
            "has_context": "false",
            "is_title": "false"
        },
        {
            "id": 133,
            "form": "della",
            "pos": "PRE",
            "lemma": "del",
            "has_context": "false",
            "is_title": "false"
        },
        {
            "id": 134,
            "form": "scuola",
            "pos": "NOM",
            "lemma": "scuola",
            "has_context": "false",
            "is_title": "false"
        },
        {
            "id": 135,
            "form": ".",
            "pos": "SENT",
            "lemma": ".",
            "has_context": "false",
            "is_title": "false"
        },
        {
            "id": 136,
            "form": "Nonostante",
            "pos": "CON",
            "lemma": "nonostante",
            "has_context": "false",
            "is_title": "false"
        },
        {
            "id": 137,
            "form": "lavorassimo",
            "pos": "VER",
            "lemma": "lavorare",
            "has_context": "false",
            "is_title": "false"
        },
        {
            "id": 138,
            "form": "ininterrottamente",
            "pos": "ADV",
            "lemma": "ininterrottamente",
            "has_context": "true",
            "is_title": "false"
        },
        {
            "id": 139,
            "form": "e",
            "pos": "CON",
            "lemma": "e",
            "has_context": "false",
            "is_title": "false"
        },
        {
            "id": 140,
            "form": "con",
            "pos": "PRE",
            "lemma": "con",
            "has_context": "false",
            "is_title": "false"
        },
        {
            "id": 141,
            "form": "efficacia",
            "pos": "NOM",
            "lemma": "efficacia",
            "has_context": "true",
            "is_title": "false"
        },
        {
            "id": 142,
            "form": ",",
            "pos": "PON",
            "lemma": ",",
            "has_context": "false",
            "is_title": "false"
        },
        {
            "id": 143,
            "form": "sembrava",
            "pos": "VER",
            "lemma": "sembrare",
            "has_context": "false",
            "is_title": "false"
        },
        {
            "id": 144,
            "form": "che",
            "pos": "CON",
            "lemma": "che",
            "has_context": "false",
            "is_title": "false"
        },
        {
            "id": 145,
            "form": "non",
            "pos": "ADV",
            "lemma": "non",
            "has_context": "false",
            "is_title": "false"
        },
        {
            "id": 146,
            "form": "dovessimo",
            "pos": "VER",
            "lemma": "dovere",
            "has_context": "false",
            "is_title": "false"
        },
        {
            "id": 147,
            "form": "finire",
            "pos": "VER",
            "lemma": "finire",
            "has_context": "false",
            "is_title": "false"
        },
        {
            "id": 148,
            "form": "mai",
            "pos": "ADV",
            "lemma": "mai",
            "has_context": "false",
            "is_title": "false"
        },
        {
            "id": 149,
            "form": ".",
            "pos": "SENT",
            "lemma": ".",
            "has_context": "false",
            "is_title": "false"
        },
        {
            "id": 150,
            "form": "Riordinando",
            "pos": "VER",
            "lemma": "riordinare",
            "has_context": "true",
            "is_title": "false"
        },
        {
            "id": 151,
            "form": "i",
            "pos": "DET",
            "lemma": "il",
            "has_context": "false",
            "is_title": "false"
        },
        {
            "id": 152,
            "form": "libri",
            "pos": "NOM",
            "lemma": "libro",
            "has_context": "false",
            "is_title": "false"
        },
        {
            "id": 153,
            "form": "scoprii",
            "pos": "VER",
            "lemma": "scoprire",
            "has_context": "true",
            "is_title": "false"
        },
        {
            "id": 154,
            "form": "l’",
            "pos": "DET",
            "lemma": "il",
            "has_context": "false",
            "is_title": "false"
        },
        {
            "id": 155,
            "form": "amore",
            "pos": "NOM",
            "lemma": "amore",
            "has_context": "false",
            "is_title": "false"
        },
        {
            "id": 156,
            "form": "per",
            "pos": "PRE",
            "lemma": "per",
            "has_context": "false",
            "is_title": "false"
        },
        {
            "id": 157,
            "form": "la",
            "pos": "DET",
            "lemma": "il",
            "has_context": "false",
            "is_title": "false"
        },
        {
            "id": 158,
            "form": "lettura",
            "pos": "NOM",
            "lemma": "lettura",
            "has_context": "true",
            "is_title": "false"
        },
        {
            "id": 159,
            "form": ".",
            "pos": "SENT",
            "lemma": ".",
            "has_context": "false",
            "is_title": "false"
        },
        {
            "id": 160,
            "form": "Cominciai",
            "pos": "VER",
            "lemma": "cominciare",
            "has_context": "false",
            "is_title": "false"
        },
        {
            "id": 161,
            "form": "a",
            "pos": "PRE",
            "lemma": "a",
            "has_context": "false",
            "is_title": "false"
        },
        {
            "id": 162,
            "form": "leggere",
            "pos": "VER",
            "lemma": "leggere",
            "has_context": "false",
            "is_title": "false"
        },
        {
            "id": 163,
            "form": "i",
            "pos": "DET",
            "lemma": "il",
            "has_context": "false",
            "is_title": "false"
        },
        {
            "id": 164,
            "form": "libri",
            "pos": "NOM",
            "lemma": "libro",
            "has_context": "false",
            "is_title": "false"
        },
        {
            "id": 165,
            "form": "della",
            "pos": "PRE",
            "lemma": "del",
            "has_context": "false",
            "is_title": "false"
        },
        {
            "id": 166,
            "form": "biblioteca",
            "pos": "NOM",
            "lemma": "biblioteca",
            "has_context": "false",
            "is_title": "false"
        },
        {
            "id": 167,
            "form": "e",
            "pos": "CON",
            "lemma": "e",
            "has_context": "false",
            "is_title": "false"
        },
        {
            "id": 168,
            "form": "capii",
            "pos": "VER",
            "lemma": "capire",
            "has_context": "false",
            "is_title": "false"
        },
        {
            "id": 169,
            "form": "quanto",
            "pos": "ADV",
            "lemma": "quanto",
            "has_context": "false",
            "is_title": "false"
        },
        {
            "id": 170,
            "form": "fosse",
            "pos": "VER",
            "lemma": "essere",
            "has_context": "false",
            "is_title": "false"
        },
        {
            "id": 171,
            "form": "importante",
            "pos": "ADJ",
            "lemma": "importante",
            "has_context": "false",
            "is_title": "false"
        },
        {
            "id": 172,
            "form": "la",
            "pos": "DET",
            "lemma": "il",
            "has_context": "false",
            "is_title": "false"
        },
        {
            "id": 173,
            "form": "lettura",
            "pos": "NOM",
            "lemma": "lettura",
            "has_context": "true",
            "is_title": "false"
        },
        {
            "id": 174,
            "form": "e",
            "pos": "CON",
            "lemma": "e",
            "has_context": "false",
            "is_title": "false"
        },
        {
            "id": 175,
            "form": "la",
            "pos": "DET",
            "lemma": "il",
            "has_context": "false",
            "is_title": "false"
        },
        {
            "id": 176,
            "form": "cultura",
            "pos": "NOM",
            "lemma": "cultura",
            "has_context": "false",
            "is_title": "false"
        },
        {
            "id": 177,
            "form": ".",
            "pos": "SENT",
            "lemma": ".",
            "has_context": "false",
            "is_title": "false"
        },
        {
            "id": 178,
            "form": "Cambiai",
            "pos": "VER",
            "lemma": "cambiare",
            "has_context": "false",
            "is_title": "false"
        },
        {
            "id": 179,
            "form": "subito",
            "pos": "ADV",
            "lemma": "subito",
            "has_context": "false",
            "is_title": "false"
        },
        {
            "id": 180,
            "form": "atteggiamento",
            "pos": "NOM",
            "lemma": "atteggiamento",
            "has_context": "true",
            "is_title": "false"
        },
        {
            "id": 181,
            "form": ".",
            "pos": "SENT",
            "lemma": ".",
            "has_context": "false",
            "is_title": "false"
        },
        {
            "id": 182,
            "form": "Adesso",
            "pos": "ADV",
            "lemma": "adesso",
            "has_context": "false",
            "is_title": "false"
        },
        {
            "id": 183,
            "form": "sono",
            "pos": "VER",
            "lemma": "essere",
            "has_context": "false",
            "is_title": "false"
        },
        {
            "id": 184,
            "form": "felice",
            "pos": "ADJ",
            "lemma": "felice",
            "has_context": "false",
            "is_title": "false"
        },
        {
            "id": 185,
            "form": "di",
            "pos": "PRE",
            "lemma": "di",
            "has_context": "false",
            "is_title": "false"
        },
        {
            "id": 186,
            "form": "aver",
            "pos": "VER",
            "lemma": "avere",
            "has_context": "false",
            "is_title": "false"
        },
        {
            "id": 187,
            "form": "ricevuto",
            "pos": "VER",
            "lemma": "ricevere",
            "has_context": "false",
            "is_title": "false"
        },
        {
            "id": 188,
            "form": "quella",
            "pos": "ADJ",
            "lemma": "quello",
            "has_context": "false",
            "is_title": "false"
        },
        {
            "id": 189,
            "form": "punizione",
            "pos": "NOM",
            "lemma": "punizione",
            "has_context": "true",
            "is_title": "false"
        },
        {
            "id": 190,
            "form": "quando",
            "pos": "CON",
            "lemma": "quando",
            "has_context": "false",
            "is_title": "false"
        },
        {
            "id": 191,
            "form": "ero",
            "pos": "VER",
            "lemma": "essere",
            "has_context": "false",
            "is_title": "false"
        },
        {
            "id": 192,
            "form": "al",
            "pos": "PRE",
            "lemma": "al",
            "has_context": "false",
            "is_title": "false"
        },
        {
            "id": 193,
            "form": "liceo",
            "pos": "NOM",
            "lemma": "liceo",
            "has_context": "true",
            "is_title": "false"
        },
        {
            "id": 194,
            "form": "!",
            "pos": "SENT",
            "lemma": "!",
            "has_context": "false",
            "is_title": "false"
        }
    ]
