    [
        {
            "id": 1,
            "form": "Lettera",
            "pos": "NOM",
            "lemma": "lettera",
            "has_context": "false",
            "is_title": "true"
        },
        {
            "id": 2,
            "form": "formale",
            "pos": "ADJ",
            "lemma": "formale",
            "has_context": "true",
            "is_title": "true"
        },
        {
            "id": 3,
            "form": "Alla",
            "pos": "PRE",
            "lemma": "al",
            "has_context": "false",
            "is_title": "false"
        },
        {
            "id": 4,
            "form": "Cortese",
            "pos": "ADJ",
            "lemma": "cortese",
            "has_context": "true",
            "is_title": "false"
        },
        {
            "id": 5,
            "form": "attenzione",
            "pos": "NOM",
            "lemma": "attenzione",
            "has_context": "false",
            "is_title": "false"
        },
        {
            "id": 6,
            "form": "del",
            "pos": "PRE",
            "lemma": "del",
            "has_context": "false",
            "is_title": "false"
        },
        {
            "id": 7,
            "form": "Dottor",
            "pos": "NOM",
            "lemma": "dottore",
            "has_context": "false",
            "is_title": "false"
        },
        {
            "id": 8,
            "form": "Guido",
            "pos": "NPR",
            "lemma": "Guido",
            "has_context": "false",
            "is_title": "false"
        },
        {
            "id": 9,
            "form": "Rossi",
            "pos": "NPR",
            "lemma": "Rossi",
            "has_context": "false",
            "is_title": "false"
        },
        {
            "id": 10,
            "form": "responsabile",
            "pos": "ADJ",
            "lemma": "responsabile",
            "has_context": "true",
            "is_title": "false"
        },
        {
            "id": 11,
            "form": "dell’",
            "pos": "PRE",
            "lemma": "del",
            "has_context": "false",
            "is_title": "false"
        },
        {
            "id": 12,
            "form": "ufficio",
            "pos": "NOM",
            "lemma": "ufficio",
            "has_context": "false",
            "is_title": "false"
        },
        {
            "id": 13,
            "form": "del",
            "pos": "PRE",
            "lemma": "del",
            "has_context": "false",
            "is_title": "false"
        },
        {
            "id": 14,
            "form": "personale",
            "pos": "NOM",
            "lemma": "personale",
            "has_context": "true",
            "is_title": "false"
        },
        {
            "id": 15,
            "form": "della",
            "pos": "PRE",
            "lemma": "del",
            "has_context": "false",
            "is_title": "false"
        },
        {
            "id": 16,
            "form": "scuola",
            "pos": "NOM",
            "lemma": "scuola",
            "has_context": "false",
            "is_title": "false"
        },
        {
            "id": 17,
            "form": "di",
            "pos": "PRE",
            "lemma": "di",
            "has_context": "false",
            "is_title": "false"
        },
        {
            "id": 18,
            "form": "italiano",
            "pos": "NOM",
            "lemma": "italiano",
            "has_context": "false",
            "is_title": "false"
        },
        {
            "id": 19,
            "form": "Giovanni",
            "pos": "NPR",
            "lemma": "Giovanni",
            "has_context": "false",
            "is_title": "false"
        },
        {
            "id": 20,
            "form": "Boccaccio",
            "pos": "NPR",
            "lemma": "Boccaccio",
            "has_context": "false",
            "is_title": "false"
        },
        {
            "id": 21,
            "form": "Sede",
            "pos": "NOM",
            "lemma": "sede",
            "has_context": "false",
            "is_title": "false"
        },
        {
            "id": 22,
            "form": "di",
            "pos": "PRE",
            "lemma": "di",
            "has_context": "false",
            "is_title": "false"
        },
        {
            "id": 23,
            "form": "Pechino",
            "pos": "NPR",
            "lemma": "Pechino",
            "has_context": "false",
            "is_title": "false"
        },
        {
            "id": 24,
            "form": "Gentile",
            "pos": "ADJ",
            "lemma": "gentile",
            "has_context": "false",
            "is_title": "false"
        },
        {
            "id": 25,
            "form": "Dottor",
            "pos": "NOM",
            "lemma": "dottore",
            "has_context": "false",
            "is_title": "false"
        },
        {
            "id": 26,
            "form": "Rossi",
            "pos": "NPR",
            "lemma": "Rossi",
            "has_context": "false",
            "is_title": "false"
        },
        {
            "id": 27,
            "form": ",",
            "pos": "PON",
            "lemma": ",",
            "has_context": "false",
            "is_title": "false"
        },
        {
            "id": 28,
            "form": "mi",
            "pos": "PRO",
            "lemma": "mi",
            "has_context": "false",
            "is_title": "false"
        },
        {
            "id": 29,
            "form": "chiamo",
            "pos": "VER",
            "lemma": "chiamare",
            "has_context": "false",
            "is_title": "false"
        },
        {
            "id": 30,
            "form": "Salvatore",
            "pos": "NPR",
            "lemma": "Salvatore",
            "has_context": "false",
            "is_title": "false"
        },
        {
            "id": 31,
            "form": "Galli",
            "pos": "NPR",
            "lemma": "Galli",
            "has_context": "false",
            "is_title": "false"
        },
        {
            "id": 32,
            "form": "e",
            "pos": "CON",
            "lemma": "e",
            "has_context": "false",
            "is_title": "false"
        },
        {
            "id": 33,
            "form": "scrivo",
            "pos": "VER",
            "lemma": "scrivere",
            "has_context": "false",
            "is_title": "false"
        },
        {
            "id": 34,
            "form": "per",
            "pos": "PRE",
            "lemma": "per",
            "has_context": "false",
            "is_title": "false"
        },
        {
            "id": 35,
            "form": "avere",
            "pos": "VER",
            "lemma": "avere",
            "has_context": "false",
            "is_title": "false"
        },
        {
            "id": 36,
            "form": "informazioni",
            "pos": "NOM",
            "lemma": "informazione",
            "has_context": "false",
            "is_title": "false"
        },
        {
            "id": 37,
            "form": "riguardo",
            "pos": "PRE",
            "lemma": "riguardo",
            "has_context": "false",
            "is_title": "false"
        },
        {
            "id": 38,
            "form": "l’",
            "pos": "DET",
            "lemma": "il",
            "has_context": "false",
            "is_title": "false"
        },
        {
            "id": 39,
            "form": "annuncio",
            "pos": "NOM",
            "lemma": "annuncio",
            "has_context": "true",
            "is_title": "false"
        },
        {
            "id": 40,
            "form": "di",
            "pos": "PRE",
            "lemma": "di",
            "has_context": "false",
            "is_title": "false"
        },
        {
            "id": 41,
            "form": "lavoro",
            "pos": "NOM",
            "lemma": "lavoro",
            "has_context": "false",
            "is_title": "false"
        },
        {
            "id": 42,
            "form": "che",
            "pos": "PRO",
            "lemma": "che",
            "has_context": "false",
            "is_title": "false"
        },
        {
            "id": 43,
            "form": "ho",
            "pos": "VER",
            "lemma": "avere",
            "has_context": "false",
            "is_title": "false"
        },
        {
            "id": 44,
            "form": "letto",
            "pos": "VER",
            "lemma": "leggere",
            "has_context": "false",
            "is_title": "false"
        },
        {
            "id": 45,
            "form": "sul",
            "pos": "PRE",
            "lemma": "sul",
            "has_context": "false",
            "is_title": "false"
        },
        {
            "id": 46,
            "form": "vostro",
            "pos": "ADJ",
            "lemma": "vostro",
            "has_context": "false",
            "is_title": "false"
        },
        {
            "id": 47,
            "form": "sito",
            "pos": "NOM",
            "lemma": "sito",
            "has_context": "true",
            "is_title": "false"
        },
        {
            "id": 48,
            "form": ".",
            "pos": "SENT",
            "lemma": ".",
            "has_context": "false",
            "is_title": "false"
        },
        {
            "id": 49,
            "form": "Ho",
            "pos": "VER",
            "lemma": "avere",
            "has_context": "false",
            "is_title": "false"
        },
        {
            "id": 50,
            "form": "letto",
            "pos": "VER",
            "lemma": "leggere",
            "has_context": "false",
            "is_title": "false"
        },
        {
            "id": 51,
            "form": "infatti",
            "pos": "CON",
            "lemma": "infatti",
            "has_context": "false",
            "is_title": "false"
        },
        {
            "id": 52,
            "form": "che",
            "pos": "CON",
            "lemma": "che",
            "has_context": "false",
            "is_title": "false"
        },
        {
            "id": 53,
            "form": "cercate",
            "pos": "VER",
            "lemma": "cercare",
            "has_context": "false",
            "is_title": "false"
        },
        {
            "id": 54,
            "form": "un",
            "pos": "DET",
            "lemma": "un",
            "has_context": "false",
            "is_title": "false"
        },
        {
            "id": 55,
            "form": "docente",
            "pos": "NOM",
            "lemma": "docente",
            "has_context": "true",
            "is_title": "false"
        },
        {
            "id": 56,
            "form": "d’",
            "pos": "PRE",
            "lemma": "di",
            "has_context": "false",
            "is_title": "false"
        },
        {
            "id": 57,
            "form": "italiano",
            "pos": "NOM",
            "lemma": "italiano",
            "has_context": "false",
            "is_title": "false"
        },
        {
            "id": 58,
            "form": "per",
            "pos": "PRE",
            "lemma": "per",
            "has_context": "false",
            "is_title": "false"
        },
        {
            "id": 59,
            "form": "studenti",
            "pos": "NOM",
            "lemma": "studente",
            "has_context": "false",
            "is_title": "false"
        },
        {
            "id": 60,
            "form": "stranieri",
            "pos": "ADJ",
            "lemma": "straniero",
            "has_context": "false",
            "is_title": "false"
        },
        {
            "id": 61,
            "form": "per",
            "pos": "PRE",
            "lemma": "per",
            "has_context": "false",
            "is_title": "false"
        },
        {
            "id": 62,
            "form": "la",
            "pos": "DET",
            "lemma": "il",
            "has_context": "false",
            "is_title": "false"
        },
        {
            "id": 63,
            "form": "vostra",
            "pos": "ADJ",
            "lemma": "vostro",
            "has_context": "false",
            "is_title": "false"
        },
        {
            "id": 64,
            "form": "scuola",
            "pos": "NOM",
            "lemma": "scuola",
            "has_context": "false",
            "is_title": "false"
        },
        {
            "id": 65,
            "form": "di",
            "pos": "PRE",
            "lemma": "di",
            "has_context": "false",
            "is_title": "false"
        },
        {
            "id": 66,
            "form": "Pechino",
            "pos": "NPR",
            "lemma": "Pechino",
            "has_context": "false",
            "is_title": "false"
        },
        {
            "id": 67,
            "form": ".",
            "pos": "SENT",
            "lemma": ".",
            "has_context": "false",
            "is_title": "false"
        },
        {
            "id": 68,
            "form": "Ho",
            "pos": "VER",
            "lemma": "avere",
            "has_context": "false",
            "is_title": "false"
        },
        {
            "id": 69,
            "form": "notato",
            "pos": "VER",
            "lemma": "notare",
            "has_context": "true",
            "is_title": "false"
        },
        {
            "id": 70,
            "form": "che",
            "pos": "PRO",
            "lemma": "che",
            "has_context": "false",
            "is_title": "false"
        },
        {
            "id": 71,
            "form": "nell’",
            "pos": "PRE",
            "lemma": "nel",
            "has_context": "false",
            "is_title": "false"
        },
        {
            "id": 72,
            "form": "annuncio",
            "pos": "NOM",
            "lemma": "annuncio",
            "has_context": "true",
            "is_title": "false"
        },
        {
            "id": 73,
            "form": "non",
            "pos": "ADV",
            "lemma": "non",
            "has_context": "false",
            "is_title": "false"
        },
        {
            "id": 74,
            "form": "vengono",
            "pos": "VER",
            "lemma": "venire",
            "has_context": "false",
            "is_title": "false"
        },
        {
            "id": 75,
            "form": "elencati",
            "pos": "VER",
            "lemma": "elencare",
            "has_context": "true",
            "is_title": "false"
        },
        {
            "id": 76,
            "form": "i",
            "pos": "DET",
            "lemma": "il",
            "has_context": "false",
            "is_title": "false"
        },
        {
            "id": 77,
            "form": "requisiti",
            "pos": "NOM",
            "lemma": "requisito",
            "has_context": "true",
            "is_title": "false"
        },
        {
            "id": 78,
            "form": "per",
            "pos": "PRE",
            "lemma": "per",
            "has_context": "false",
            "is_title": "false"
        },
        {
            "id": 79,
            "form": "poter",
            "pos": "VER",
            "lemma": "potere",
            "has_context": "false",
            "is_title": "false"
        },
        {
            "id": 80,
            "form": "fare",
            "pos": "VER",
            "lemma": "fare",
            "has_context": "false",
            "is_title": "false"
        },
        {
            "id": 81,
            "form": "domanda",
            "pos": "NOM",
            "lemma": "domanda",
            "has_context": "false",
            "is_title": "false"
        },
        {
            "id": 82,
            "form": "per",
            "pos": "PRE",
            "lemma": "per",
            "has_context": "false",
            "is_title": "false"
        },
        {
            "id": 83,
            "form": "il",
            "pos": "DET",
            "lemma": "il",
            "has_context": "false",
            "is_title": "false"
        },
        {
            "id": 84,
            "form": "posto",
            "pos": "NOM",
            "lemma": "posto",
            "has_context": "false",
            "is_title": "false"
        },
        {
            "id": 85,
            "form": "di",
            "pos": "PRE",
            "lemma": "di",
            "has_context": "false",
            "is_title": "false"
        },
        {
            "id": 86,
            "form": "lavoro",
            "pos": "NOM",
            "lemma": "lavoro",
            "has_context": "false",
            "is_title": "false"
        },
        {
            "id": 87,
            "form": ".",
            "pos": "SENT",
            "lemma": ".",
            "has_context": "false",
            "is_title": "false"
        },
        {
            "id": 88,
            "form": "In",
            "pos": "PRE",
            "lemma": "in",
            "has_context": "false",
            "is_title": "false"
        },
        {
            "id": 89,
            "form": "particolare",
            "pos": "NOM",
            "lemma": "particolare",
            "has_context": "true",
            "is_title": "false"
        },
        {
            "id": 90,
            "form": "vorrei",
            "pos": "VER",
            "lemma": "volere",
            "has_context": "false",
            "is_title": "false"
        },
        {
            "id": 91,
            "form": "sapere",
            "pos": "VER",
            "lemma": "sapere",
            "has_context": "false",
            "is_title": "false"
        },
        {
            "id": 92,
            "form": "quali",
            "pos": "PRO",
            "lemma": "quale",
            "has_context": "false",
            "is_title": "false"
        },
        {
            "id": 93,
            "form": "sono",
            "pos": "VER",
            "lemma": "essere",
            "has_context": "false",
            "is_title": "false"
        },
        {
            "id": 94,
            "form": "i",
            "pos": "DET",
            "lemma": "il",
            "has_context": "false",
            "is_title": "false"
        },
        {
            "id": 95,
            "form": "titoli",
            "pos": "NOM",
            "lemma": "titolo",
            "has_context": "true",
            "is_title": "false"
        },
        {
            "id": 96,
            "form": "di",
            "pos": "PRE",
            "lemma": "di",
            "has_context": "false",
            "is_title": "false"
        },
        {
            "id": 97,
            "form": "studio",
            "pos": "NOM",
            "lemma": "studio",
            "has_context": "false",
            "is_title": "false"
        },
        {
            "id": 98,
            "form": "richiesti",
            "pos": "VER",
            "lemma": "richiedere",
            "has_context": "true",
            "is_title": "false"
        },
        {
            "id": 99,
            "form": ".",
            "pos": "SENT",
            "lemma": ".",
            "has_context": "false",
            "is_title": "false"
        },
        {
            "id": 100,
            "form": "È",
            "pos": "VER",
            "lemma": "essere",
            "has_context": "false",
            "is_title": "false"
        },
        {
            "id": 101,
            "form": "richiesta",
            "pos": "VER",
            "lemma": "richiedere",
            "has_context": "true",
            "is_title": "false"
        },
        {
            "id": 102,
            "form": "una",
            "pos": "DET",
            "lemma": "una",
            "has_context": "false",
            "is_title": "false"
        },
        {
            "id": 103,
            "form": "laurea",
            "pos": "NOM",
            "lemma": "laurea",
            "has_context": "true",
            "is_title": "false"
        },
        {
            "id": 104,
            "form": "specifica",
            "pos": "ADJ",
            "lemma": "specifico",
            "has_context": "true",
            "is_title": "false"
        },
        {
            "id": 105,
            "form": "?",
            "pos": "SENT",
            "lemma": "?",
            "has_context": "false",
            "is_title": "false"
        },
        {
            "id": 106,
            "form": "È",
            "pos": "VER",
            "lemma": "essere",
            "has_context": "false",
            "is_title": "false"
        },
        {
            "id": 107,
            "form": "necessario",
            "pos": "ADJ",
            "lemma": "necessario",
            "has_context": "true",
            "is_title": "false"
        },
        {
            "id": 108,
            "form": "avere",
            "pos": "VER",
            "lemma": "avere",
            "has_context": "false",
            "is_title": "false"
        },
        {
            "id": 109,
            "form": "un",
            "pos": "DET",
            "lemma": "un",
            "has_context": "false",
            "is_title": "false"
        },
        {
            "id": 110,
            "form": "diploma",
            "pos": "NOM",
            "lemma": "diploma",
            "has_context": "true",
            "is_title": "false"
        },
        {
            "id": 111,
            "form": "per",
            "pos": "PRE",
            "lemma": "per",
            "has_context": "false",
            "is_title": "false"
        },
        {
            "id": 112,
            "form": "l’",
            "pos": "DET",
            "lemma": "il",
            "has_context": "false",
            "is_title": "false"
        },
        {
            "id": 113,
            "form": "insegnamento",
            "pos": "NOM",
            "lemma": "insegnamento",
            "has_context": "true",
            "is_title": "false"
        },
        {
            "id": 114,
            "form": "dell’",
            "pos": "PRE",
            "lemma": "del",
            "has_context": "false",
            "is_title": "false"
        },
        {
            "id": 115,
            "form": "italiano",
            "pos": "NOM",
            "lemma": "italiano",
            "has_context": "false",
            "is_title": "false"
        },
        {
            "id": 116,
            "form": "?",
            "pos": "SENT",
            "lemma": "?",
            "has_context": "false",
            "is_title": "false"
        },
        {
            "id": 117,
            "form": "Visto",
            "pos": "VER",
            "lemma": "vedere",
            "has_context": "false",
            "is_title": "false"
        },
        {
            "id": 118,
            "form": "che",
            "pos": "CON",
            "lemma": "che",
            "has_context": "false",
            "is_title": "false"
        },
        {
            "id": 119,
            "form": "la",
            "pos": "DET",
            "lemma": "il",
            "has_context": "false",
            "is_title": "false"
        },
        {
            "id": 120,
            "form": "sede",
            "pos": "NOM",
            "lemma": "sede",
            "has_context": "false",
            "is_title": "false"
        },
        {
            "id": 121,
            "form": "di",
            "pos": "PRE",
            "lemma": "di",
            "has_context": "false",
            "is_title": "false"
        },
        {
            "id": 122,
            "form": "lavoro",
            "pos": "NOM",
            "lemma": "lavoro",
            "has_context": "false",
            "is_title": "false"
        },
        {
            "id": 123,
            "form": "è",
            "pos": "VER",
            "lemma": "essere",
            "has_context": "false",
            "is_title": "false"
        },
        {
            "id": 124,
            "form": "a",
            "pos": "PRE",
            "lemma": "a",
            "has_context": "false",
            "is_title": "false"
        },
        {
            "id": 125,
            "form": "Pechino",
            "pos": "NPR",
            "lemma": "Pechino",
            "has_context": "false",
            "is_title": "false"
        },
        {
            "id": 126,
            "form": "mi",
            "pos": "PRO",
            "lemma": "mi",
            "has_context": "false",
            "is_title": "false"
        },
        {
            "id": 127,
            "form": "chiedevo",
            "pos": "VER",
            "lemma": "chiedere",
            "has_context": "false",
            "is_title": "false"
        },
        {
            "id": 128,
            "form": "se",
            "pos": "CON",
            "lemma": "se",
            "has_context": "false",
            "is_title": "false"
        },
        {
            "id": 129,
            "form": "fosse",
            "pos": "VER",
            "lemma": "essere",
            "has_context": "false",
            "is_title": "false"
        },
        {
            "id": 130,
            "form": "richiesta",
            "pos": "VER",
            "lemma": "richiedere",
            "has_context": "true",
            "is_title": "false"
        },
        {
            "id": 131,
            "form": "anche",
            "pos": "CON",
            "lemma": "anche",
            "has_context": "false",
            "is_title": "false"
        },
        {
            "id": 132,
            "form": "una",
            "pos": "DET",
            "lemma": "una",
            "has_context": "false",
            "is_title": "false"
        },
        {
            "id": 133,
            "form": "buona",
            "pos": "ADJ",
            "lemma": "buono",
            "has_context": "false",
            "is_title": "false"
        },
        {
            "id": 134,
            "form": "conoscenza",
            "pos": "NOM",
            "lemma": "conoscenza",
            "has_context": "true",
            "is_title": "false"
        },
        {
            "id": 135,
            "form": "della",
            "pos": "PRE",
            "lemma": "del",
            "has_context": "false",
            "is_title": "false"
        },
        {
            "id": 136,
            "form": "lingua",
            "pos": "NOM",
            "lemma": "lingua",
            "has_context": "false",
            "is_title": "false"
        },
        {
            "id": 137,
            "form": "cinese",
            "pos": "ADJ",
            "lemma": "cinese",
            "has_context": "false",
            "is_title": "false"
        },
        {
            "id": 138,
            "form": ".",
            "pos": "SENT",
            "lemma": ".",
            "has_context": "false",
            "is_title": "false"
        },
        {
            "id": 139,
            "form": "In",
            "pos": "PRE",
            "lemma": "in",
            "has_context": "false",
            "is_title": "false"
        },
        {
            "id": 140,
            "form": "ultimo",
            "pos": "NOM",
            "lemma": "ultimo",
            "has_context": "false",
            "is_title": "false"
        },
        {
            "id": 141,
            "form": "vorrei",
            "pos": "VER",
            "lemma": "volere",
            "has_context": "false",
            "is_title": "false"
        },
        {
            "id": 142,
            "form": "sapere",
            "pos": "VER",
            "lemma": "sapere",
            "has_context": "false",
            "is_title": "false"
        },
        {
            "id": 143,
            "form": "se",
            "pos": "CON",
            "lemma": "se",
            "has_context": "false",
            "is_title": "false"
        },
        {
            "id": 144,
            "form": "è",
            "pos": "VER",
            "lemma": "essere",
            "has_context": "false",
            "is_title": "false"
        },
        {
            "id": 145,
            "form": "necessario",
            "pos": "ADJ",
            "lemma": "necessario",
            "has_context": "true",
            "is_title": "false"
        },
        {
            "id": 146,
            "form": "avere",
            "pos": "VER",
            "lemma": "avere",
            "has_context": "false",
            "is_title": "false"
        },
        {
            "id": 147,
            "form": "già",
            "pos": "ADV",
            "lemma": "già",
            "has_context": "false",
            "is_title": "false"
        },
        {
            "id": 148,
            "form": "avuto",
            "pos": "VER",
            "lemma": "avere",
            "has_context": "false",
            "is_title": "false"
        },
        {
            "id": 149,
            "form": "esperienza",
            "pos": "NOM",
            "lemma": "esperienza",
            "has_context": "true",
            "is_title": "false"
        },
        {
            "id": 150,
            "form": "nell’",
            "pos": "PRE",
            "lemma": "nel",
            "has_context": "false",
            "is_title": "false"
        },
        {
            "id": 151,
            "form": "insegnamento",
            "pos": "NOM",
            "lemma": "insegnamento",
            "has_context": "true",
            "is_title": "false"
        },
        {
            "id": 152,
            "form": "dell’",
            "pos": "PRE",
            "lemma": "del",
            "has_context": "false",
            "is_title": "false"
        },
        {
            "id": 153,
            "form": "italiano",
            "pos": "NOM",
            "lemma": "italiano",
            "has_context": "false",
            "is_title": "false"
        },
        {
            "id": 154,
            "form": "a",
            "pos": "PRE",
            "lemma": "a",
            "has_context": "false",
            "is_title": "false"
        },
        {
            "id": 155,
            "form": "stranieri",
            "pos": "ADJ",
            "lemma": "straniero",
            "has_context": "false",
            "is_title": "false"
        },
        {
            "id": 156,
            "form": ".",
            "pos": "SENT",
            "lemma": ".",
            "has_context": "false",
            "is_title": "false"
        },
        {
            "id": 157,
            "form": "Io",
            "pos": "PRO",
            "lemma": "io",
            "has_context": "false",
            "is_title": "false"
        },
        {
            "id": 158,
            "form": "mi",
            "pos": "PRO",
            "lemma": "mi",
            "has_context": "false",
            "is_title": "false"
        },
        {
            "id": 159,
            "form": "sono",
            "pos": "VER",
            "lemma": "essere",
            "has_context": "false",
            "is_title": "false"
        },
        {
            "id": 160,
            "form": "appena",
            "pos": "ADV",
            "lemma": "appena",
            "has_context": "false",
            "is_title": "false"
        },
        {
            "id": 161,
            "form": "laureato",
            "pos": "VER",
            "lemma": "laureare",
            "has_context": "true",
            "is_title": "false"
        },
        {
            "id": 162,
            "form": "in",
            "pos": "PRE",
            "lemma": "in",
            "has_context": "false",
            "is_title": "false"
        },
        {
            "id": 163,
            "form": "lettere",
            "pos": "NOM",
            "lemma": "lettera",
            "has_context": "false",
            "is_title": "false"
        },
        {
            "id": 164,
            "form": "e",
            "pos": "CON",
            "lemma": "e",
            "has_context": "false",
            "is_title": "false"
        },
        {
            "id": 165,
            "form": "non",
            "pos": "ADV",
            "lemma": "non",
            "has_context": "false",
            "is_title": "false"
        },
        {
            "id": 166,
            "form": "ho",
            "pos": "VER",
            "lemma": "avere",
            "has_context": "false",
            "is_title": "false"
        },
        {
            "id": 167,
            "form": "ancora",
            "pos": "ADV",
            "lemma": "ancora",
            "has_context": "false",
            "is_title": "false"
        },
        {
            "id": 168,
            "form": "esperienza",
            "pos": "NOM",
            "lemma": "esperienza",
            "has_context": "true",
            "is_title": "false"
        },
        {
            "id": 169,
            "form": "nell’",
            "pos": "PRE",
            "lemma": "nel",
            "has_context": "false",
            "is_title": "false"
        },
        {
            "id": 170,
            "form": "insegnamento",
            "pos": "NOM",
            "lemma": "insegnamento",
            "has_context": "true",
            "is_title": "false"
        },
        {
            "id": 171,
            "form": "dell’",
            "pos": "PRE",
            "lemma": "del",
            "has_context": "false",
            "is_title": "false"
        },
        {
            "id": 172,
            "form": "italiano",
            "pos": "NOM",
            "lemma": "italiano",
            "has_context": "false",
            "is_title": "false"
        },
        {
            "id": 173,
            "form": ",",
            "pos": "PON",
            "lemma": ",",
            "has_context": "false",
            "is_title": "false"
        },
        {
            "id": 174,
            "form": "pertanto",
            "pos": "ADV",
            "lemma": "pertanto",
            "has_context": "false",
            "is_title": "false"
        },
        {
            "id": 175,
            "form": "vorrei",
            "pos": "VER",
            "lemma": "volere",
            "has_context": "false",
            "is_title": "false"
        },
        {
            "id": 176,
            "form": "avere",
            "pos": "VER",
            "lemma": "avere",
            "has_context": "false",
            "is_title": "false"
        },
        {
            "id": 177,
            "form": "queste",
            "pos": "PRO",
            "lemma": "questo",
            "has_context": "false",
            "is_title": "false"
        },
        {
            "id": 178,
            "form": "informazioni",
            "pos": "NOM",
            "lemma": "informazione",
            "has_context": "false",
            "is_title": "false"
        },
        {
            "id": 179,
            "form": "per",
            "pos": "PRE",
            "lemma": "per",
            "has_context": "false",
            "is_title": "false"
        },
        {
            "id": 180,
            "form": "sapere",
            "pos": "VER",
            "lemma": "sapere",
            "has_context": "false",
            "is_title": "false"
        },
        {
            "id": 181,
            "form": "se",
            "pos": "CON",
            "lemma": "se",
            "has_context": "false",
            "is_title": "false"
        },
        {
            "id": 182,
            "form": "sono",
            "pos": "VER",
            "lemma": "essere",
            "has_context": "false",
            "is_title": "false"
        },
        {
            "id": 183,
            "form": "idoneo",
            "pos": "ADJ",
            "lemma": "idoneo",
            "has_context": "true",
            "is_title": "false"
        },
        {
            "id": 184,
            "form": "o",
            "pos": "CON",
            "lemma": "o",
            "has_context": "false",
            "is_title": "false"
        },
        {
            "id": 185,
            "form": "meno",
            "pos": "ADV",
            "lemma": "meno",
            "has_context": "false",
            "is_title": "false"
        },
        {
            "id": 186,
            "form": "per",
            "pos": "PRE",
            "lemma": "per",
            "has_context": "false",
            "is_title": "false"
        },
        {
            "id": 187,
            "form": "fare",
            "pos": "VER",
            "lemma": "fare",
            "has_context": "false",
            "is_title": "false"
        },
        {
            "id": 188,
            "form": "domanda",
            "pos": "NOM",
            "lemma": "domanda",
            "has_context": "false",
            "is_title": "false"
        },
        {
            "id": 189,
            "form": ".",
            "pos": "SENT",
            "lemma": ".",
            "has_context": "false",
            "is_title": "false"
        },
        {
            "id": 190,
            "form": "Nell’",
            "pos": "PRE",
            "lemma": "nel",
            "has_context": "false",
            "is_title": "false"
        },
        {
            "id": 191,
            "form": "attesa",
            "pos": "NOM",
            "lemma": "attesa",
            "has_context": "true",
            "is_title": "false"
        },
        {
            "id": 192,
            "form": "di",
            "pos": "PRE",
            "lemma": "di",
            "has_context": "false",
            "is_title": "false"
        },
        {
            "id": 193,
            "form": "un",
            "pos": "DET",
            "lemma": "un",
            "has_context": "false",
            "is_title": "false"
        },
        {
            "id": 194,
            "form": "suo",
            "pos": "ADJ",
            "lemma": "suo",
            "has_context": "false",
            "is_title": "false"
        },
        {
            "id": 195,
            "form": "gentile",
            "pos": "ADJ",
            "lemma": "gentile",
            "has_context": "false",
            "is_title": "false"
        },
        {
            "id": 196,
            "form": "riscontro",
            "pos": "NOM",
            "lemma": "riscontro",
            "has_context": "true",
            "is_title": "false"
        },
        {
            "id": 197,
            "form": ",",
            "pos": "PON",
            "lemma": ",",
            "has_context": "false",
            "is_title": "false"
        },
        {
            "id": 198,
            "form": "Le",
            "pos": "PRO",
            "lemma": "le",
            "has_context": "false",
            "is_title": "false"
        },
        {
            "id": 199,
            "form": "porgo",
            "pos": "VER",
            "lemma": "porgere",
            "has_context": "true",
            "is_title": "false"
        },
        {
            "id": 200,
            "form": "i",
            "pos": "DET",
            "lemma": "il",
            "has_context": "false",
            "is_title": "false"
        },
        {
            "id": 201,
            "form": "miei",
            "pos": "ADJ",
            "lemma": "mio",
            "has_context": "false",
            "is_title": "false"
        },
        {
            "id": 202,
            "form": "più",
            "pos": "ADV",
            "lemma": "più",
            "has_context": "false",
            "is_title": "false"
        },
        {
            "id": 203,
            "form": "cordiali",
            "pos": "ADJ",
            "lemma": "cordiale",
            "has_context": "true",
            "is_title": "false"
        },
        {
            "id": 204,
            "form": "saluti",
            "pos": "NOM",
            "lemma": "saluto",
            "has_context": "false",
            "is_title": "false"
        },
        {
            "id": 205,
            "form": ",",
            "pos": "PON",
            "lemma": ",",
            "has_context": "false",
            "is_title": "false"
        },
        {
            "id": 206,
            "form": "Salvatore",
            "pos": "NPR",
            "lemma": "Salvatore",
            "has_context": "false",
            "is_title": "false"
        },
        {
            "id": 207,
            "form": "Galli",
            "pos": "NPR",
            "lemma": "Galli",
            "has_context": "false",
            "is_title": "false"
        }
    ]
