    [
        {
            "id": 1,
            "form": "Il",
            "pos": "DET",
            "lemma": "il",
            "has_context": "false",
            "is_title": "true"
        },
        {
            "id": 2,
            "form": "festival",
            "pos": "NOM",
            "lemma": "festival",
            "has_context": "false",
            "is_title": "true"
        },
        {
            "id": 3,
            "form": "della",
            "pos": "PRE",
            "lemma": "del",
            "has_context": "false",
            "is_title": "true"
        },
        {
            "id": 4,
            "form": "matematica",
            "pos": "ADJ",
            "lemma": "matematico",
            "has_context": "true",
            "is_title": "true"
        },
        {
            "id": 5,
            "form": "L’",
            "pos": "DET",
            "lemma": "il",
            "has_context": "false",
            "is_title": "false"
        },
        {
            "id": 6,
            "form": "università",
            "pos": "NOM",
            "lemma": "università",
            "has_context": "false",
            "is_title": "false"
        },
        {
            "id": 7,
            "form": "degli",
            "pos": "PRE",
            "lemma": "del",
            "has_context": "false",
            "is_title": "false"
        },
        {
            "id": 8,
            "form": "studi",
            "pos": "NOM",
            "lemma": "studio",
            "has_context": "false",
            "is_title": "false"
        },
        {
            "id": 9,
            "form": "di",
            "pos": "PRE",
            "lemma": "di",
            "has_context": "false",
            "is_title": "false"
        },
        {
            "id": 10,
            "form": "Pisa",
            "pos": "NPR",
            "lemma": "Pisa",
            "has_context": "false",
            "is_title": "false"
        },
        {
            "id": 11,
            "form": "in",
            "pos": "PRE",
            "lemma": "in",
            "has_context": "false",
            "is_title": "false"
        },
        {
            "id": 12,
            "form": "collaborazione",
            "pos": "NOM",
            "lemma": "collaborazione",
            "has_context": "true",
            "is_title": "false"
        },
        {
            "id": 13,
            "form": "con",
            "pos": "PRE",
            "lemma": "con",
            "has_context": "false",
            "is_title": "false"
        },
        {
            "id": 14,
            "form": "il",
            "pos": "DET",
            "lemma": "il",
            "has_context": "false",
            "is_title": "false"
        },
        {
            "id": 15,
            "form": "Comune",
            "pos": "NOM",
            "lemma": "comune",
            "has_context": "true",
            "is_title": "false"
        },
        {
            "id": 16,
            "form": "di",
            "pos": "PRE",
            "lemma": "di",
            "has_context": "false",
            "is_title": "false"
        },
        {
            "id": 17,
            "form": "Pisa",
            "pos": "NPR",
            "lemma": "Pisa",
            "has_context": "false",
            "is_title": "false"
        },
        {
            "id": 18,
            "form": "organizza",
            "pos": "VER",
            "lemma": "organizzare",
            "has_context": "false",
            "is_title": "false"
        },
        {
            "id": 19,
            "form": "per",
            "pos": "PRE",
            "lemma": "per",
            "has_context": "false",
            "is_title": "false"
        },
        {
            "id": 20,
            "form": "il",
            "pos": "DET",
            "lemma": "il",
            "has_context": "false",
            "is_title": "false"
        },
        {
            "id": 21,
            "form": "quinto",
            "pos": "ADJ",
            "lemma": "quinto",
            "has_context": "false",
            "is_title": "false"
        },
        {
            "id": 22,
            "form": "anno",
            "pos": "NOM",
            "lemma": "anno",
            "has_context": "false",
            "is_title": "false"
        },
        {
            "id": 23,
            "form": "consecutivo",
            "pos": "ADJ",
            "lemma": "consecutivo",
            "has_context": "true",
            "is_title": "false"
        },
        {
            "id": 24,
            "form": "il",
            "pos": "DET",
            "lemma": "il",
            "has_context": "false",
            "is_title": "false"
        },
        {
            "id": 25,
            "form": "Festival",
            "pos": "FW",
            "lemma": "Festival",
            "has_context": "false",
            "is_title": "false"
        },
        {
            "id": 26,
            "form": "della",
            "pos": "PRE",
            "lemma": "del",
            "has_context": "false",
            "is_title": "false"
        },
        {
            "id": 27,
            "form": "Matematica",
            "pos": "NOM",
            "lemma": "matematica",
            "has_context": "false",
            "is_title": "false"
        },
        {
            "id": 28,
            "form": ".",
            "pos": "SENT",
            "lemma": ".",
            "has_context": "false",
            "is_title": "false"
        },
        {
            "id": 29,
            "form": "Un",
            "pos": "DET",
            "lemma": "un",
            "has_context": "false",
            "is_title": "false"
        },
        {
            "id": 30,
            "form": "evento",
            "pos": "NOM",
            "lemma": "evento",
            "has_context": "true",
            "is_title": "false"
        },
        {
            "id": 31,
            "form": "che",
            "pos": "PRO",
            "lemma": "che",
            "has_context": "false",
            "is_title": "false"
        },
        {
            "id": 32,
            "form": "vede",
            "pos": "VER",
            "lemma": "vedere",
            "has_context": "false",
            "is_title": "false"
        },
        {
            "id": 33,
            "form": "la",
            "pos": "DET",
            "lemma": "il",
            "has_context": "false",
            "is_title": "false"
        },
        {
            "id": 34,
            "form": "partecipazione",
            "pos": "NOM",
            "lemma": "partecipazione",
            "has_context": "true",
            "is_title": "false"
        },
        {
            "id": 35,
            "form": "di",
            "pos": "PRE",
            "lemma": "di",
            "has_context": "false",
            "is_title": "false"
        },
        {
            "id": 36,
            "form": "illustri",
            "pos": "ADJ",
            "lemma": "illustre",
            "has_context": "true",
            "is_title": "false"
        },
        {
            "id": 37,
            "form": "esperti",
            "pos": "NOM",
            "lemma": "esperto",
            "has_context": "true",
            "is_title": "false"
        },
        {
            "id": 38,
            "form": "del",
            "pos": "PRE",
            "lemma": "del",
            "has_context": "false",
            "is_title": "false"
        },
        {
            "id": 39,
            "form": "settore",
            "pos": "NOM",
            "lemma": "settore",
            "has_context": "true",
            "is_title": "false"
        },
        {
            "id": 40,
            "form": ",",
            "pos": "PON",
            "lemma": ",",
            "has_context": "false",
            "is_title": "false"
        },
        {
            "id": 41,
            "form": "quali",
            "pos": "PRO",
            "lemma": "quale",
            "has_context": "false",
            "is_title": "false"
        },
        {
            "id": 42,
            "form": "professori",
            "pos": "NOM",
            "lemma": "professore",
            "has_context": "false",
            "is_title": "false"
        },
        {
            "id": 43,
            "form": "di",
            "pos": "PRE",
            "lemma": "di",
            "has_context": "false",
            "is_title": "false"
        },
        {
            "id": 44,
            "form": "calcolo",
            "pos": "NOM",
            "lemma": "calcolo",
            "has_context": "true",
            "is_title": "false"
        },
        {
            "id": 45,
            "form": ",",
            "pos": "PON",
            "lemma": ",",
            "has_context": "false",
            "is_title": "false"
        },
        {
            "id": 46,
            "form": "statistica",
            "pos": "NOM",
            "lemma": "statistica",
            "has_context": "true",
            "is_title": "false"
        },
        {
            "id": 47,
            "form": "e",
            "pos": "CON",
            "lemma": "e",
            "has_context": "false",
            "is_title": "false"
        },
        {
            "id": 48,
            "form": "probabilità",
            "pos": "NOM",
            "lemma": "probabilità",
            "has_context": "true",
            "is_title": "false"
        },
        {
            "id": 49,
            "form": "oltre",
            "pos": "CON",
            "lemma": "oltre",
            "has_context": "false",
            "is_title": "false"
        },
        {
            "id": 50,
            "form": "ad",
            "pos": "PRE",
            "lemma": "ad",
            "has_context": "false",
            "is_title": "false"
        },
        {
            "id": 51,
            "form": "esponenti",
            "pos": "NOM",
            "lemma": "esponente",
            "has_context": "true",
            "is_title": "false"
        },
        {
            "id": 52,
            "form": "della",
            "pos": "PRE",
            "lemma": "del",
            "has_context": "false",
            "is_title": "false"
        },
        {
            "id": 53,
            "form": "Camera",
            "pos": "NOM",
            "lemma": "camera",
            "has_context": "false",
            "is_title": "false"
        },
        {
            "id": 54,
            "form": "di",
            "pos": "PRE",
            "lemma": "di",
            "has_context": "false",
            "is_title": "false"
        },
        {
            "id": 55,
            "form": "Commercio",
            "pos": "NOM",
            "lemma": "commercio",
            "has_context": "true",
            "is_title": "false"
        },
        {
            "id": 56,
            "form": "di",
            "pos": "PRE",
            "lemma": "di",
            "has_context": "false",
            "is_title": "false"
        },
        {
            "id": 57,
            "form": "Pisa",
            "pos": "NPR",
            "lemma": "Pisa",
            "has_context": "false",
            "is_title": "false"
        },
        {
            "id": 58,
            "form": "e",
            "pos": "CON",
            "lemma": "e",
            "has_context": "false",
            "is_title": "false"
        },
        {
            "id": 59,
            "form": "altri",
            "pos": "PRO",
            "lemma": "altro",
            "has_context": "false",
            "is_title": "false"
        },
        {
            "id": 60,
            "form": "professionisti",
            "pos": "NOM",
            "lemma": "professionista",
            "has_context": "true",
            "is_title": "false"
        },
        {
            "id": 61,
            "form": "in",
            "pos": "PRE",
            "lemma": "in",
            "has_context": "false",
            "is_title": "false"
        },
        {
            "id": 62,
            "form": "vari",
            "pos": "ADJ",
            "lemma": "vario",
            "has_context": "true",
            "is_title": "false"
        },
        {
            "id": 63,
            "form": "settori",
            "pos": "NOM",
            "lemma": "settore",
            "has_context": "true",
            "is_title": "false"
        },
        {
            "id": 64,
            "form": "dell’",
            "pos": "PRE",
            "lemma": "del",
            "has_context": "false",
            "is_title": "false"
        },
        {
            "id": 65,
            "form": "industria",
            "pos": "NOM",
            "lemma": "industria",
            "has_context": "false",
            "is_title": "false"
        },
        {
            "id": 66,
            "form": "che",
            "pos": "PRO",
            "lemma": "che",
            "has_context": "false",
            "is_title": "false"
        },
        {
            "id": 67,
            "form": "si",
            "pos": "PRO",
            "lemma": "si",
            "has_context": "false",
            "is_title": "false"
        },
        {
            "id": 68,
            "form": "servono",
            "pos": "VER",
            "lemma": "servire",
            "has_context": "true",
            "is_title": "false"
        },
        {
            "id": 69,
            "form": "della",
            "pos": "PRE",
            "lemma": "del",
            "has_context": "false",
            "is_title": "false"
        },
        {
            "id": 70,
            "form": "matematica",
            "pos": "NOM",
            "lemma": "matematica",
            "has_context": "false",
            "is_title": "false"
        },
        {
            "id": 71,
            "form": "nella",
            "pos": "PRE",
            "lemma": "nel",
            "has_context": "false",
            "is_title": "false"
        },
        {
            "id": 72,
            "form": "vita",
            "pos": "NOM",
            "lemma": "vita",
            "has_context": "true",
            "is_title": "false"
        },
        {
            "id": 73,
            "form": "di",
            "pos": "PRE",
            "lemma": "di",
            "has_context": "false",
            "is_title": "false"
        },
        {
            "id": 74,
            "form": "tutti",
            "pos": "PRO",
            "lemma": "tutto",
            "has_context": "false",
            "is_title": "false"
        },
        {
            "id": 75,
            "form": "i",
            "pos": "DET",
            "lemma": "il",
            "has_context": "false",
            "is_title": "false"
        },
        {
            "id": 76,
            "form": "giorni",
            "pos": "NOM",
            "lemma": "giorno",
            "has_context": "false",
            "is_title": "false"
        },
        {
            "id": 77,
            "form": ".",
            "pos": "SENT",
            "lemma": ".",
            "has_context": "false",
            "is_title": "false"
        },
        {
            "id": 78,
            "form": "Ci",
            "pos": "PRO",
            "lemma": "ci",
            "has_context": "false",
            "is_title": "false"
        },
        {
            "id": 79,
            "form": "spiegheranno",
            "pos": "VER",
            "lemma": "spiegare",
            "has_context": "false",
            "is_title": "false"
        },
        {
            "id": 80,
            "form": ",",
            "pos": "PON",
            "lemma": ",",
            "has_context": "false",
            "is_title": "false"
        },
        {
            "id": 81,
            "form": "ad",
            "pos": "PRE",
            "lemma": "ad",
            "has_context": "false",
            "is_title": "false"
        },
        {
            "id": 82,
            "form": "esempio",
            "pos": "NOM",
            "lemma": "esempio",
            "has_context": "false",
            "is_title": "false"
        },
        {
            "id": 83,
            "form": ",",
            "pos": "PON",
            "lemma": ",",
            "has_context": "false",
            "is_title": "false"
        },
        {
            "id": 84,
            "form": "come",
            "pos": "CON",
            "lemma": "come",
            "has_context": "false",
            "is_title": "false"
        },
        {
            "id": 85,
            "form": "funziona",
            "pos": "VER",
            "lemma": "funzionare",
            "has_context": "true",
            "is_title": "false"
        },
        {
            "id": 86,
            "form": "il",
            "pos": "DET",
            "lemma": "il",
            "has_context": "false",
            "is_title": "false"
        },
        {
            "id": 87,
            "form": "calcolo",
            "pos": "NOM",
            "lemma": "calcolo",
            "has_context": "true",
            "is_title": "false"
        },
        {
            "id": 88,
            "form": "delle",
            "pos": "PRE",
            "lemma": "del",
            "has_context": "false",
            "is_title": "false"
        },
        {
            "id": 89,
            "form": "probabilità",
            "pos": "NOM",
            "lemma": "probabilità",
            "has_context": "true",
            "is_title": "false"
        },
        {
            "id": 90,
            "form": "che",
            "pos": "PRO",
            "lemma": "che",
            "has_context": "false",
            "is_title": "false"
        },
        {
            "id": 91,
            "form": "è",
            "pos": "VER",
            "lemma": "essere",
            "has_context": "false",
            "is_title": "false"
        },
        {
            "id": 92,
            "form": "alla",
            "pos": "PRE",
            "lemma": "al",
            "has_context": "false",
            "is_title": "false"
        },
        {
            "id": 93,
            "form": "base",
            "pos": "NOM",
            "lemma": "base",
            "has_context": "true",
            "is_title": "false"
        },
        {
            "id": 94,
            "form": "di",
            "pos": "PRE",
            "lemma": "di",
            "has_context": "false",
            "is_title": "false"
        },
        {
            "id": 95,
            "form": "giochi",
            "pos": "NOM",
            "lemma": "gioco",
            "has_context": "false",
            "is_title": "false"
        },
        {
            "id": 96,
            "form": "come",
            "pos": "AVV",
            "lemma": "come",
            "has_context": "false",
            "is_title": "false"
        },
        {
            "id": 97,
            "form": "lotterie",
            "pos": "NOM",
            "lemma": "lotteria",
            "has_context": "true",
            "is_title": "false"
        },
        {
            "id": 98,
            "form": ",",
            "pos": "PON",
            "lemma": ",",
            "has_context": "false",
            "is_title": "false"
        },
        {
            "id": 99,
            "form": "lotto",
            "pos": "NOM",
            "lemma": "lotto",
            "has_context": "true",
            "is_title": "false"
        },
        {
            "id": 100,
            "form": "e",
            "pos": "CON",
            "lemma": "e",
            "has_context": "false",
            "is_title": "false"
        },
        {
            "id": 101,
            "form": "slot-machines",
            "pos": "FW",
            "lemma": "slot-machine",
            "has_context": "false",
            "is_title": "false"
        },
        {
            "id": 102,
            "form": ".",
            "pos": "SENT",
            "lemma": ".",
            "has_context": "false",
            "is_title": "false"
        },
        {
            "id": 103,
            "form": "Ci",
            "pos": "PRO",
            "lemma": "ci",
            "has_context": "false",
            "is_title": "false"
        },
        {
            "id": 104,
            "form": "insegneranno",
            "pos": "VER",
            "lemma": "insegnare",
            "has_context": "false",
            "is_title": "false"
        },
        {
            "id": 105,
            "form": "come",
            "pos": "PRE",
            "lemma": "come",
            "has_context": "false",
            "is_title": "false"
        },
        {
            "id": 106,
            "form": "la",
            "pos": "DET",
            "lemma": "il",
            "has_context": "false",
            "is_title": "false"
        },
        {
            "id": 107,
            "form": "matematica",
            "pos": "NOM",
            "lemma": "matematica",
            "has_context": "false",
            "is_title": "false"
        },
        {
            "id": 108,
            "form": "è",
            "pos": "VER",
            "lemma": "essere",
            "has_context": "false",
            "is_title": "false"
        },
        {
            "id": 109,
            "form": "alla",
            "pos": "PRE",
            "lemma": "al",
            "has_context": "false",
            "is_title": "false"
        },
        {
            "id": 110,
            "form": "base",
            "pos": "NOM",
            "lemma": "base",
            "has_context": "true",
            "is_title": "false"
        },
        {
            "id": 111,
            "form": "della",
            "pos": "PRE",
            "lemma": "del",
            "has_context": "false",
            "is_title": "false"
        },
        {
            "id": 112,
            "form": "tecnologia",
            "pos": "NOM",
            "lemma": "tecnologia",
            "has_context": "true",
            "is_title": "false"
        },
        {
            "id": 113,
            "form": "moderna",
            "pos": "ADJ",
            "lemma": "moderno",
            "has_context": "false",
            "is_title": "false"
        },
        {
            "id": 114,
            "form": ",",
            "pos": "PON",
            "lemma": ",",
            "has_context": "false",
            "is_title": "false"
        },
        {
            "id": 115,
            "form": "soprattutto",
            "pos": "ADV",
            "lemma": "soprattutto",
            "has_context": "true",
            "is_title": "false"
        },
        {
            "id": 116,
            "form": "dell’",
            "pos": "PRE",
            "lemma": "del",
            "has_context": "false",
            "is_title": "false"
        },
        {
            "id": 117,
            "form": "informatica",
            "pos": "NOM",
            "lemma": "informatica",
            "has_context": "false",
            "is_title": "false"
        },
        {
            "id": 118,
            "form": ".",
            "pos": "SENT",
            "lemma": ".",
            "has_context": "false",
            "is_title": "false"
        },
        {
            "id": 119,
            "form": "Ma",
            "pos": "CON",
            "lemma": "ma",
            "has_context": "false",
            "is_title": "false"
        },
        {
            "id": 120,
            "form": "soprattutto",
            "pos": "ADV",
            "lemma": "soprattutto",
            "has_context": "true",
            "is_title": "false"
        },
        {
            "id": 121,
            "form": "ci",
            "pos": "PRO",
            "lemma": "ci",
            "has_context": "false",
            "is_title": "false"
        },
        {
            "id": 122,
            "form": "faranno",
            "pos": "VER",
            "lemma": "fare",
            "has_context": "false",
            "is_title": "false"
        },
        {
            "id": 123,
            "form": "scoprire",
            "pos": "VER",
            "lemma": "scoprire",
            "has_context": "true",
            "is_title": "false"
        },
        {
            "id": 124,
            "form": "piccoli",
            "pos": "ADJ",
            "lemma": "piccolo",
            "has_context": "false",
            "is_title": "false"
        },
        {
            "id": 125,
            "form": "trucchi",
            "pos": "NOM",
            "lemma": "trucco",
            "has_context": "true",
            "is_title": "false"
        },
        {
            "id": 126,
            "form": "per",
            "pos": "PRE",
            "lemma": "per",
            "has_context": "false",
            "is_title": "false"
        },
        {
            "id": 127,
            "form": "aiutarci",
            "pos": "VER",
            "lemma": "aiutare",
            "has_context": "false",
            "is_title": "false"
        },
        {
            "id": 128,
            "form": "nella",
            "pos": "PRE",
            "lemma": "nel",
            "has_context": "false",
            "is_title": "false"
        },
        {
            "id": 129,
            "form": "vita",
            "pos": "NOM",
            "lemma": "vita",
            "has_context": "true",
            "is_title": "false"
        },
        {
            "id": 130,
            "form": "quotidiana",
            "pos": "ADJ",
            "lemma": "quotidiano",
            "has_context": "true",
            "is_title": "false"
        },
        {
            "id": 131,
            "form": "grazie",
            "pos": "INT",
            "lemma": "grazie",
            "has_context": "false",
            "is_title": "false"
        },
        {
            "id": 132,
            "form": "alla",
            "pos": "PRE",
            "lemma": "al",
            "has_context": "false",
            "is_title": "false"
        },
        {
            "id": 133,
            "form": "matematica",
            "pos": "NOM",
            "lemma": "matematica",
            "has_context": "false",
            "is_title": "false"
        },
        {
            "id": 134,
            "form": ".",
            "pos": "SENT",
            "lemma": ".",
            "has_context": "false",
            "is_title": "false"
        },
        {
            "id": 135,
            "form": "Gli",
            "pos": "DET",
            "lemma": "il",
            "has_context": "false",
            "is_title": "false"
        },
        {
            "id": 136,
            "form": "esperti",
            "pos": "NOM",
            "lemma": "esperto",
            "has_context": "true",
            "is_title": "false"
        },
        {
            "id": 137,
            "form": "della",
            "pos": "PRE",
            "lemma": "del",
            "has_context": "false",
            "is_title": "false"
        },
        {
            "id": 138,
            "form": "Camera",
            "pos": "NOM",
            "lemma": "camera",
            "has_context": "false",
            "is_title": "false"
        },
        {
            "id": 139,
            "form": "di",
            "pos": "PRE",
            "lemma": "di",
            "has_context": "false",
            "is_title": "false"
        },
        {
            "id": 140,
            "form": "Commercio",
            "pos": "NOM",
            "lemma": "commercio",
            "has_context": "true",
            "is_title": "false"
        },
        {
            "id": 141,
            "form": "ci",
            "pos": "PRO",
            "lemma": "ci",
            "has_context": "false",
            "is_title": "false"
        },
        {
            "id": 142,
            "form": "spiegheranno",
            "pos": "VER",
            "lemma": "spiegare",
            "has_context": "false",
            "is_title": "false"
        },
        {
            "id": 143,
            "form": "come",
            "pos": "ADV",
            "lemma": "come",
            "has_context": "false",
            "is_title": "false"
        },
        {
            "id": 144,
            "form": "far",
            "pos": "VER",
            "lemma": "fare",
            "has_context": "false",
            "is_title": "false"
        },
        {
            "id": 145,
            "form": "quadrare",
            "pos": "VER",
            "lemma": "quadrare",
            "has_context": "true",
            "is_title": "false"
        },
        {
            "id": 146,
            "form": "il",
            "pos": "DET",
            "lemma": "il",
            "has_context": "false",
            "is_title": "false"
        },
        {
            "id": 147,
            "form": "bilancio",
            "pos": "NOM",
            "lemma": "bilancio",
            "has_context": "false",
            "is_title": "false"
        },
        {
            "id": 148,
            "form": "e",
            "pos": "CON",
            "lemma": "e",
            "has_context": "false",
            "is_title": "false"
        },
        {
            "id": 149,
            "form": "riuscire",
            "pos": "VER",
            "lemma": "riuscire",
            "has_context": "true",
            "is_title": "false"
        },
        {
            "id": 150,
            "form": "a",
            "pos": "PRE",
            "lemma": "a",
            "has_context": "false",
            "is_title": "false"
        },
        {
            "id": 151,
            "form": "mettere",
            "pos": "VER",
            "lemma": "mettere",
            "has_context": "false",
            "is_title": "false"
        },
        {
            "id": 152,
            "form": "qualche",
            "pos": "ADJ",
            "lemma": "qualche",
            "has_context": "false",
            "is_title": "false"
        },
        {
            "id": 153,
            "form": "risparmio",
            "pos": "NOM",
            "lemma": "risparmio",
            "has_context": "true",
            "is_title": "false"
        },
        {
            "id": 154,
            "form": "da",
            "pos": "PRE",
            "lemma": "da",
            "has_context": "false",
            "is_title": "false"
        },
        {
            "id": 155,
            "form": "parte",
            "pos": "NOM",
            "lemma": "parte",
            "has_context": "false",
            "is_title": "false"
        },
        {
            "id": 156,
            "form": ".",
            "pos": "SENT",
            "lemma": ".",
            "has_context": "false",
            "is_title": "false"
        },
        {
            "id": 157,
            "form": "Ci",
            "pos": "PRO",
            "lemma": "ci",
            "has_context": "false",
            "is_title": "false"
        },
        {
            "id": 158,
            "form": "spiegheranno",
            "pos": "VER",
            "lemma": "spiegare",
            "has_context": "false",
            "is_title": "false"
        },
        {
            "id": 159,
            "form": "inoltre",
            "pos": "CON",
            "lemma": "inoltre",
            "has_context": "false",
            "is_title": "false"
        },
        {
            "id": 160,
            "form": "come",
            "pos": "ADV",
            "lemma": "come",
            "has_context": "false",
            "is_title": "false"
        },
        {
            "id": 161,
            "form": "funziona",
            "pos": "VER",
            "lemma": "funzionare",
            "has_context": "true",
            "is_title": "false"
        },
        {
            "id": 162,
            "form": "il",
            "pos": "DET",
            "lemma": "il",
            "has_context": "false",
            "is_title": "false"
        },
        {
            "id": 163,
            "form": "mercato",
            "pos": "NOM",
            "lemma": "mercato",
            "has_context": "false",
            "is_title": "false"
        },
        {
            "id": 164,
            "form": "della",
            "pos": "PRE",
            "lemma": "del",
            "has_context": "false",
            "is_title": "false"
        },
        {
            "id": 165,
            "form": "borsa",
            "pos": "NOM",
            "lemma": "borsa",
            "has_context": "false",
            "is_title": "false"
        },
        {
            "id": 166,
            "form": "e",
            "pos": "CON",
            "lemma": "e",
            "has_context": "false",
            "is_title": "false"
        },
        {
            "id": 167,
            "form": "quante",
            "pos": "PRO",
            "lemma": "quanto",
            "has_context": "false",
            "is_title": "false"
        },
        {
            "id": 168,
            "form": "probabilità",
            "pos": "NOM",
            "lemma": "probabilità",
            "has_context": "true",
            "is_title": "false"
        },
        {
            "id": 169,
            "form": "ci",
            "pos": "PRO",
            "lemma": "ci",
            "has_context": "false",
            "is_title": "false"
        },
        {
            "id": 170,
            "form": "sono",
            "pos": "VER",
            "lemma": "essere",
            "has_context": "false",
            "is_title": "false"
        },
        {
            "id": 171,
            "form": "di",
            "pos": "PRE",
            "lemma": "di",
            "has_context": "false",
            "is_title": "false"
        },
        {
            "id": 172,
            "form": "fare",
            "pos": "VER",
            "lemma": "fare",
            "has_context": "false",
            "is_title": "false"
        },
        {
            "id": 173,
            "form": "un",
            "pos": "DET",
            "lemma": "un",
            "has_context": "false",
            "is_title": "false"
        },
        {
            "id": 174,
            "form": "buon",
            "pos": "ADJ",
            "lemma": "buono",
            "has_context": "false",
            "is_title": "false"
        },
        {
            "id": 175,
            "form": "investimento",
            "pos": "NOM",
            "lemma": "investimento",
            "has_context": "true",
            "is_title": "false"
        },
        {
            "id": 176,
            "form": ",",
            "pos": "PON",
            "lemma": ",",
            "has_context": "false",
            "is_title": "false"
        },
        {
            "id": 177,
            "form": "data",
            "pos": "VER",
            "lemma": "dare",
            "has_context": "false",
            "is_title": "false"
        },
        {
            "id": 178,
            "form": "anche",
            "pos": "CON",
            "lemma": "anche",
            "has_context": "false",
            "is_title": "false"
        },
        {
            "id": 179,
            "form": "la",
            "pos": "DET",
            "lemma": "il",
            "has_context": "false",
            "is_title": "false"
        },
        {
            "id": 180,
            "form": "natura",
            "pos": "NOM",
            "lemma": "natura",
            "has_context": "false",
            "is_title": "false"
        },
        {
            "id": 181,
            "form": "instabile",
            "pos": "ADJ",
            "lemma": "instabile",
            "has_context": "true",
            "is_title": "false"
        },
        {
            "id": 182,
            "form": "del",
            "pos": "PRE",
            "lemma": "del",
            "has_context": "false",
            "is_title": "false"
        },
        {
            "id": 183,
            "form": "mercato",
            "pos": "NOM",
            "lemma": "mercato",
            "has_context": "false",
            "is_title": "false"
        },
        {
            "id": 184,
            "form": ".",
            "pos": "SENT",
            "lemma": ".",
            "has_context": "false",
            "is_title": "false"
        },
        {
            "id": 185,
            "form": "Insomma",
            "pos": "CON",
            "lemma": "insomma",
            "has_context": "false",
            "is_title": "false"
        },
        {
            "id": 186,
            "form": ",",
            "pos": "PON",
            "lemma": ",",
            "has_context": "false",
            "is_title": "false"
        },
        {
            "id": 187,
            "form": "dal",
            "pos": "PRE",
            "lemma": "dal",
            "has_context": "false",
            "is_title": "false"
        },
        {
            "id": 188,
            "form": "13",
            "pos": "NUM",
            "lemma": "@card@",
            "has_context": "false",
            "is_title": "false"
        },
        {
            "id": 189,
            "form": "al",
            "pos": "PRE",
            "lemma": "al",
            "has_context": "false",
            "is_title": "false"
        },
        {
            "id": 190,
            "form": "18",
            "pos": "NUM",
            "lemma": "@card@",
            "has_context": "false",
            "is_title": "false"
        },
        {
            "id": 191,
            "form": "aprile",
            "pos": "NOM",
            "lemma": "aprile",
            "has_context": "false",
            "is_title": "false"
        },
        {
            "id": 192,
            "form": "si",
            "pos": "PRO",
            "lemma": "si",
            "has_context": "false",
            "is_title": "false"
        },
        {
            "id": 193,
            "form": "alterneranno",
            "pos": "VER",
            "lemma": "alternare",
            "has_context": "true",
            "is_title": "false"
        },
        {
            "id": 194,
            "form": "interventi",
            "pos": "NOM",
            "lemma": "intervento",
            "has_context": "true",
            "is_title": "false"
        },
        {
            "id": 195,
            "form": "e",
            "pos": "CON",
            "lemma": "e",
            "has_context": "false",
            "is_title": "false"
        },
        {
            "id": 196,
            "form": "conferenze",
            "pos": "NOM",
            "lemma": "conferenza",
            "has_context": "true",
            "is_title": "false"
        },
        {
            "id": 197,
            "form": "di",
            "pos": "PRE",
            "lemma": "di",
            "has_context": "false",
            "is_title": "false"
        },
        {
            "id": 198,
            "form": "questi",
            "pos": "ADJ",
            "lemma": "questo",
            "has_context": "false",
            "is_title": "false"
        },
        {
            "id": 199,
            "form": "illustri",
            "pos": "ADJ",
            "lemma": "illustre",
            "has_context": "true",
            "is_title": "false"
        },
        {
            "id": 200,
            "form": "esperti",
            "pos": "NOM",
            "lemma": "esperto",
            "has_context": "true",
            "is_title": "false"
        },
        {
            "id": 201,
            "form": "del",
            "pos": "PRE",
            "lemma": "del",
            "has_context": "false",
            "is_title": "false"
        },
        {
            "id": 202,
            "form": "settore",
            "pos": "NOM",
            "lemma": "settore",
            "has_context": "true",
            "is_title": "false"
        },
        {
            "id": 203,
            "form": "che",
            "pos": "PRO",
            "lemma": "che",
            "has_context": "false",
            "is_title": "false"
        },
        {
            "id": 204,
            "form": "spiegheranno",
            "pos": "VER",
            "lemma": "spiegare",
            "has_context": "false",
            "is_title": "false"
        },
        {
            "id": 205,
            "form": "a",
            "pos": "PRE",
            "lemma": "a",
            "has_context": "false",
            "is_title": "false"
        },
        {
            "id": 206,
            "form": "noi",
            "pos": "PRO",
            "lemma": "noi",
            "has_context": "false",
            "is_title": "false"
        },
        {
            "id": 207,
            "form": "profani",
            "pos": "NOM",
            "lemma": "profano",
            "has_context": "true",
            "is_title": "false"
        },
        {
            "id": 208,
            "form": "come",
            "pos": "ADV",
            "lemma": "come",
            "has_context": "false",
            "is_title": "false"
        },
        {
            "id": 209,
            "form": "la",
            "pos": "DET",
            "lemma": "il",
            "has_context": "false",
            "is_title": "false"
        },
        {
            "id": 210,
            "form": "matematica",
            "pos": "NOM",
            "lemma": "matematica",
            "has_context": "false",
            "is_title": "false"
        },
        {
            "id": 211,
            "form": "condiziona",
            "pos": "VER",
            "lemma": "condizionare",
            "has_context": "true",
            "is_title": "false"
        },
        {
            "id": 212,
            "form": "la",
            "pos": "DET",
            "lemma": "il",
            "has_context": "false",
            "is_title": "false"
        },
        {
            "id": 213,
            "form": "nostra",
            "pos": "ADJ",
            "lemma": "nostro",
            "has_context": "false",
            "is_title": "false"
        },
        {
            "id": 214,
            "form": "vita",
            "pos": "NOM",
            "lemma": "vita",
            "has_context": "true",
            "is_title": "false"
        },
        {
            "id": 215,
            "form": "e",
            "pos": "CON",
            "lemma": "e",
            "has_context": "false",
            "is_title": "false"
        },
        {
            "id": 216,
            "form": "come",
            "pos": "ADV",
            "lemma": "come",
            "has_context": "false",
            "is_title": "false"
        },
        {
            "id": 217,
            "form": "possiamo",
            "pos": "VER",
            "lemma": "potere",
            "has_context": "false",
            "is_title": "false"
        },
        {
            "id": 218,
            "form": "servircene",
            "pos": "VER",
            "lemma": "servire",
            "has_context": "true",
            "is_title": "false"
        },
        {
            "id": 219,
            "form": "per",
            "pos": "PRE",
            "lemma": "per",
            "has_context": "false",
            "is_title": "false"
        },
        {
            "id": 220,
            "form": "semplificarla",
            "pos": "VER",
            "lemma": "semplificare",
            "has_context": "true",
            "is_title": "false"
        },
        {
            "id": 221,
            "form": ".",
            "pos": "SENT",
            "lemma": ".",
            "has_context": "false",
            "is_title": "false"
        },
        {
            "id": 222,
            "form": "Le",
            "pos": "DET",
            "lemma": "il",
            "has_context": "false",
            "is_title": "false"
        },
        {
            "id": 223,
            "form": "conferenze",
            "pos": "NOM",
            "lemma": "conferenza",
            "has_context": "true",
            "is_title": "false"
        },
        {
            "id": 224,
            "form": "si",
            "pos": "PRO",
            "lemma": "si",
            "has_context": "false",
            "is_title": "false"
        },
        {
            "id": 225,
            "form": "terranno",
            "pos": "VER",
            "lemma": "tenere",
            "has_context": "false",
            "is_title": "false"
        },
        {
            "id": 226,
            "form": "nell’",
            "pos": "PRE",
            "lemma": "nel",
            "has_context": "false",
            "is_title": "false"
        },
        {
            "id": 227,
            "form": "aula",
            "pos": "NOM",
            "lemma": "aula",
            "has_context": "false",
            "is_title": "false"
        },
        {
            "id": 228,
            "form": "magna",
            "pos": "ADJ",
            "lemma": "magno",
            "has_context": "true",
            "is_title": "false"
        },
        {
            "id": 229,
            "form": "della",
            "pos": "PRE",
            "lemma": "del",
            "has_context": "false",
            "is_title": "false"
        },
        {
            "id": 230,
            "form": "facoltà",
            "pos": "NOM",
            "lemma": "facoltà",
            "has_context": "false",
            "is_title": "false"
        },
        {
            "id": 231,
            "form": "di",
            "pos": "PRE",
            "lemma": "di",
            "has_context": "false",
            "is_title": "false"
        },
        {
            "id": 232,
            "form": "economia",
            "pos": "NOM",
            "lemma": "economia",
            "has_context": "false",
            "is_title": "false"
        },
        {
            "id": 233,
            "form": "dell’",
            "pos": "PRE",
            "lemma": "del",
            "has_context": "false",
            "is_title": "false"
        },
        {
            "id": 234,
            "form": "università",
            "pos": "NOM",
            "lemma": "università",
            "has_context": "false",
            "is_title": "false"
        },
        {
            "id": 235,
            "form": "e",
            "pos": "CON",
            "lemma": "e",
            "has_context": "false",
            "is_title": "false"
        },
        {
            "id": 236,
            "form": "nella",
            "pos": "PRE",
            "lemma": "nel",
            "has_context": "false",
            "is_title": "false"
        },
        {
            "id": 237,
            "form": "sala",
            "pos": "NOM",
            "lemma": "sala",
            "has_context": "false",
            "is_title": "false"
        },
        {
            "id": 238,
            "form": "consiliare",
            "pos": "ADJ",
            "lemma": "consiliare",
            "has_context": "true",
            "is_title": "false"
        },
        {
            "id": 239,
            "form": "del",
            "pos": "PRE",
            "lemma": "del",
            "has_context": "false",
            "is_title": "false"
        },
        {
            "id": 240,
            "form": "comune",
            "pos": "NOM",
            "lemma": "comune",
            "has_context": "true",
            "is_title": "false"
        },
        {
            "id": 241,
            "form": ",",
            "pos": "PON",
            "lemma": ",",
            "has_context": "false",
            "is_title": "false"
        },
        {
            "id": 242,
            "form": "il",
            "pos": "DET",
            "lemma": "il",
            "has_context": "false",
            "is_title": "false"
        },
        {
            "id": 243,
            "form": "programma",
            "pos": "NOM",
            "lemma": "programma",
            "has_context": "false",
            "is_title": "false"
        },
        {
            "id": 244,
            "form": "è",
            "pos": "VER",
            "lemma": "essere",
            "has_context": "false",
            "is_title": "false"
        },
        {
            "id": 245,
            "form": "disponibile",
            "pos": "ADJ",
            "lemma": "disponibile",
            "has_context": "true",
            "is_title": "false"
        },
        {
            "id": 246,
            "form": "sul",
            "pos": "PRE",
            "lemma": "sul",
            "has_context": "false",
            "is_title": "false"
        },
        {
            "id": 247,
            "form": "sito",
            "pos": "NOM",
            "lemma": "sito",
            "has_context": "true",
            "is_title": "false"
        },
        {
            "id": 248,
            "form": "del",
            "pos": "PRE",
            "lemma": "del",
            "has_context": "false",
            "is_title": "false"
        },
        {
            "id": 249,
            "form": "Comune",
            "pos": "NOM",
            "lemma": "comune",
            "has_context": "true",
            "is_title": "false"
        },
        {
            "id": 250,
            "form": "di",
            "pos": "PRE",
            "lemma": "di",
            "has_context": "false",
            "is_title": "false"
        },
        {
            "id": 251,
            "form": "Pisa",
            "pos": "NPR",
            "lemma": "Pisa",
            "has_context": "false",
            "is_title": "false"
        },
        {
            "id": 252,
            "form": ".",
            "pos": "SENT",
            "lemma": ".",
            "has_context": "false",
            "is_title": "false"
        },
        {
            "id": 253,
            "form": "Vi",
            "pos": "PRO",
            "lemma": "vi",
            "has_context": "false",
            "is_title": "false"
        },
        {
            "id": 254,
            "form": "aspettiamo",
            "pos": "VER",
            "lemma": "aspettare",
            "has_context": "false",
            "is_title": "false"
        },
        {
            "id": 255,
            "form": "numerosi",
            "pos": "ADJ",
            "lemma": "numeroso",
            "has_context": "true",
            "is_title": "false"
        },
        {
            "id": 256,
            "form": ".",
            "pos": "SENT",
            "lemma": ".",
            "has_context": "false",
            "is_title": "false"
        }
    ]
