    [
        {
            "id": 1,
            "form": "La",
            "pos": "DET",
            "lemma": "il",
            "has_context": "false",
            "is_title": "true"
        },
        {
            "id": 2,
            "form": "disavventura",
            "pos": "NOM",
            "lemma": "disavventura",
            "has_context": "true",
            "is_title": "true"
        },
        {
            "id": 3,
            "form": "di",
            "pos": "PRE",
            "lemma": "di",
            "has_context": "false",
            "is_title": "true"
        },
        {
            "id": 4,
            "form": "Mara",
            "pos": "NPR",
            "lemma": "Mara",
            "has_context": "false",
            "is_title": "true"
        },
        {
            "id": 5,
            "form": "Quando",
            "pos": "CON",
            "lemma": "quando",
            "has_context": "false",
            "is_title": "false"
        },
        {
            "id": 6,
            "form": "Mara",
            "pos": "NPR",
            "lemma": "Mara",
            "has_context": "false",
            "is_title": "false"
        },
        {
            "id": 7,
            "form": "è",
            "pos": "VER",
            "lemma": "essere",
            "has_context": "false",
            "is_title": "false"
        },
        {
            "id": 8,
            "form": "stata",
            "pos": "VER",
            "lemma": "essere",
            "has_context": "false",
            "is_title": "false"
        },
        {
            "id": 9,
            "form": "derubata",
            "pos": "VER",
            "lemma": "derubare",
            "has_context": "true",
            "is_title": "false"
        },
        {
            "id": 10,
            "form": "della",
            "pos": "PRE",
            "lemma": "del",
            "has_context": "false",
            "is_title": "false"
        },
        {
            "id": 11,
            "form": "borsetta",
            "pos": "NOM",
            "lemma": "borsa",
            "has_context": "false",
            "is_title": "false"
        },
        {
            "id": 12,
            "form": "sul",
            "pos": "PRE",
            "lemma": "sul",
            "has_context": "false",
            "is_title": "false"
        },
        {
            "id": 13,
            "form": "treno",
            "pos": "NOM",
            "lemma": "treno",
            "has_context": "false",
            "is_title": "false"
        },
        {
            "id": 14,
            "form": ",",
            "pos": "PON",
            "lemma": ",",
            "has_context": "false",
            "is_title": "false"
        },
        {
            "id": 15,
            "form": "il",
            "pos": "DET",
            "lemma": "il",
            "has_context": "false",
            "is_title": "false"
        },
        {
            "id": 16,
            "form": "capotreno",
            "pos": "NOM",
            "lemma": "capotreno",
            "has_context": "true",
            "is_title": "false"
        },
        {
            "id": 17,
            "form": "le",
            "pos": "PRO",
            "lemma": "le",
            "has_context": "false",
            "is_title": "false"
        },
        {
            "id": 18,
            "form": "ha",
            "pos": "VER",
            "lemma": "avere",
            "has_context": "false",
            "is_title": "false"
        },
        {
            "id": 19,
            "form": "consigliato",
            "pos": "VER",
            "lemma": "consigliare",
            "has_context": "true",
            "is_title": "false"
        },
        {
            "id": 20,
            "form": "di",
            "pos": "PRE",
            "lemma": "di",
            "has_context": "false",
            "is_title": "false"
        },
        {
            "id": 21,
            "form": "fare",
            "pos": "VER",
            "lemma": "fare",
            "has_context": "false",
            "is_title": "false"
        },
        {
            "id": 22,
            "form": "la",
            "pos": "DET",
            "lemma": "il",
            "has_context": "false",
            "is_title": "false"
        },
        {
            "id": 23,
            "form": "denuncia",
            "pos": "NOM",
            "lemma": "denuncia",
            "has_context": "true",
            "is_title": "false"
        },
        {
            "id": 24,
            "form": "alla",
            "pos": "PRE",
            "lemma": "al",
            "has_context": "false",
            "is_title": "false"
        },
        {
            "id": 25,
            "form": "più",
            "pos": "ADV",
            "lemma": "più",
            "has_context": "false",
            "is_title": "false"
        },
        {
            "id": 26,
            "form": "vicina",
            "pos": "ADJ",
            "lemma": "vicino",
            "has_context": "false",
            "is_title": "false"
        },
        {
            "id": 27,
            "form": "stazione",
            "pos": "NOM",
            "lemma": "stazione",
            "has_context": "false",
            "is_title": "false"
        },
        {
            "id": 28,
            "form": "di",
            "pos": "PRE",
            "lemma": "di",
            "has_context": "false",
            "is_title": "false"
        },
        {
            "id": 29,
            "form": "polizia",
            "pos": "NOM",
            "lemma": "polizia",
            "has_context": "false",
            "is_title": "false"
        },
        {
            "id": 30,
            "form": ".",
            "pos": "SENT",
            "lemma": ".",
            "has_context": "false",
            "is_title": "false"
        },
        {
            "id": 31,
            "form": "Appena",
            "pos": "CON",
            "lemma": "appena",
            "has_context": "false",
            "is_title": "false"
        },
        {
            "id": 32,
            "form": "Mara",
            "pos": "NPR",
            "lemma": "Mara",
            "has_context": "false",
            "is_title": "false"
        },
        {
            "id": 33,
            "form": "è",
            "pos": "VER",
            "lemma": "essere",
            "has_context": "false",
            "is_title": "false"
        },
        {
            "id": 34,
            "form": "arrivata",
            "pos": "VER",
            "lemma": "arrivare",
            "has_context": "false",
            "is_title": "false"
        },
        {
            "id": 35,
            "form": "alla",
            "pos": "PRE",
            "lemma": "al",
            "has_context": "false",
            "is_title": "false"
        },
        {
            "id": 36,
            "form": "stazione",
            "pos": "NOM",
            "lemma": "stazione",
            "has_context": "false",
            "is_title": "false"
        },
        {
            "id": 37,
            "form": "di",
            "pos": "PRE",
            "lemma": "di",
            "has_context": "false",
            "is_title": "false"
        },
        {
            "id": 38,
            "form": "polizia",
            "pos": "NOM",
            "lemma": "polizia",
            "has_context": "false",
            "is_title": "false"
        },
        {
            "id": 39,
            "form": "è",
            "pos": "VER",
            "lemma": "essere",
            "has_context": "false",
            "is_title": "false"
        },
        {
            "id": 40,
            "form": "stata",
            "pos": "VER",
            "lemma": "essere",
            "has_context": "false",
            "is_title": "false"
        },
        {
            "id": 41,
            "form": "accolta",
            "pos": "VER",
            "lemma": "accogliere",
            "has_context": "true",
            "is_title": "false"
        },
        {
            "id": 42,
            "form": "da",
            "pos": "PRE",
            "lemma": "da",
            "has_context": "false",
            "is_title": "false"
        },
        {
            "id": 43,
            "form": "un",
            "pos": "DET",
            "lemma": "un",
            "has_context": "false",
            "is_title": "false"
        },
        {
            "id": 44,
            "form": "poliziotto",
            "pos": "NOM",
            "lemma": "poliziotto",
            "has_context": "true",
            "is_title": "false"
        },
        {
            "id": 45,
            "form": "che",
            "pos": "PRO",
            "lemma": "che",
            "has_context": "false",
            "is_title": "false"
        },
        {
            "id": 46,
            "form": "le",
            "pos": "PRO",
            "lemma": "le",
            "has_context": "false",
            "is_title": "false"
        },
        {
            "id": 47,
            "form": "ha",
            "pos": "VER",
            "lemma": "avere",
            "has_context": "false",
            "is_title": "false"
        },
        {
            "id": 48,
            "form": "domandato",
            "pos": "VER",
            "lemma": "domandare",
            "has_context": "false",
            "is_title": "false"
        },
        {
            "id": 49,
            "form": "che",
            "pos": "PRO",
            "lemma": "che",
            "has_context": "false",
            "is_title": "false"
        },
        {
            "id": 50,
            "form": "cosa",
            "pos": "PRO",
            "lemma": "cosa",
            "has_context": "false",
            "is_title": "false"
        },
        {
            "id": 51,
            "form": "le",
            "pos": "PRO",
            "lemma": "le",
            "has_context": "false",
            "is_title": "false"
        },
        {
            "id": 52,
            "form": "servisse",
            "pos": "VER",
            "lemma": "servire",
            "has_context": "true",
            "is_title": "false"
        },
        {
            "id": 53,
            "form": ".",
            "pos": "SENT",
            "lemma": ".",
            "has_context": "false",
            "is_title": "false"
        },
        {
            "id": 54,
            "form": "Mara",
            "pos": "NPR",
            "lemma": "Mara",
            "has_context": "false",
            "is_title": "false"
        },
        {
            "id": 55,
            "form": ",",
            "pos": "PON",
            "lemma": ",",
            "has_context": "false",
            "is_title": "false"
        },
        {
            "id": 56,
            "form": "parlando",
            "pos": "VER",
            "lemma": "parlare",
            "has_context": "false",
            "is_title": "false"
        },
        {
            "id": 57,
            "form": "con",
            "pos": "PRE",
            "lemma": "con",
            "has_context": "false",
            "is_title": "false"
        },
        {
            "id": 58,
            "form": "agitazione",
            "pos": "NOM",
            "lemma": "agitazione",
            "has_context": "true",
            "is_title": "false"
        },
        {
            "id": 59,
            "form": ",",
            "pos": "PON",
            "lemma": ",",
            "has_context": "false",
            "is_title": "false"
        },
        {
            "id": 60,
            "form": "gli",
            "pos": "PRO",
            "lemma": "gli",
            "has_context": "false",
            "is_title": "false"
        },
        {
            "id": 61,
            "form": "ha",
            "pos": "VER",
            "lemma": "avere",
            "has_context": "false",
            "is_title": "false"
        },
        {
            "id": 62,
            "form": "detto",
            "pos": "VER",
            "lemma": "dire",
            "has_context": "false",
            "is_title": "false"
        },
        {
            "id": 63,
            "form": "che",
            "pos": "CON",
            "lemma": "che",
            "has_context": "false",
            "is_title": "false"
        },
        {
            "id": 64,
            "form": "era",
            "pos": "VER",
            "lemma": "essere",
            "has_context": "false",
            "is_title": "false"
        },
        {
            "id": 65,
            "form": "venuta",
            "pos": "VER",
            "lemma": "venire",
            "has_context": "false",
            "is_title": "false"
        },
        {
            "id": 66,
            "form": "per",
            "pos": "PRE",
            "lemma": "per",
            "has_context": "false",
            "is_title": "false"
        },
        {
            "id": 67,
            "form": "sporgere",
            "pos": "VER",
            "lemma": "sporgere",
            "has_context": "true",
            "is_title": "false"
        },
        {
            "id": 68,
            "form": "denuncia",
            "pos": "NOM",
            "lemma": "denuncia",
            "has_context": "true",
            "is_title": "false"
        },
        {
            "id": 69,
            "form": "per",
            "pos": "PRE",
            "lemma": "per",
            "has_context": "false",
            "is_title": "false"
        },
        {
            "id": 70,
            "form": "il",
            "pos": "DET",
            "lemma": "il",
            "has_context": "false",
            "is_title": "false"
        },
        {
            "id": 71,
            "form": "furto",
            "pos": "NOM",
            "lemma": "furto",
            "has_context": "true",
            "is_title": "false"
        },
        {
            "id": 72,
            "form": "della",
            "pos": "PRE",
            "lemma": "del",
            "has_context": "false",
            "is_title": "false"
        },
        {
            "id": 73,
            "form": "sua",
            "pos": "ADJ",
            "lemma": "suo",
            "has_context": "false",
            "is_title": "false"
        },
        {
            "id": 74,
            "form": "borsa",
            "pos": "NOM",
            "lemma": "borsa",
            "has_context": "false",
            "is_title": "false"
        },
        {
            "id": 75,
            "form": ".",
            "pos": "SENT",
            "lemma": ".",
            "has_context": "false",
            "is_title": "false"
        },
        {
            "id": 76,
            "form": "Il",
            "pos": "DET",
            "lemma": "il",
            "has_context": "false",
            "is_title": "false"
        },
        {
            "id": 77,
            "form": "poliziotto",
            "pos": "NOM",
            "lemma": "poliziotto",
            "has_context": "true",
            "is_title": "false"
        },
        {
            "id": 78,
            "form": "le",
            "pos": "PRO",
            "lemma": "le",
            "has_context": "false",
            "is_title": "false"
        },
        {
            "id": 79,
            "form": "ha",
            "pos": "VER",
            "lemma": "avere",
            "has_context": "false",
            "is_title": "false"
        },
        {
            "id": 80,
            "form": "indicato",
            "pos": "VER",
            "lemma": "indicare",
            "has_context": "true",
            "is_title": "false"
        },
        {
            "id": 81,
            "form": "di",
            "pos": "PRE",
            "lemma": "di",
            "has_context": "false",
            "is_title": "false"
        },
        {
            "id": 82,
            "form": "andare",
            "pos": "VER",
            "lemma": "andare",
            "has_context": "false",
            "is_title": "false"
        },
        {
            "id": 83,
            "form": "all’",
            "pos": "PRE",
            "lemma": "al",
            "has_context": "false",
            "is_title": "false"
        },
        {
            "id": 84,
            "form": "ufficio",
            "pos": "NOM",
            "lemma": "ufficio",
            "has_context": "false",
            "is_title": "false"
        },
        {
            "id": 85,
            "form": "del",
            "pos": "PRE",
            "lemma": "del",
            "has_context": "false",
            "is_title": "false"
        },
        {
            "id": 86,
            "form": "Capitano",
            "pos": "NOM",
            "lemma": "capitano",
            "has_context": "true",
            "is_title": "false"
        },
        {
            "id": 87,
            "form": ",",
            "pos": "PON",
            "lemma": ",",
            "has_context": "false",
            "is_title": "false"
        },
        {
            "id": 88,
            "form": "che",
            "pos": "PRO",
            "lemma": "che",
            "has_context": "false",
            "is_title": "false"
        },
        {
            "id": 89,
            "form": "si",
            "pos": "PRO",
            "lemma": "si",
            "has_context": "false",
            "is_title": "false"
        },
        {
            "id": 90,
            "form": "trovava",
            "pos": "VER",
            "lemma": "trovare",
            "has_context": "false",
            "is_title": "false"
        },
        {
            "id": 91,
            "form": "in",
            "pos": "PRE",
            "lemma": "in",
            "has_context": "false",
            "is_title": "false"
        },
        {
            "id": 92,
            "form": "fondo",
            "pos": "NOM",
            "lemma": "fondo",
            "has_context": "true",
            "is_title": "false"
        },
        {
            "id": 93,
            "form": "al",
            "pos": "PRE",
            "lemma": "al",
            "has_context": "false",
            "is_title": "false"
        },
        {
            "id": 94,
            "form": "corridoio",
            "pos": "NOM",
            "lemma": "corridoio",
            "has_context": "true",
            "is_title": "false"
        },
        {
            "id": 95,
            "form": ".",
            "pos": "SENT",
            "lemma": ".",
            "has_context": "false",
            "is_title": "false"
        },
        {
            "id": 96,
            "form": "Mara",
            "pos": "NPR",
            "lemma": "Mara",
            "has_context": "false",
            "is_title": "false"
        },
        {
            "id": 97,
            "form": "si",
            "pos": "PRO",
            "lemma": "si",
            "has_context": "false",
            "is_title": "false"
        },
        {
            "id": 98,
            "form": "è",
            "pos": "VER",
            "lemma": "essere",
            "has_context": "false",
            "is_title": "false"
        },
        {
            "id": 99,
            "form": "diretta",
            "pos": "VER",
            "lemma": "dirigere",
            "has_context": "true",
            "is_title": "false"
        },
        {
            "id": 100,
            "form": "all’",
            "pos": "PRE",
            "lemma": "al",
            "has_context": "false",
            "is_title": "false"
        },
        {
            "id": 101,
            "form": "ufficio",
            "pos": "NOM",
            "lemma": "ufficio",
            "has_context": "false",
            "is_title": "false"
        },
        {
            "id": 102,
            "form": "dove",
            "pos": "PRO",
            "lemma": "dove",
            "has_context": "false",
            "is_title": "false"
        },
        {
            "id": 103,
            "form": "ha",
            "pos": "VER",
            "lemma": "avere",
            "has_context": "false",
            "is_title": "false"
        },
        {
            "id": 104,
            "form": "trovato",
            "pos": "VER",
            "lemma": "trovare",
            "has_context": "false",
            "is_title": "false"
        },
        {
            "id": 105,
            "form": "il",
            "pos": "DET",
            "lemma": "il",
            "has_context": "false",
            "is_title": "false"
        },
        {
            "id": 106,
            "form": "Capitano",
            "pos": "NOM",
            "lemma": "capitano",
            "has_context": "true",
            "is_title": "false"
        },
        {
            "id": 107,
            "form": "seduto",
            "pos": "VER",
            "lemma": "sedere",
            "has_context": "true",
            "is_title": "false"
        },
        {
            "id": 108,
            "form": "alla",
            "pos": "PRE",
            "lemma": "al",
            "has_context": "false",
            "is_title": "false"
        },
        {
            "id": 109,
            "form": "sua",
            "pos": "ADJ",
            "lemma": "suo",
            "has_context": "false",
            "is_title": "false"
        },
        {
            "id": 110,
            "form": "scrivania",
            "pos": "NOM",
            "lemma": "scrivania",
            "has_context": "false",
            "is_title": "false"
        },
        {
            "id": 111,
            "form": ".",
            "pos": "SENT",
            "lemma": ".",
            "has_context": "false",
            "is_title": "false"
        },
        {
            "id": 112,
            "form": "Il",
            "pos": "DET",
            "lemma": "il",
            "has_context": "false",
            "is_title": "false"
        },
        {
            "id": 113,
            "form": "Capitano",
            "pos": "NOM",
            "lemma": "capitano",
            "has_context": "true",
            "is_title": "false"
        },
        {
            "id": 114,
            "form": "le",
            "pos": "PRO",
            "lemma": "le",
            "has_context": "false",
            "is_title": "false"
        },
        {
            "id": 115,
            "form": "ha",
            "pos": "VER",
            "lemma": "avere",
            "has_context": "false",
            "is_title": "false"
        },
        {
            "id": 116,
            "form": "domandato",
            "pos": "VER",
            "lemma": "domandare",
            "has_context": "false",
            "is_title": "false"
        },
        {
            "id": 117,
            "form": "come",
            "pos": "CON",
            "lemma": "come",
            "has_context": "false",
            "is_title": "false"
        },
        {
            "id": 118,
            "form": "fossero",
            "pos": "VER",
            "lemma": "essere",
            "has_context": "false",
            "is_title": "false"
        },
        {
            "id": 119,
            "form": "andate",
            "pos": "VER",
            "lemma": "andare",
            "has_context": "false",
            "is_title": "false"
        },
        {
            "id": 120,
            "form": "le",
            "pos": "DET",
            "lemma": "il",
            "has_context": "false",
            "is_title": "false"
        },
        {
            "id": 121,
            "form": "cose",
            "pos": "NOM",
            "lemma": "cosa",
            "has_context": "false",
            "is_title": "false"
        },
        {
            "id": 122,
            "form": ".",
            "pos": "SENT",
            "lemma": ".",
            "has_context": "false",
            "is_title": "false"
        },
        {
            "id": 123,
            "form": "Mara",
            "pos": "NPR",
            "lemma": "Mara",
            "has_context": "false",
            "is_title": "false"
        },
        {
            "id": 124,
            "form": "allora",
            "pos": "CON",
            "lemma": "allora",
            "has_context": "false",
            "is_title": "false"
        },
        {
            "id": 125,
            "form": "si",
            "pos": "PRO",
            "lemma": "si",
            "has_context": "false",
            "is_title": "false"
        },
        {
            "id": 126,
            "form": "è",
            "pos": "VER",
            "lemma": "essere",
            "has_context": "false",
            "is_title": "false"
        },
        {
            "id": 127,
            "form": "un",
            "pos": "DET",
            "lemma": "un",
            "has_context": "false",
            "is_title": "false"
        },
        {
            "id": 128,
            "form": "po’",
            "pos": "ADV",
            "lemma": "po’",
            "has_context": "false",
            "is_title": "false"
        },
        {
            "id": 129,
            "form": "calmata",
            "pos": "VER",
            "lemma": "calmare",
            "has_context": "true",
            "is_title": "false"
        },
        {
            "id": 130,
            "form": "e",
            "pos": "CON",
            "lemma": "e",
            "has_context": "false",
            "is_title": "false"
        },
        {
            "id": 131,
            "form": "ha",
            "pos": "VER",
            "lemma": "avere",
            "has_context": "false",
            "is_title": "false"
        },
        {
            "id": 132,
            "form": "cominciato",
            "pos": "VER",
            "lemma": "cominciare",
            "has_context": "false",
            "is_title": "false"
        },
        {
            "id": 133,
            "form": "a",
            "pos": "PRE",
            "lemma": "a",
            "has_context": "false",
            "is_title": "false"
        },
        {
            "id": 134,
            "form": "raccontare",
            "pos": "VER",
            "lemma": "raccontare",
            "has_context": "true",
            "is_title": "false"
        },
        {
            "id": 135,
            "form": "tutto",
            "pos": "PRO",
            "lemma": "tutto",
            "has_context": "false",
            "is_title": "false"
        },
        {
            "id": 136,
            "form": "al",
            "pos": "PRE",
            "lemma": "al",
            "has_context": "false",
            "is_title": "false"
        },
        {
            "id": 137,
            "form": "capitano",
            "pos": "NOM",
            "lemma": "capitano",
            "has_context": "true",
            "is_title": "false"
        },
        {
            "id": 138,
            "form": ".",
            "pos": "SENT",
            "lemma": ".",
            "has_context": "false",
            "is_title": "false"
        },
        {
            "id": 139,
            "form": "Gli",
            "pos": "PRO",
            "lemma": "gli",
            "has_context": "false",
            "is_title": "false"
        },
        {
            "id": 140,
            "form": "ha",
            "pos": "VER",
            "lemma": "avere",
            "has_context": "false",
            "is_title": "false"
        },
        {
            "id": 141,
            "form": "raccontato",
            "pos": "VER",
            "lemma": "raccontare",
            "has_context": "true",
            "is_title": "false"
        },
        {
            "id": 142,
            "form": "che",
            "pos": "CON",
            "lemma": "che",
            "has_context": "false",
            "is_title": "false"
        },
        {
            "id": 143,
            "form": "era",
            "pos": "VER",
            "lemma": "essere",
            "has_context": "false",
            "is_title": "false"
        },
        {
            "id": 144,
            "form": "appena",
            "pos": "ADV",
            "lemma": "appena",
            "has_context": "false",
            "is_title": "false"
        },
        {
            "id": 145,
            "form": "salita",
            "pos": "VER",
            "lemma": "salire",
            "has_context": "true",
            "is_title": "false"
        },
        {
            "id": 146,
            "form": "sul",
            "pos": "PRE",
            "lemma": "sul",
            "has_context": "false",
            "is_title": "false"
        },
        {
            "id": 147,
            "form": "treno",
            "pos": "NOM",
            "lemma": "treno",
            "has_context": "false",
            "is_title": "false"
        },
        {
            "id": 148,
            "form": "per",
            "pos": "PRE",
            "lemma": "per",
            "has_context": "false",
            "is_title": "false"
        },
        {
            "id": 149,
            "form": "andare",
            "pos": "VER",
            "lemma": "andare",
            "has_context": "false",
            "is_title": "false"
        },
        {
            "id": 150,
            "form": "al",
            "pos": "PRE",
            "lemma": "al",
            "has_context": "false",
            "is_title": "false"
        },
        {
            "id": 151,
            "form": "lavoro",
            "pos": "NOM",
            "lemma": "lavoro",
            "has_context": "false",
            "is_title": "false"
        },
        {
            "id": 152,
            "form": "quando",
            "pos": "CON",
            "lemma": "quando",
            "has_context": "false",
            "is_title": "false"
        },
        {
            "id": 153,
            "form": "ha",
            "pos": "VER",
            "lemma": "avere",
            "has_context": "false",
            "is_title": "false"
        },
        {
            "id": 154,
            "form": "sentito",
            "pos": "VER",
            "lemma": "sentire",
            "has_context": "false",
            "is_title": "false"
        },
        {
            "id": 155,
            "form": "che",
            "pos": "CON",
            "lemma": "che",
            "has_context": "false",
            "is_title": "false"
        },
        {
            "id": 156,
            "form": "qualcuno",
            "pos": "PRO",
            "lemma": "qualcuno",
            "has_context": "false",
            "is_title": "false"
        },
        {
            "id": 157,
            "form": "le",
            "pos": "PRO",
            "lemma": "le",
            "has_context": "false",
            "is_title": "false"
        },
        {
            "id": 158,
            "form": "stava",
            "pos": "VER",
            "lemma": "stare",
            "has_context": "false",
            "is_title": "false"
        },
        {
            "id": 159,
            "form": "tirando",
            "pos": "VER",
            "lemma": "tirare",
            "has_context": "false",
            "is_title": "false"
        },
        {
            "id": 160,
            "form": "via",
            "pos": "ADV",
            "lemma": "via",
            "has_context": "false",
            "is_title": "false"
        },
        {
            "id": 161,
            "form": "la",
            "pos": "DET",
            "lemma": "il",
            "has_context": "false",
            "is_title": "false"
        },
        {
            "id": 162,
            "form": "borsa",
            "pos": "NOM",
            "lemma": "borsa",
            "has_context": "false",
            "is_title": "false"
        },
        {
            "id": 163,
            "form": ".",
            "pos": "SENT",
            "lemma": ".",
            "has_context": "false",
            "is_title": "false"
        },
        {
            "id": 164,
            "form": "Ha",
            "pos": "VER",
            "lemma": "avere",
            "has_context": "false",
            "is_title": "false"
        },
        {
            "id": 165,
            "form": "aggiunto",
            "pos": "VER",
            "lemma": "aggiungere",
            "has_context": "true",
            "is_title": "false"
        },
        {
            "id": 166,
            "form": "che",
            "pos": "CON",
            "lemma": "che",
            "has_context": "false",
            "is_title": "false"
        },
        {
            "id": 167,
            "form": "anche",
            "pos": "CON",
            "lemma": "anche",
            "has_context": "false",
            "is_title": "false"
        },
        {
            "id": 168,
            "form": "se",
            "pos": "CON",
            "lemma": "se",
            "has_context": "false",
            "is_title": "false"
        },
        {
            "id": 169,
            "form": "aveva",
            "pos": "VER",
            "lemma": "avere",
            "has_context": "false",
            "is_title": "false"
        },
        {
            "id": 170,
            "form": "provato",
            "pos": "VER",
            "lemma": "provare",
            "has_context": "false",
            "is_title": "false"
        },
        {
            "id": 171,
            "form": "a",
            "pos": "PRE",
            "lemma": "a",
            "has_context": "false",
            "is_title": "false"
        },
        {
            "id": 172,
            "form": "fare",
            "pos": "VER",
            "lemma": "fare",
            "has_context": "false",
            "is_title": "false"
        },
        {
            "id": 173,
            "form": "resistenza",
            "pos": "NOM",
            "lemma": "resistenza",
            "has_context": "true",
            "is_title": "false"
        },
        {
            "id": 174,
            "form": ",",
            "pos": "PON",
            "lemma": ",",
            "has_context": "false",
            "is_title": "false"
        },
        {
            "id": 175,
            "form": "il",
            "pos": "DET",
            "lemma": "il",
            "has_context": "false",
            "is_title": "false"
        },
        {
            "id": 176,
            "form": "ladro",
            "pos": "NOM",
            "lemma": "ladro",
            "has_context": "true",
            "is_title": "false"
        },
        {
            "id": 177,
            "form": "l’",
            "pos": "PRO",
            "lemma": "la",
            "has_context": "false",
            "is_title": "false"
        },
        {
            "id": 178,
            "form": "aveva",
            "pos": "VER",
            "lemma": "avere",
            "has_context": "false",
            "is_title": "false"
        },
        {
            "id": 179,
            "form": "spinta",
            "pos": "VER",
            "lemma": "spingere",
            "has_context": "false",
            "is_title": "false"
        },
        {
            "id": 180,
            "form": "e",
            "pos": "CON",
            "lemma": "e",
            "has_context": "false",
            "is_title": "false"
        },
        {
            "id": 181,
            "form": "lei",
            "pos": "PRO",
            "lemma": "lei",
            "has_context": "false",
            "is_title": "false"
        },
        {
            "id": 182,
            "form": "era",
            "pos": "VER",
            "lemma": "essere",
            "has_context": "false",
            "is_title": "false"
        },
        {
            "id": 183,
            "form": "caduta",
            "pos": "VER",
            "lemma": "cadere",
            "has_context": "true",
            "is_title": "false"
        },
        {
            "id": 184,
            "form": "a",
            "pos": "PRE",
            "lemma": "a",
            "has_context": "false",
            "is_title": "false"
        },
        {
            "id": 185,
            "form": "terra",
            "pos": "NOM",
            "lemma": "terra",
            "has_context": "false",
            "is_title": "false"
        },
        {
            "id": 186,
            "form": ".",
            "pos": "SENT",
            "lemma": ".",
            "has_context": "false",
            "is_title": "false"
        },
        {
            "id": 187,
            "form": "Infine",
            "pos": "ADV",
            "lemma": "infine",
            "has_context": "true",
            "is_title": "false"
        },
        {
            "id": 188,
            "form": "ha",
            "pos": "VER",
            "lemma": "avere",
            "has_context": "false",
            "is_title": "false"
        },
        {
            "id": 189,
            "form": "raccontato",
            "pos": "VER",
            "lemma": "raccontare",
            "has_context": "true",
            "is_title": "false"
        },
        {
            "id": 190,
            "form": "che",
            "pos": "CON",
            "lemma": "che",
            "has_context": "false",
            "is_title": "false"
        },
        {
            "id": 191,
            "form": "il",
            "pos": "DET",
            "lemma": "il",
            "has_context": "false",
            "is_title": "false"
        },
        {
            "id": 192,
            "form": "ladro",
            "pos": "NOM",
            "lemma": "ladro",
            "has_context": "true",
            "is_title": "false"
        },
        {
            "id": 193,
            "form": "è",
            "pos": "VER",
            "lemma": "essere",
            "has_context": "false",
            "is_title": "false"
        },
        {
            "id": 194,
            "form": "sceso",
            "pos": "VER",
            "lemma": "scendere",
            "has_context": "true",
            "is_title": "false"
        },
        {
            "id": 195,
            "form": "di",
            "pos": "PRE",
            "lemma": "di",
            "has_context": "false",
            "is_title": "false"
        },
        {
            "id": 196,
            "form": "corsa",
            "pos": "NOM",
            "lemma": "corsa",
            "has_context": "true",
            "is_title": "false"
        },
        {
            "id": 197,
            "form": "dal",
            "pos": "PRE",
            "lemma": "dal",
            "has_context": "false",
            "is_title": "false"
        },
        {
            "id": 198,
            "form": "treno",
            "pos": "NOM",
            "lemma": "treno",
            "has_context": "false",
            "is_title": "false"
        },
        {
            "id": 199,
            "form": "dopo",
            "pos": "PRE",
            "lemma": "dopo",
            "has_context": "false",
            "is_title": "false"
        },
        {
            "id": 200,
            "form": "averle",
            "pos": "VER",
            "lemma": "avere",
            "has_context": "false",
            "is_title": "false"
        },
        {
            "id": 201,
            "form": "rubato",
            "pos": "VER",
            "lemma": "rubare",
            "has_context": "true",
            "is_title": "false"
        },
        {
            "id": 202,
            "form": "la",
            "pos": "DET",
            "lemma": "il",
            "has_context": "false",
            "is_title": "false"
        },
        {
            "id": 203,
            "form": "borsa",
            "pos": "NOM",
            "lemma": "borsa",
            "has_context": "false",
            "is_title": "false"
        },
        {
            "id": 204,
            "form": ".",
            "pos": "SENT",
            "lemma": ".",
            "has_context": "false",
            "is_title": "false"
        },
        {
            "id": 205,
            "form": "Il",
            "pos": "DET",
            "lemma": "il",
            "has_context": "false",
            "is_title": "false"
        },
        {
            "id": 206,
            "form": "Capitano",
            "pos": "NOM",
            "lemma": "capitano",
            "has_context": "true",
            "is_title": "false"
        },
        {
            "id": 207,
            "form": "ha",
            "pos": "VER",
            "lemma": "avere",
            "has_context": "false",
            "is_title": "false"
        },
        {
            "id": 208,
            "form": "chiesto",
            "pos": "VER",
            "lemma": "chiedere",
            "has_context": "false",
            "is_title": "false"
        },
        {
            "id": 209,
            "form": "a",
            "pos": "PRE",
            "lemma": "a",
            "has_context": "false",
            "is_title": "false"
        },
        {
            "id": 210,
            "form": "Mara",
            "pos": "NPR",
            "lemma": "Mara",
            "has_context": "false",
            "is_title": "false"
        },
        {
            "id": 211,
            "form": "se",
            "pos": "CON",
            "lemma": "se",
            "has_context": "false",
            "is_title": "false"
        },
        {
            "id": 212,
            "form": "poteva",
            "pos": "VER",
            "lemma": "potere",
            "has_context": "false",
            "is_title": "false"
        },
        {
            "id": 213,
            "form": "descrivere",
            "pos": "VER",
            "lemma": "descrivere",
            "has_context": "true",
            "is_title": "false"
        },
        {
            "id": 214,
            "form": "il",
            "pos": "DET",
            "lemma": "il",
            "has_context": "false",
            "is_title": "false"
        },
        {
            "id": 215,
            "form": "ladro",
            "pos": "NOM",
            "lemma": "ladro",
            "has_context": "true",
            "is_title": "false"
        },
        {
            "id": 216,
            "form": ",",
            "pos": "PON",
            "lemma": ",",
            "has_context": "false",
            "is_title": "false"
        },
        {
            "id": 217,
            "form": "ma",
            "pos": "CON",
            "lemma": "ma",
            "has_context": "false",
            "is_title": "false"
        },
        {
            "id": 218,
            "form": "Mara",
            "pos": "NPR",
            "lemma": "Mara",
            "has_context": "false",
            "is_title": "false"
        },
        {
            "id": 219,
            "form": "gli",
            "pos": "PRO",
            "lemma": "gli",
            "has_context": "false",
            "is_title": "false"
        },
        {
            "id": 220,
            "form": "ha",
            "pos": "VER",
            "lemma": "avere",
            "has_context": "false",
            "is_title": "false"
        },
        {
            "id": 221,
            "form": "risposto",
            "pos": "VER",
            "lemma": "rispondere",
            "has_context": "false",
            "is_title": "false"
        },
        {
            "id": 222,
            "form": "di",
            "pos": "PRE",
            "lemma": "di",
            "has_context": "false",
            "is_title": "false"
        },
        {
            "id": 223,
            "form": "non",
            "pos": "ADV",
            "lemma": "non",
            "has_context": "false",
            "is_title": "false"
        },
        {
            "id": 224,
            "form": "esserne",
            "pos": "VER",
            "lemma": "essere",
            "has_context": "false",
            "is_title": "false"
        },
        {
            "id": 225,
            "form": "in",
            "pos": "PRE",
            "lemma": "in",
            "has_context": "false",
            "is_title": "false"
        },
        {
            "id": 226,
            "form": "grado",
            "pos": "NOM",
            "lemma": "grado",
            "has_context": "false",
            "is_title": "false"
        },
        {
            "id": 227,
            "form": "perché",
            "pos": "CON",
            "lemma": "perché",
            "has_context": "false",
            "is_title": "false"
        },
        {
            "id": 228,
            "form": "il",
            "pos": "DET",
            "lemma": "il",
            "has_context": "false",
            "is_title": "false"
        },
        {
            "id": 229,
            "form": "ladro",
            "pos": "NOM",
            "lemma": "ladro",
            "has_context": "true",
            "is_title": "false"
        },
        {
            "id": 230,
            "form": "aveva",
            "pos": "VER",
            "lemma": "avere",
            "has_context": "false",
            "is_title": "false"
        },
        {
            "id": 231,
            "form": "il",
            "pos": "DET",
            "lemma": "il",
            "has_context": "false",
            "is_title": "false"
        },
        {
            "id": 232,
            "form": "viso",
            "pos": "NOM",
            "lemma": "viso",
            "has_context": "true",
            "is_title": "false"
        },
        {
            "id": 233,
            "form": "coperto",
            "pos": "ADJ",
            "lemma": "coperto",
            "has_context": "true",
            "is_title": "false"
        },
        {
            "id": 234,
            "form": ".",
            "pos": "SENT",
            "lemma": ".",
            "has_context": "false",
            "is_title": "false"
        },
        {
            "id": 235,
            "form": "Alla",
            "pos": "PRE",
            "lemma": "al",
            "has_context": "false",
            "is_title": "false"
        },
        {
            "id": 236,
            "form": "fine",
            "pos": "NOM",
            "lemma": "fine",
            "has_context": "false",
            "is_title": "false"
        },
        {
            "id": 237,
            "form": "il",
            "pos": "DET",
            "lemma": "il",
            "has_context": "false",
            "is_title": "false"
        },
        {
            "id": 238,
            "form": "Capitano",
            "pos": "NOM",
            "lemma": "capitano",
            "has_context": "true",
            "is_title": "false"
        },
        {
            "id": 239,
            "form": "ha",
            "pos": "VER",
            "lemma": "avere",
            "has_context": "false",
            "is_title": "false"
        },
        {
            "id": 240,
            "form": "aiutato",
            "pos": "VER",
            "lemma": "aiutare",
            "has_context": "false",
            "is_title": "false"
        },
        {
            "id": 241,
            "form": "Mara",
            "pos": "NPR",
            "lemma": "Mara",
            "has_context": "false",
            "is_title": "false"
        },
        {
            "id": 242,
            "form": "con",
            "pos": "PRE",
            "lemma": "con",
            "has_context": "false",
            "is_title": "false"
        },
        {
            "id": 243,
            "form": "la",
            "pos": "DET",
            "lemma": "il",
            "has_context": "false",
            "is_title": "false"
        },
        {
            "id": 244,
            "form": "denuncia",
            "pos": "NOM",
            "lemma": "denuncia",
            "has_context": "true",
            "is_title": "false"
        },
        {
            "id": 245,
            "form": "e",
            "pos": "CON",
            "lemma": "e",
            "has_context": "false",
            "is_title": "false"
        },
        {
            "id": 246,
            "form": "le",
            "pos": "DET",
            "lemma": "il",
            "has_context": "false",
            "is_title": "false"
        },
        {
            "id": 247,
            "form": "ha",
            "pos": "VER",
            "lemma": "avere",
            "has_context": "false",
            "is_title": "false"
        },
        {
            "id": 248,
            "form": "detto",
            "pos": "VER",
            "lemma": "dire",
            "has_context": "false",
            "is_title": "false"
        },
        {
            "id": 249,
            "form": "di",
            "pos": "PRE",
            "lemma": "di",
            "has_context": "false",
            "is_title": "false"
        },
        {
            "id": 250,
            "form": "stare",
            "pos": "VER",
            "lemma": "stare",
            "has_context": "false",
            "is_title": "false"
        },
        {
            "id": 251,
            "form": "tranquilla",
            "pos": "ADJ",
            "lemma": "tranquillo",
            "has_context": "false",
            "is_title": "false"
        },
        {
            "id": 252,
            "form": "perché",
            "pos": "CON",
            "lemma": "perché",
            "has_context": "false",
            "is_title": "false"
        },
        {
            "id": 253,
            "form": "la",
            "pos": "DET",
            "lemma": "il",
            "has_context": "false",
            "is_title": "false"
        },
        {
            "id": 254,
            "form": "polizia",
            "pos": "NOM",
            "lemma": "polizia",
            "has_context": "false",
            "is_title": "false"
        },
        {
            "id": 255,
            "form": "si",
            "pos": "PRO",
            "lemma": "si",
            "has_context": "false",
            "is_title": "false"
        },
        {
            "id": 256,
            "form": "sarebbe",
            "pos": "VER",
            "lemma": "essere",
            "has_context": "false",
            "is_title": "false"
        },
        {
            "id": 257,
            "form": "impegnata",
            "pos": "VER",
            "lemma": "impegnare",
            "has_context": "true",
            "is_title": "false"
        },
        {
            "id": 258,
            "form": "per",
            "pos": "PRE",
            "lemma": "per",
            "has_context": "false",
            "is_title": "false"
        },
        {
            "id": 259,
            "form": "trovarlo",
            "pos": "VER",
            "lemma": "trovare",
            "has_context": "false",
            "is_title": "false"
        },
        {
            "id": 260,
            "form": ".",
            "pos": "SENT",
            "lemma": ".",
            "has_context": "false",
            "is_title": "false"
        }
    ]
