    [
        {
            "id": 1,
            "form": "Barriere",
            "pos": "NOM",
            "lemma": "barriera",
            "has_context": "true",
            "is_title": "true"
        },
        {
            "id": 2,
            "form": "architettoniche",
            "pos": "ADJ",
            "lemma": "architettonico",
            "has_context": "true",
            "is_title": "true"
        },
        {
            "id": 3,
            "form": "Salve",
            "pos": "INT",
            "lemma": "salve",
            "has_context": "false",
            "is_title": "false"
        },
        {
            "id": 4,
            "form": ",",
            "pos": "PON",
            "lemma": ",",
            "has_context": "false",
            "is_title": "false"
        },
        {
            "id": 5,
            "form": "mi",
            "pos": "PRO",
            "lemma": "mi",
            "has_context": "false",
            "is_title": "false"
        },
        {
            "id": 6,
            "form": "chiamo",
            "pos": "VER",
            "lemma": "chiamare",
            "has_context": "false",
            "is_title": "false"
        },
        {
            "id": 7,
            "form": "Maria",
            "pos": "NPR",
            "lemma": "Maria",
            "has_context": "false",
            "is_title": "false"
        },
        {
            "id": 8,
            "form": "e",
            "pos": "CON",
            "lemma": "e",
            "has_context": "false",
            "is_title": "false"
        },
        {
            "id": 9,
            "form": "oggi",
            "pos": "ADV",
            "lemma": "oggi",
            "has_context": "false",
            "is_title": "false"
        },
        {
            "id": 10,
            "form": "voglio",
            "pos": "VER",
            "lemma": "volere",
            "has_context": "false",
            "is_title": "false"
        },
        {
            "id": 11,
            "form": "raccontarvi",
            "pos": "VER",
            "lemma": "raccontare",
            "has_context": "true",
            "is_title": "false"
        },
        {
            "id": 12,
            "form": "la",
            "pos": "DET",
            "lemma": "il",
            "has_context": "false",
            "is_title": "false"
        },
        {
            "id": 13,
            "form": "mia",
            "pos": "ADJ",
            "lemma": "mio",
            "has_context": "false",
            "is_title": "false"
        },
        {
            "id": 14,
            "form": "storia",
            "pos": "NOM",
            "lemma": "storia",
            "has_context": "false",
            "is_title": "false"
        },
        {
            "id": 15,
            "form": ".",
            "pos": "SENT",
            "lemma": ".",
            "has_context": "false",
            "is_title": "false"
        },
        {
            "id": 16,
            "form": "Ho",
            "pos": "VER",
            "lemma": "avere",
            "has_context": "false",
            "is_title": "false"
        },
        {
            "id": 17,
            "form": "36",
            "pos": "NUM",
            "lemma": "@card@",
            "has_context": "false",
            "is_title": "false"
        },
        {
            "id": 18,
            "form": "anni",
            "pos": "NOM",
            "lemma": "anno",
            "has_context": "false",
            "is_title": "false"
        },
        {
            "id": 19,
            "form": "e",
            "pos": "CON",
            "lemma": "e",
            "has_context": "false",
            "is_title": "false"
        },
        {
            "id": 20,
            "form": "dieci",
            "pos": "ADJ",
            "lemma": "dieci",
            "has_context": "false",
            "is_title": "false"
        },
        {
            "id": 21,
            "form": "anni",
            "pos": "NOM",
            "lemma": "anno",
            "has_context": "false",
            "is_title": "false"
        },
        {
            "id": 22,
            "form": "fa",
            "pos": "ADV",
            "lemma": "fa",
            "has_context": "true",
            "is_title": "false"
        },
        {
            "id": 23,
            "form": "ho",
            "pos": "VER",
            "lemma": "avere",
            "has_context": "false",
            "is_title": "false"
        },
        {
            "id": 24,
            "form": "avuto",
            "pos": "VER",
            "lemma": "avere",
            "has_context": "false",
            "is_title": "false"
        },
        {
            "id": 25,
            "form": "un",
            "pos": "DET",
            "lemma": "un",
            "has_context": "false",
            "is_title": "false"
        },
        {
            "id": 26,
            "form": "brutto",
            "pos": "ADJ",
            "lemma": "brutto",
            "has_context": "false",
            "is_title": "false"
        },
        {
            "id": 27,
            "form": "incidente",
            "pos": "NOM",
            "lemma": "incidente",
            "has_context": "true",
            "is_title": "false"
        },
        {
            "id": 28,
            "form": "che",
            "pos": "PRO",
            "lemma": "che",
            "has_context": "false",
            "is_title": "false"
        },
        {
            "id": 29,
            "form": "mi",
            "pos": "PRO",
            "lemma": "mi",
            "has_context": "false",
            "is_title": "false"
        },
        {
            "id": 30,
            "form": "ha",
            "pos": "VER",
            "lemma": "avere",
            "has_context": "false",
            "is_title": "false"
        },
        {
            "id": 31,
            "form": "costretto",
            "pos": "VER",
            "lemma": "costringere",
            "has_context": "true",
            "is_title": "false"
        },
        {
            "id": 32,
            "form": "su",
            "pos": "PRE",
            "lemma": "su",
            "has_context": "false",
            "is_title": "false"
        },
        {
            "id": 33,
            "form": "una",
            "pos": "DET",
            "lemma": "una",
            "has_context": "false",
            "is_title": "false"
        },
        {
            "id": 34,
            "form": "sedia",
            "pos": "NOM",
            "lemma": "sedia",
            "has_context": "false",
            "is_title": "false"
        },
        {
            "id": 35,
            "form": "a",
            "pos": "PRE",
            "lemma": "a",
            "has_context": "false",
            "is_title": "false"
        },
        {
            "id": 36,
            "form": "rotelle",
            "pos": "NOM",
            "lemma": "rotella",
            "has_context": "true",
            "is_title": "false"
        },
        {
            "id": 37,
            "form": ".",
            "pos": "SENT",
            "lemma": ".",
            "has_context": "false",
            "is_title": "false"
        },
        {
            "id": 38,
            "form": "Vivo",
            "pos": "VER",
            "lemma": "vivere",
            "has_context": "false",
            "is_title": "false"
        },
        {
            "id": 39,
            "form": "in",
            "pos": "PRE",
            "lemma": "in",
            "has_context": "false",
            "is_title": "false"
        },
        {
            "id": 40,
            "form": "una",
            "pos": "DET",
            "lemma": "una",
            "has_context": "false",
            "is_title": "false"
        },
        {
            "id": 41,
            "form": "casa",
            "pos": "NOM",
            "lemma": "casa",
            "has_context": "false",
            "is_title": "false"
        },
        {
            "id": 42,
            "form": "alla",
            "pos": "PRE",
            "lemma": "al",
            "has_context": "false",
            "is_title": "false"
        },
        {
            "id": 43,
            "form": "periferia",
            "pos": "NOM",
            "lemma": "periferia",
            "has_context": "false",
            "is_title": "false"
        },
        {
            "id": 44,
            "form": "di",
            "pos": "PRE",
            "lemma": "di",
            "has_context": "false",
            "is_title": "false"
        },
        {
            "id": 45,
            "form": "Roma",
            "pos": "NPR",
            "lemma": "Roma",
            "has_context": "false",
            "is_title": "false"
        },
        {
            "id": 46,
            "form": "con",
            "pos": "PRE",
            "lemma": "con",
            "has_context": "false",
            "is_title": "false"
        },
        {
            "id": 47,
            "form": "mio",
            "pos": "ADJ",
            "lemma": "mio",
            "has_context": "false",
            "is_title": "false"
        },
        {
            "id": 48,
            "form": "marito",
            "pos": "NOM",
            "lemma": "marito",
            "has_context": "false",
            "is_title": "false"
        },
        {
            "id": 49,
            "form": "e",
            "pos": "CON",
            "lemma": "e",
            "has_context": "false",
            "is_title": "false"
        },
        {
            "id": 50,
            "form": "mio",
            "pos": "ADJ",
            "lemma": "mio",
            "has_context": "false",
            "is_title": "false"
        },
        {
            "id": 51,
            "form": "figlio",
            "pos": "NOM",
            "lemma": "figlio",
            "has_context": "false",
            "is_title": "false"
        },
        {
            "id": 52,
            "form": ".",
            "pos": "SENT",
            "lemma": ".",
            "has_context": "false",
            "is_title": "false"
        },
        {
            "id": 53,
            "form": "Faccio",
            "pos": "VER",
            "lemma": "fare",
            "has_context": "false",
            "is_title": "false"
        },
        {
            "id": 54,
            "form": "una",
            "pos": "DET",
            "lemma": "una",
            "has_context": "false",
            "is_title": "false"
        },
        {
            "id": 55,
            "form": "vita",
            "pos": "NOM",
            "lemma": "vita",
            "has_context": "true",
            "is_title": "false"
        },
        {
            "id": 56,
            "form": "normalissima",
            "pos": "ADJ",
            "lemma": "normale",
            "has_context": "false",
            "is_title": "false"
        },
        {
            "id": 57,
            "form": ",",
            "pos": "PON",
            "lemma": ",",
            "has_context": "false",
            "is_title": "false"
        },
        {
            "id": 58,
            "form": "ma",
            "pos": "CON",
            "lemma": "ma",
            "has_context": "false",
            "is_title": "false"
        },
        {
            "id": 59,
            "form": "a",
            "pos": "PRE",
            "lemma": "a",
            "has_context": "false",
            "is_title": "false"
        },
        {
            "id": 60,
            "form": "volte",
            "pos": "NOM",
            "lemma": "volta",
            "has_context": "false",
            "is_title": "false"
        },
        {
            "id": 61,
            "form": "ho",
            "pos": "VER",
            "lemma": "avere",
            "has_context": "false",
            "is_title": "false"
        },
        {
            "id": 62,
            "form": "delle",
            "pos": "PRE",
            "lemma": "del",
            "has_context": "false",
            "is_title": "false"
        },
        {
            "id": 63,
            "form": "serie",
            "pos": "ADJ",
            "lemma": "serio",
            "has_context": "false",
            "is_title": "false"
        },
        {
            "id": 64,
            "form": "difficoltà",
            "pos": "NOM",
            "lemma": "difficoltà",
            "has_context": "true",
            "is_title": "false"
        },
        {
            "id": 65,
            "form": ".",
            "pos": "SENT",
            "lemma": ".",
            "has_context": "false",
            "is_title": "false"
        },
        {
            "id": 66,
            "form": "Queste",
            "pos": "ADJ",
            "lemma": "questo",
            "has_context": "false",
            "is_title": "false"
        },
        {
            "id": 67,
            "form": "difficoltà",
            "pos": "NOM",
            "lemma": "difficoltà",
            "has_context": "true",
            "is_title": "false"
        },
        {
            "id": 68,
            "form": "si",
            "pos": "PRO",
            "lemma": "si",
            "has_context": "false",
            "is_title": "false"
        },
        {
            "id": 69,
            "form": "chiamano",
            "pos": "VER",
            "lemma": "chiamare",
            "has_context": "false",
            "is_title": "false"
        },
        {
            "id": 70,
            "form": "barriere",
            "pos": "NOM",
            "lemma": "barriera",
            "has_context": "true",
            "is_title": "false"
        },
        {
            "id": 71,
            "form": "architettoniche",
            "pos": "ADJ",
            "lemma": "architettonico",
            "has_context": "true",
            "is_title": "false"
        },
        {
            "id": 72,
            "form": ".",
            "pos": "SENT",
            "lemma": ".",
            "has_context": "false",
            "is_title": "false"
        },
        {
            "id": 73,
            "form": "Le",
            "pos": "DET",
            "lemma": "il",
            "has_context": "false",
            "is_title": "false"
        },
        {
            "id": 74,
            "form": "barriere",
            "pos": "NOM",
            "lemma": "barriera",
            "has_context": "true",
            "is_title": "false"
        },
        {
            "id": 75,
            "form": "architettoniche",
            "pos": "ADJ",
            "lemma": "architettonico",
            "has_context": "true",
            "is_title": "false"
        },
        {
            "id": 76,
            "form": "sono",
            "pos": "VER",
            "lemma": "essere",
            "has_context": "false",
            "is_title": "false"
        },
        {
            "id": 77,
            "form": "ostacoli",
            "pos": "NOM",
            "lemma": "ostacolo",
            "has_context": "true",
            "is_title": "false"
        },
        {
            "id": 78,
            "form": "che",
            "pos": "PRO",
            "lemma": "che",
            "has_context": "false",
            "is_title": "false"
        },
        {
            "id": 79,
            "form": "impediscono",
            "pos": "VER",
            "lemma": "impedire",
            "has_context": "true",
            "is_title": "false"
        },
        {
            "id": 80,
            "form": "ad",
            "pos": "PRE",
            "lemma": "ad",
            "has_context": "false",
            "is_title": "false"
        },
        {
            "id": 81,
            "form": "un",
            "pos": "DET",
            "lemma": "un",
            "has_context": "false",
            "is_title": "false"
        },
        {
            "id": 82,
            "form": "disabile",
            "pos": "NOM",
            "lemma": "disabile",
            "has_context": "true",
            "is_title": "false"
        },
        {
            "id": 83,
            "form": "di",
            "pos": "PRE",
            "lemma": "di",
            "has_context": "false",
            "is_title": "false"
        },
        {
            "id": 84,
            "form": "muoversi",
            "pos": "VER",
            "lemma": "muovere",
            "has_context": "false",
            "is_title": "false"
        },
        {
            "id": 85,
            "form": "liberamente",
            "pos": "ADV",
            "lemma": "liberamente",
            "has_context": "true",
            "is_title": "false"
        },
        {
            "id": 86,
            "form": "nella",
            "pos": "PRE",
            "lemma": "nel",
            "has_context": "false",
            "is_title": "false"
        },
        {
            "id": 87,
            "form": "città",
            "pos": "NOM",
            "lemma": "città",
            "has_context": "false",
            "is_title": "false"
        },
        {
            "id": 88,
            "form": ".",
            "pos": "SENT",
            "lemma": ".",
            "has_context": "false",
            "is_title": "false"
        },
        {
            "id": 89,
            "form": "Infatti",
            "pos": "CON",
            "lemma": "infatti",
            "has_context": "false",
            "is_title": "false"
        },
        {
            "id": 90,
            "form": "la",
            "pos": "DET",
            "lemma": "il",
            "has_context": "false",
            "is_title": "false"
        },
        {
            "id": 91,
            "form": "città",
            "pos": "NOM",
            "lemma": "città",
            "has_context": "false",
            "is_title": "false"
        },
        {
            "id": 92,
            "form": "dove",
            "pos": "PRO",
            "lemma": "dove",
            "has_context": "false",
            "is_title": "false"
        },
        {
            "id": 93,
            "form": "vivo",
            "pos": "VER",
            "lemma": "vivere",
            "has_context": "false",
            "is_title": "false"
        },
        {
            "id": 94,
            "form": "non",
            "pos": "ADV",
            "lemma": "non",
            "has_context": "false",
            "is_title": "false"
        },
        {
            "id": 95,
            "form": "permette",
            "pos": "VER",
            "lemma": "permettere",
            "has_context": "true",
            "is_title": "false"
        },
        {
            "id": 96,
            "form": "alle",
            "pos": "PRE",
            "lemma": "al",
            "has_context": "false",
            "is_title": "false"
        },
        {
            "id": 97,
            "form": "persone",
            "pos": "NOM",
            "lemma": "persona",
            "has_context": "false",
            "is_title": "false"
        },
        {
            "id": 98,
            "form": "come",
            "pos": "PRE",
            "lemma": "come",
            "has_context": "false",
            "is_title": "false"
        },
        {
            "id": 99,
            "form": "me",
            "pos": "PRO",
            "lemma": "me",
            "has_context": "false",
            "is_title": "false"
        },
        {
            "id": 100,
            "form": ",",
            "pos": "PON",
            "lemma": ",",
            "has_context": "false",
            "is_title": "false"
        },
        {
            "id": 101,
            "form": "su",
            "pos": "PRE",
            "lemma": "su",
            "has_context": "false",
            "is_title": "false"
        },
        {
            "id": 102,
            "form": "una",
            "pos": "DET",
            "lemma": "una",
            "has_context": "false",
            "is_title": "false"
        },
        {
            "id": 103,
            "form": "sedia",
            "pos": "NOM",
            "lemma": "sedia",
            "has_context": "false",
            "is_title": "false"
        },
        {
            "id": 104,
            "form": "a",
            "pos": "PRE",
            "lemma": "a",
            "has_context": "false",
            "is_title": "false"
        },
        {
            "id": 105,
            "form": "rotelle",
            "pos": "NOM",
            "lemma": "rotella",
            "has_context": "true",
            "is_title": "false"
        },
        {
            "id": 106,
            "form": ",",
            "pos": "PON",
            "lemma": ",",
            "has_context": "false",
            "is_title": "false"
        },
        {
            "id": 107,
            "form": "di",
            "pos": "PRE",
            "lemma": "di",
            "has_context": "false",
            "is_title": "false"
        },
        {
            "id": 108,
            "form": "poter",
            "pos": "VER",
            "lemma": "potere",
            "has_context": "false",
            "is_title": "false"
        },
        {
            "id": 109,
            "form": "andare",
            "pos": "VER",
            "lemma": "andare",
            "has_context": "false",
            "is_title": "false"
        },
        {
            "id": 110,
            "form": "in",
            "pos": "PRE",
            "lemma": "in",
            "has_context": "false",
            "is_title": "false"
        },
        {
            "id": 111,
            "form": "giro",
            "pos": "NOM",
            "lemma": "giro",
            "has_context": "false",
            "is_title": "false"
        },
        {
            "id": 112,
            "form": "liberamente",
            "pos": "ADV",
            "lemma": "liberamente",
            "has_context": "true",
            "is_title": "false"
        },
        {
            "id": 113,
            "form": ".",
            "pos": "SENT",
            "lemma": ".",
            "has_context": "false",
            "is_title": "false"
        },
        {
            "id": 114,
            "form": "Infatti",
            "pos": "CON",
            "lemma": "infatti",
            "has_context": "false",
            "is_title": "false"
        },
        {
            "id": 115,
            "form": "spesso",
            "pos": "ADV",
            "lemma": "spesso",
            "has_context": "false",
            "is_title": "false"
        },
        {
            "id": 116,
            "form": "i",
            "pos": "DET",
            "lemma": "il",
            "has_context": "false",
            "is_title": "false"
        },
        {
            "id": 117,
            "form": "marciapiedi",
            "pos": "NOM",
            "lemma": "marciapiede",
            "has_context": "true",
            "is_title": "false"
        },
        {
            "id": 118,
            "form": "non",
            "pos": "ADV",
            "lemma": "non",
            "has_context": "false",
            "is_title": "false"
        },
        {
            "id": 119,
            "form": "hanno",
            "pos": "VER",
            "lemma": "avere",
            "has_context": "false",
            "is_title": "false"
        },
        {
            "id": 120,
            "form": "scivoli",
            "pos": "NOM",
            "lemma": "scivolo",
            "has_context": "true",
            "is_title": "false"
        },
        {
            "id": 121,
            "form": "per",
            "pos": "PRE",
            "lemma": "per",
            "has_context": "false",
            "is_title": "false"
        },
        {
            "id": 122,
            "form": "le",
            "pos": "DET",
            "lemma": "il",
            "has_context": "false",
            "is_title": "false"
        },
        {
            "id": 123,
            "form": "sedie",
            "pos": "NOM",
            "lemma": "sedia",
            "has_context": "false",
            "is_title": "false"
        },
        {
            "id": 124,
            "form": "a",
            "pos": "PRE",
            "lemma": "a",
            "has_context": "false",
            "is_title": "false"
        },
        {
            "id": 125,
            "form": "rotelle",
            "pos": "NOM",
            "lemma": "rotella",
            "has_context": "true",
            "is_title": "false"
        },
        {
            "id": 126,
            "form": "e",
            "pos": "CON",
            "lemma": "e",
            "has_context": "false",
            "is_title": "false"
        },
        {
            "id": 127,
            "form": "il",
            "pos": "DET",
            "lemma": "il",
            "has_context": "false",
            "is_title": "false"
        },
        {
            "id": 128,
            "form": "gradino",
            "pos": "NOM",
            "lemma": "gradino",
            "has_context": "true",
            "is_title": "false"
        },
        {
            "id": 129,
            "form": "è",
            "pos": "VER",
            "lemma": "essere",
            "has_context": "false",
            "is_title": "false"
        },
        {
            "id": 130,
            "form": "un",
            "pos": "DET",
            "lemma": "un",
            "has_context": "false",
            "is_title": "false"
        },
        {
            "id": 131,
            "form": "fastidioso",
            "pos": "ADJ",
            "lemma": "fastidioso",
            "has_context": "true",
            "is_title": "false"
        },
        {
            "id": 132,
            "form": "inconveniente",
            "pos": "NOM",
            "lemma": "inconveniente",
            "has_context": "true",
            "is_title": "false"
        },
        {
            "id": 133,
            "form": ".",
            "pos": "SENT",
            "lemma": ".",
            "has_context": "false",
            "is_title": "false"
        },
        {
            "id": 134,
            "form": "Quando",
            "pos": "CON",
            "lemma": "quando",
            "has_context": "false",
            "is_title": "false"
        },
        {
            "id": 135,
            "form": "invece",
            "pos": "CON",
            "lemma": "invece",
            "has_context": "false",
            "is_title": "false"
        },
        {
            "id": 136,
            "form": "gli",
            "pos": "DET",
            "lemma": "il",
            "has_context": "false",
            "is_title": "false"
        },
        {
            "id": 137,
            "form": "scivoli",
            "pos": "NOM",
            "lemma": "scivolo",
            "has_context": "true",
            "is_title": "false"
        },
        {
            "id": 138,
            "form": "ci",
            "pos": "ADV",
            "lemma": "ci",
            "has_context": "false",
            "is_title": "false"
        },
        {
            "id": 139,
            "form": "sono",
            "pos": "VER",
            "lemma": "essere",
            "has_context": "false",
            "is_title": "false"
        },
        {
            "id": 140,
            "form": ",",
            "pos": "PON",
            "lemma": ",",
            "has_context": "false",
            "is_title": "false"
        },
        {
            "id": 141,
            "form": "spesso",
            "pos": "ADV",
            "lemma": "spesso",
            "has_context": "false",
            "is_title": "false"
        },
        {
            "id": 142,
            "form": "la",
            "pos": "DET",
            "lemma": "il",
            "has_context": "false",
            "is_title": "false"
        },
        {
            "id": 143,
            "form": "via",
            "pos": "NOM",
            "lemma": "via",
            "has_context": "false",
            "is_title": "false"
        },
        {
            "id": 144,
            "form": "è",
            "pos": "VER",
            "lemma": "essere",
            "has_context": "false",
            "is_title": "false"
        },
        {
            "id": 145,
            "form": "ostruita",
            "pos": "VER",
            "lemma": "ostruire",
            "has_context": "true",
            "is_title": "false"
        },
        {
            "id": 146,
            "form": "da",
            "pos": "PRE",
            "lemma": "da",
            "has_context": "false",
            "is_title": "false"
        },
        {
            "id": 147,
            "form": "una",
            "pos": "DET",
            "lemma": "una",
            "has_context": "false",
            "is_title": "false"
        },
        {
            "id": 148,
            "form": "macchina",
            "pos": "NOM",
            "lemma": "macchina",
            "has_context": "false",
            "is_title": "false"
        },
        {
            "id": 149,
            "form": "parcheggiata",
            "pos": "VER",
            "lemma": "parcheggiare",
            "has_context": "true",
            "is_title": "false"
        },
        {
            "id": 150,
            "form": "davanti",
            "pos": "ADV",
            "lemma": "davanti",
            "has_context": "false",
            "is_title": "false"
        },
        {
            "id": 151,
            "form": ".",
            "pos": "SENT",
            "lemma": ".",
            "has_context": "false",
            "is_title": "false"
        },
        {
            "id": 152,
            "form": "Questi",
            "pos": "ADJ",
            "lemma": "questo",
            "has_context": "false",
            "is_title": "false"
        },
        {
            "id": 153,
            "form": "gesti",
            "pos": "NOM",
            "lemma": "gesto",
            "has_context": "true",
            "is_title": "false"
        },
        {
            "id": 154,
            "form": "di",
            "pos": "PRE",
            "lemma": "di",
            "has_context": "false",
            "is_title": "false"
        },
        {
            "id": 155,
            "form": "inciviltà",
            "pos": "NOM",
            "lemma": "inciviltà",
            "has_context": "true",
            "is_title": "false"
        },
        {
            "id": 156,
            "form": "rendono",
            "pos": "VER",
            "lemma": "rendere",
            "has_context": "true",
            "is_title": "false"
        },
        {
            "id": 157,
            "form": "molto",
            "pos": "ADV",
            "lemma": "molto",
            "has_context": "false",
            "is_title": "false"
        },
        {
            "id": 158,
            "form": "difficile",
            "pos": "ADJ",
            "lemma": "difficile",
            "has_context": "false",
            "is_title": "false"
        },
        {
            "id": 159,
            "form": "spostarsi",
            "pos": "VER",
            "lemma": "spostare",
            "has_context": "true",
            "is_title": "false"
        },
        {
            "id": 160,
            "form": ".",
            "pos": "SENT",
            "lemma": ".",
            "has_context": "false",
            "is_title": "false"
        },
        {
            "id": 161,
            "form": "Ma",
            "pos": "CON",
            "lemma": "ma",
            "has_context": "false",
            "is_title": "false"
        },
        {
            "id": 162,
            "form": "non",
            "pos": "ADV",
            "lemma": "non",
            "has_context": "false",
            "is_title": "false"
        },
        {
            "id": 163,
            "form": "è",
            "pos": "VER",
            "lemma": "essere",
            "has_context": "false",
            "is_title": "false"
        },
        {
            "id": 164,
            "form": "finita",
            "pos": "VER",
            "lemma": "finire",
            "has_context": "false",
            "is_title": "false"
        },
        {
            "id": 165,
            "form": "qui",
            "pos": "ADV",
            "lemma": "qui",
            "has_context": "false",
            "is_title": "false"
        },
        {
            "id": 166,
            "form": ":",
            "pos": "PON",
            "lemma": ":",
            "has_context": "false",
            "is_title": "false"
        },
        {
            "id": 167,
            "form": "prendere",
            "pos": "VER",
            "lemma": "prendere",
            "has_context": "false",
            "is_title": "false"
        },
        {
            "id": 168,
            "form": "un",
            "pos": "DET",
            "lemma": "un",
            "has_context": "false",
            "is_title": "false"
        },
        {
            "id": 169,
            "form": "mezzo",
            "pos": "NOM",
            "lemma": "mezzo",
            "has_context": "false",
            "is_title": "false"
        },
        {
            "id": 170,
            "form": "pubblico",
            "pos": "ADJ",
            "lemma": "pubblico",
            "has_context": "true",
            "is_title": "false"
        },
        {
            "id": 171,
            "form": "è",
            "pos": "VER",
            "lemma": "essere",
            "has_context": "false",
            "is_title": "false"
        },
        {
            "id": 172,
            "form": "una",
            "pos": "DET",
            "lemma": "una",
            "has_context": "false",
            "is_title": "false"
        },
        {
            "id": 173,
            "form": "vera",
            "pos": "ADJ",
            "lemma": "vero",
            "has_context": "false",
            "is_title": "false"
        },
        {
            "id": 174,
            "form": "impresa",
            "pos": "NOM",
            "lemma": "impresa",
            "has_context": "true",
            "is_title": "false"
        },
        {
            "id": 175,
            "form": ".",
            "pos": "SENT",
            "lemma": ".",
            "has_context": "false",
            "is_title": "false"
        },
        {
            "id": 176,
            "form": "Gli",
            "pos": "DET",
            "lemma": "il",
            "has_context": "false",
            "is_title": "false"
        },
        {
            "id": 177,
            "form": "autobus",
            "pos": "NOM",
            "lemma": "autobus",
            "has_context": "false",
            "is_title": "false"
        },
        {
            "id": 178,
            "form": "infatti",
            "pos": "CON",
            "lemma": "infatti",
            "has_context": "false",
            "is_title": "false"
        },
        {
            "id": 179,
            "form": "non",
            "pos": "ADV",
            "lemma": "non",
            "has_context": "false",
            "is_title": "false"
        },
        {
            "id": 180,
            "form": "sono",
            "pos": "VER",
            "lemma": "essere",
            "has_context": "false",
            "is_title": "false"
        },
        {
            "id": 181,
            "form": "forniti",
            "pos": "VER",
            "lemma": "fornire",
            "has_context": "true",
            "is_title": "false"
        },
        {
            "id": 182,
            "form": "di",
            "pos": "PRE",
            "lemma": "di",
            "has_context": "false",
            "is_title": "false"
        },
        {
            "id": 183,
            "form": "una",
            "pos": "DET",
            "lemma": "una",
            "has_context": "false",
            "is_title": "false"
        },
        {
            "id": 184,
            "form": "passerella",
            "pos": "NOM",
            "lemma": "passerella",
            "has_context": "true",
            "is_title": "false"
        },
        {
            "id": 185,
            "form": "per",
            "pos": "PRE",
            "lemma": "per",
            "has_context": "false",
            "is_title": "false"
        },
        {
            "id": 186,
            "form": "permettermi",
            "pos": "VER",
            "lemma": "permettere",
            "has_context": "true",
            "is_title": "false"
        },
        {
            "id": 187,
            "form": "di",
            "pos": "PRE",
            "lemma": "di",
            "has_context": "false",
            "is_title": "false"
        },
        {
            "id": 188,
            "form": "salire",
            "pos": "VER",
            "lemma": "salire",
            "has_context": "true",
            "is_title": "false"
        },
        {
            "id": 189,
            "form": "e",
            "pos": "CON",
            "lemma": "e",
            "has_context": "false",
            "is_title": "false"
        },
        {
            "id": 190,
            "form": "il",
            "pos": "DET",
            "lemma": "il",
            "has_context": "false",
            "is_title": "false"
        },
        {
            "id": 191,
            "form": "più",
            "pos": "ADV",
            "lemma": "più",
            "has_context": "false",
            "is_title": "false"
        },
        {
            "id": 192,
            "form": "delle",
            "pos": "PRE",
            "lemma": "del",
            "has_context": "false",
            "is_title": "false"
        },
        {
            "id": 193,
            "form": "volte",
            "pos": "NOM",
            "lemma": "volta",
            "has_context": "false",
            "is_title": "false"
        },
        {
            "id": 194,
            "form": "sono",
            "pos": "VER",
            "lemma": "essere",
            "has_context": "false",
            "is_title": "false"
        },
        {
            "id": 195,
            "form": "i",
            "pos": "DET",
            "lemma": "il",
            "has_context": "false",
            "is_title": "false"
        },
        {
            "id": 196,
            "form": "passanti",
            "pos": "NOM",
            "lemma": "passante",
            "has_context": "true",
            "is_title": "false"
        },
        {
            "id": 197,
            "form": "e",
            "pos": "CON",
            "lemma": "e",
            "has_context": "false",
            "is_title": "false"
        },
        {
            "id": 198,
            "form": "l’",
            "pos": "DET",
            "lemma": "il",
            "has_context": "false",
            "is_title": "false"
        },
        {
            "id": 199,
            "form": "autista",
            "pos": "NOM",
            "lemma": "autista",
            "has_context": "true",
            "is_title": "false"
        },
        {
            "id": 200,
            "form": "a",
            "pos": "PRE",
            "lemma": "a",
            "has_context": "false",
            "is_title": "false"
        },
        {
            "id": 201,
            "form": "dovermi",
            "pos": "VER",
            "lemma": "dovere",
            "has_context": "false",
            "is_title": "false"
        },
        {
            "id": 202,
            "form": "aiutare",
            "pos": "VER",
            "lemma": "aiutare",
            "has_context": "false",
            "is_title": "false"
        },
        {
            "id": 203,
            "form": ".",
            "pos": "SENT",
            "lemma": ".",
            "has_context": "false",
            "is_title": "false"
        },
        {
            "id": 204,
            "form": "Stessa",
            "pos": "ADJ",
            "lemma": "stesso",
            "has_context": "false",
            "is_title": "false"
        },
        {
            "id": 205,
            "form": "cosa",
            "pos": "NOM",
            "lemma": "cosa",
            "has_context": "false",
            "is_title": "false"
        },
        {
            "id": 206,
            "form": "vale",
            "pos": "VER",
            "lemma": "valere",
            "has_context": "true",
            "is_title": "false"
        },
        {
            "id": 207,
            "form": "per",
            "pos": "PRE",
            "lemma": "per",
            "has_context": "false",
            "is_title": "false"
        },
        {
            "id": 208,
            "form": "la",
            "pos": "DET",
            "lemma": "il",
            "has_context": "false",
            "is_title": "false"
        },
        {
            "id": 209,
            "form": "metropolitana",
            "pos": "NOM",
            "lemma": "metropolitana",
            "has_context": "false",
            "is_title": "false"
        },
        {
            "id": 210,
            "form": ".",
            "pos": "SENT",
            "lemma": ".",
            "has_context": "false",
            "is_title": "false"
        },
        {
            "id": 211,
            "form": "Gli",
            "pos": "DET",
            "lemma": "il",
            "has_context": "false",
            "is_title": "false"
        },
        {
            "id": 212,
            "form": "ascensori",
            "pos": "NOM",
            "lemma": "ascensore",
            "has_context": "false",
            "is_title": "false"
        },
        {
            "id": 213,
            "form": "spesso",
            "pos": "ADV",
            "lemma": "spesso",
            "has_context": "false",
            "is_title": "false"
        },
        {
            "id": 214,
            "form": "non",
            "pos": "ADV",
            "lemma": "non",
            "has_context": "false",
            "is_title": "false"
        },
        {
            "id": 215,
            "form": "ci",
            "pos": "ADV",
            "lemma": "ci",
            "has_context": "false",
            "is_title": "false"
        },
        {
            "id": 216,
            "form": "sono",
            "pos": "VER",
            "lemma": "essere",
            "has_context": "false",
            "is_title": "false"
        },
        {
            "id": 217,
            "form": "o",
            "pos": "CON",
            "lemma": "o",
            "has_context": "false",
            "is_title": "false"
        },
        {
            "id": 218,
            "form": "sono",
            "pos": "VER",
            "lemma": "essere",
            "has_context": "false",
            "is_title": "false"
        },
        {
            "id": 219,
            "form": "fuori",
            "pos": "ADV",
            "lemma": "fuori",
            "has_context": "false",
            "is_title": "false"
        },
        {
            "id": 220,
            "form": "servizio",
            "pos": "NOM",
            "lemma": "servizio",
            "has_context": "true",
            "is_title": "false"
        },
        {
            "id": 221,
            "form": ".",
            "pos": "SENT",
            "lemma": ".",
            "has_context": "false",
            "is_title": "false"
        },
        {
            "id": 222,
            "form": "Per",
            "pos": "PRE",
            "lemma": "per",
            "has_context": "false",
            "is_title": "false"
        },
        {
            "id": 223,
            "form": "questo",
            "pos": "PRO",
            "lemma": "questo",
            "has_context": "false",
            "is_title": "false"
        },
        {
            "id": 224,
            "form": "ho",
            "pos": "VER",
            "lemma": "avere",
            "has_context": "false",
            "is_title": "false"
        },
        {
            "id": 225,
            "form": "fondato",
            "pos": "VER",
            "lemma": "fondare",
            "has_context": "true",
            "is_title": "false"
        },
        {
            "id": 226,
            "form": "un’",
            "pos": "DET",
            "lemma": "un",
            "has_context": "false",
            "is_title": "false"
        },
        {
            "id": 227,
            "form": "associazione",
            "pos": "NOM",
            "lemma": "associazione",
            "has_context": "true",
            "is_title": "false"
        },
        {
            "id": 228,
            "form": "che",
            "pos": "PRO",
            "lemma": "che",
            "has_context": "false",
            "is_title": "false"
        },
        {
            "id": 229,
            "form": "raccoglie",
            "pos": "VER",
            "lemma": "raccogliere",
            "has_context": "true",
            "is_title": "false"
        },
        {
            "id": 230,
            "form": "circa",
            "pos": "ADV",
            "lemma": "circa",
            "has_context": "false",
            "is_title": "false"
        },
        {
            "id": 231,
            "form": "un",
            "pos": "DET",
            "lemma": "un",
            "has_context": "false",
            "is_title": "false"
        },
        {
            "id": 232,
            "form": "centinaio",
            "pos": "NOM",
            "lemma": "centinaio",
            "has_context": "true",
            "is_title": "false"
        },
        {
            "id": 233,
            "form": "di",
            "pos": "PRE",
            "lemma": "di",
            "has_context": "false",
            "is_title": "false"
        },
        {
            "id": 234,
            "form": "persone",
            "pos": "NOM",
            "lemma": "persona",
            "has_context": "false",
            "is_title": "false"
        },
        {
            "id": 235,
            "form": ",",
            "pos": "PON",
            "lemma": ",",
            "has_context": "false",
            "is_title": "false"
        },
        {
            "id": 236,
            "form": "disabili",
            "pos": "ADJ",
            "lemma": "disabile",
            "has_context": "false",
            "is_title": "false"
        },
        {
            "id": 237,
            "form": "e",
            "pos": "CON",
            "lemma": "e",
            "has_context": "false",
            "is_title": "false"
        },
        {
            "id": 238,
            "form": "non",
            "pos": "ADV",
            "lemma": "non",
            "has_context": "false",
            "is_title": "false"
        },
        {
            "id": 239,
            "form": ",",
            "pos": "PON",
            "lemma": ",",
            "has_context": "false",
            "is_title": "false"
        },
        {
            "id": 240,
            "form": "che",
            "pos": "PRO",
            "lemma": "che",
            "has_context": "false",
            "is_title": "false"
        },
        {
            "id": 241,
            "form": "lotta",
            "pos": "VER",
            "lemma": "lottare",
            "has_context": "true",
            "is_title": "false"
        },
        {
            "id": 242,
            "form": "per",
            "pos": "PRE",
            "lemma": "per",
            "has_context": "false",
            "is_title": "false"
        },
        {
            "id": 243,
            "form": "l’",
            "pos": "DET",
            "lemma": "il",
            "has_context": "false",
            "is_title": "false"
        },
        {
            "id": 244,
            "form": "abolizione",
            "pos": "NOM",
            "lemma": "abolizione",
            "has_context": "true",
            "is_title": "false"
        },
        {
            "id": 245,
            "form": "di",
            "pos": "PRE",
            "lemma": "di",
            "has_context": "false",
            "is_title": "false"
        },
        {
            "id": 246,
            "form": "queste",
            "pos": "ADJ",
            "lemma": "questo",
            "has_context": "false",
            "is_title": "false"
        },
        {
            "id": 247,
            "form": "barriere",
            "pos": "NOM",
            "lemma": "barriera",
            "has_context": "true",
            "is_title": "false"
        },
        {
            "id": 248,
            "form": ".",
            "pos": "SENT",
            "lemma": ".",
            "has_context": "false",
            "is_title": "false"
        },
        {
            "id": 249,
            "form": "Vogliamo",
            "pos": "VER",
            "lemma": "volere",
            "has_context": "false",
            "is_title": "false"
        },
        {
            "id": 250,
            "form": "che",
            "pos": "CON",
            "lemma": "che",
            "has_context": "false",
            "is_title": "false"
        },
        {
            "id": 251,
            "form": "i",
            "pos": "DET",
            "lemma": "il",
            "has_context": "false",
            "is_title": "false"
        },
        {
            "id": 252,
            "form": "gesti",
            "pos": "NOM",
            "lemma": "gesto",
            "has_context": "true",
            "is_title": "false"
        },
        {
            "id": 253,
            "form": "di",
            "pos": "PRE",
            "lemma": "di",
            "has_context": "false",
            "is_title": "false"
        },
        {
            "id": 254,
            "form": "inciviltà",
            "pos": "NOM",
            "lemma": "inciviltà",
            "has_context": "true",
            "is_title": "false"
        },
        {
            "id": 255,
            "form": ",",
            "pos": "PON",
            "lemma": ",",
            "has_context": "false",
            "is_title": "false"
        },
        {
            "id": 256,
            "form": "come",
            "pos": "PRE",
            "lemma": "come",
            "has_context": "false",
            "is_title": "false"
        },
        {
            "id": 257,
            "form": "parcheggiare",
            "pos": "VER",
            "lemma": "parcheggiare",
            "has_context": "true",
            "is_title": "false"
        },
        {
            "id": 258,
            "form": "la",
            "pos": "DET",
            "lemma": "il",
            "has_context": "false",
            "is_title": "false"
        },
        {
            "id": 259,
            "form": "macchina",
            "pos": "NOM",
            "lemma": "macchina",
            "has_context": "false",
            "is_title": "false"
        },
        {
            "id": 260,
            "form": "davanti",
            "pos": "ADV",
            "lemma": "davanti",
            "has_context": "false",
            "is_title": "false"
        },
        {
            "id": 261,
            "form": "ai",
            "pos": "PRE",
            "lemma": "al",
            "has_context": "false",
            "is_title": "false"
        },
        {
            "id": 262,
            "form": "passaggi",
            "pos": "NOM",
            "lemma": "passaggio",
            "has_context": "true",
            "is_title": "false"
        },
        {
            "id": 263,
            "form": "per",
            "pos": "PRE",
            "lemma": "per",
            "has_context": "false",
            "is_title": "false"
        },
        {
            "id": 264,
            "form": "le",
            "pos": "DET",
            "lemma": "il",
            "has_context": "false",
            "is_title": "false"
        },
        {
            "id": 265,
            "form": "sedie",
            "pos": "NOM",
            "lemma": "sedia",
            "has_context": "false",
            "is_title": "false"
        },
        {
            "id": 266,
            "form": "a",
            "pos": "PRE",
            "lemma": "a",
            "has_context": "false",
            "is_title": "false"
        },
        {
            "id": 267,
            "form": "rotelle",
            "pos": "NOM",
            "lemma": "rotella",
            "has_context": "true",
            "is_title": "false"
        },
        {
            "id": 268,
            "form": ",",
            "pos": "PON",
            "lemma": ",",
            "has_context": "false",
            "is_title": "false"
        },
        {
            "id": 269,
            "form": "vengano",
            "pos": "VER",
            "lemma": "venire",
            "has_context": "false",
            "is_title": "false"
        },
        {
            "id": 270,
            "form": "puniti",
            "pos": "VER",
            "lemma": "punire",
            "has_context": "true",
            "is_title": "false"
        },
        {
            "id": 271,
            "form": "duramente",
            "pos": "ADV",
            "lemma": "duramente",
            "has_context": "true",
            "is_title": "false"
        },
        {
            "id": 272,
            "form": ".",
            "pos": "SENT",
            "lemma": ".",
            "has_context": "false",
            "is_title": "false"
        },
        {
            "id": 273,
            "form": "Vogliamo",
            "pos": "VER",
            "lemma": "volere",
            "has_context": "false",
            "is_title": "false"
        },
        {
            "id": 274,
            "form": "inoltre",
            "pos": "CON",
            "lemma": "inoltre",
            "has_context": "false",
            "is_title": "false"
        },
        {
            "id": 275,
            "form": "che",
            "pos": "CON",
            "lemma": "che",
            "has_context": "false",
            "is_title": "false"
        },
        {
            "id": 276,
            "form": "vengano",
            "pos": "VER",
            "lemma": "venire",
            "has_context": "false",
            "is_title": "false"
        },
        {
            "id": 277,
            "form": "riparati",
            "pos": "VER",
            "lemma": "riparare",
            "has_context": "true",
            "is_title": "false"
        },
        {
            "id": 278,
            "form": "ascensori",
            "pos": "NOM",
            "lemma": "ascensore",
            "has_context": "false",
            "is_title": "false"
        },
        {
            "id": 279,
            "form": "e",
            "pos": "CON",
            "lemma": "e",
            "has_context": "false",
            "is_title": "false"
        },
        {
            "id": 280,
            "form": "montascale",
            "pos": "NOM",
            "lemma": "montascale",
            "has_context": "true",
            "is_title": "false"
        },
        {
            "id": 281,
            "form": "per",
            "pos": "PRE",
            "lemma": "per",
            "has_context": "false",
            "is_title": "false"
        },
        {
            "id": 282,
            "form": "poter",
            "pos": "VER",
            "lemma": "potere",
            "has_context": "false",
            "is_title": "false"
        },
        {
            "id": 283,
            "form": "prendere",
            "pos": "VER",
            "lemma": "prendere",
            "has_context": "false",
            "is_title": "false"
        },
        {
            "id": 284,
            "form": "la",
            "pos": "DET",
            "lemma": "il",
            "has_context": "false",
            "is_title": "false"
        },
        {
            "id": 285,
            "form": "metropolitana",
            "pos": "NOM",
            "lemma": "metropolitana",
            "has_context": "false",
            "is_title": "false"
        },
        {
            "id": 286,
            "form": ".",
            "pos": "SENT",
            "lemma": ".",
            "has_context": "false",
            "is_title": "false"
        },
        {
            "id": 287,
            "form": "Abbiamo",
            "pos": "VER",
            "lemma": "avere",
            "has_context": "false",
            "is_title": "false"
        },
        {
            "id": 288,
            "form": "scritto",
            "pos": "VER",
            "lemma": "scrivere",
            "has_context": "false",
            "is_title": "false"
        },
        {
            "id": 289,
            "form": "al",
            "pos": "PRE",
            "lemma": "al",
            "has_context": "false",
            "is_title": "false"
        },
        {
            "id": 290,
            "form": "sindaco",
            "pos": "NOM",
            "lemma": "sindaco",
            "has_context": "true",
            "is_title": "false"
        },
        {
            "id": 291,
            "form": "e",
            "pos": "CON",
            "lemma": "e",
            "has_context": "false",
            "is_title": "false"
        },
        {
            "id": 292,
            "form": "attendiamo",
            "pos": "VER",
            "lemma": "attendere",
            "has_context": "true",
            "is_title": "false"
        },
        {
            "id": 293,
            "form": "fiduciosi",
            "pos": "ADJ",
            "lemma": "fiducioso",
            "has_context": "true",
            "is_title": "false"
        },
        {
            "id": 294,
            "form": "la",
            "pos": "DET",
            "lemma": "il",
            "has_context": "false",
            "is_title": "false"
        },
        {
            "id": 295,
            "form": "sua",
            "pos": "ADJ",
            "lemma": "suo",
            "has_context": "false",
            "is_title": "false"
        },
        {
            "id": 296,
            "form": "risposta",
            "pos": "NOM",
            "lemma": "risposta",
            "has_context": "false",
            "is_title": "false"
        },
        {
            "id": 297,
            "form": ".",
            "pos": "SENT",
            "lemma": ".",
            "has_context": "false",
            "is_title": "false"
        }
    ]
