    [
        {
            "id": 1,
            "form": "Oroscopo",
            "pos": "NOM",
            "lemma": "oroscopo",
            "has_context": "true",
            "is_title": "true"
        },
        {
            "id": 2,
            "form": "Quante",
            "pos": "ADJ",
            "lemma": "quanto",
            "has_context": "false",
            "is_title": "false"
        },
        {
            "id": 3,
            "form": "volte",
            "pos": "NOM",
            "lemma": "volta",
            "has_context": "false",
            "is_title": "false"
        },
        {
            "id": 4,
            "form": "abbiamo",
            "pos": "VER",
            "lemma": "avere",
            "has_context": "false",
            "is_title": "false"
        },
        {
            "id": 5,
            "form": "sentito",
            "pos": "VER",
            "lemma": "sentire",
            "has_context": "false",
            "is_title": "false"
        },
        {
            "id": 6,
            "form": "alla",
            "pos": "PRE",
            "lemma": "al",
            "has_context": "false",
            "is_title": "false"
        },
        {
            "id": 7,
            "form": "radio",
            "pos": "NOM",
            "lemma": "radio",
            "has_context": "false",
            "is_title": "false"
        },
        {
            "id": 8,
            "form": "o",
            "pos": "CON",
            "lemma": "o",
            "has_context": "false",
            "is_title": "false"
        },
        {
            "id": 9,
            "form": "letto",
            "pos": "VER",
            "lemma": "leggere",
            "has_context": "false",
            "is_title": "false"
        },
        {
            "id": 10,
            "form": "sui",
            "pos": "PRE",
            "lemma": "sul",
            "has_context": "false",
            "is_title": "false"
        },
        {
            "id": 11,
            "form": "giornali",
            "pos": "ADJ",
            "lemma": "giornale",
            "has_context": "false",
            "is_title": "false"
        },
        {
            "id": 12,
            "form": "frasi",
            "pos": "NOM",
            "lemma": "frase",
            "has_context": "false",
            "is_title": "false"
        },
        {
            "id": 13,
            "form": "come",
            "pos": "PRE",
            "lemma": "come",
            "has_context": "false",
            "is_title": "false"
        },
        {
            "id": 14,
            "form": "“",
            "pos": "NOM",
            "lemma": "“",
            "has_context": "false",
            "is_title": "false"
        },
        {
            "id": 15,
            "form": "Questo",
            "pos": "PRO",
            "lemma": "questo",
            "has_context": "false",
            "is_title": "false"
        },
        {
            "id": 16,
            "form": "è",
            "pos": "VER",
            "lemma": "essere",
            "has_context": "false",
            "is_title": "false"
        },
        {
            "id": 17,
            "form": "l’",
            "pos": "DET",
            "lemma": "il",
            "has_context": "false",
            "is_title": "false"
        },
        {
            "id": 18,
            "form": "anno",
            "pos": "NOM",
            "lemma": "anno",
            "has_context": "false",
            "is_title": "false"
        },
        {
            "id": 19,
            "form": "dello",
            "pos": "PRE",
            "lemma": "del",
            "has_context": "false",
            "is_title": "false"
        },
        {
            "id": 20,
            "form": "scorpione",
            "pos": "NOM",
            "lemma": "scorpione",
            "has_context": "true",
            "is_title": "false"
        },
        {
            "id": 21,
            "form": "”",
            "pos": "NOM",
            "lemma": "”",
            "has_context": "false",
            "is_title": "false"
        },
        {
            "id": 22,
            "form": "oppure",
            "pos": "CON",
            "lemma": "oppure",
            "has_context": "false",
            "is_title": "false"
        },
        {
            "id": 23,
            "form": "“",
            "pos": "NOM",
            "lemma": "“",
            "has_context": "false",
            "is_title": "false"
        },
        {
            "id": 24,
            "form": "I",
            "pos": "DET",
            "lemma": "il",
            "has_context": "false",
            "is_title": "false"
        },
        {
            "id": 25,
            "form": "capricorno",
            "pos": "NOM",
            "lemma": "capricorno",
            "has_context": "true",
            "is_title": "false"
        },
        {
            "id": 26,
            "form": "sono",
            "pos": "VER",
            "lemma": "essere",
            "has_context": "false",
            "is_title": "false"
        },
        {
            "id": 27,
            "form": "molto",
            "pos": "ADV",
            "lemma": "molto",
            "has_context": "false",
            "is_title": "false"
        },
        {
            "id": 28,
            "form": "testardi",
            "pos": "ADJ",
            "lemma": "testardo",
            "has_context": "true",
            "is_title": "false"
        },
        {
            "id": 29,
            "form": "”",
            "pos": "NOM",
            "lemma": "”",
            "has_context": "false",
            "is_title": "false"
        },
        {
            "id": 30,
            "form": "?",
            "pos": "SENT",
            "lemma": "?",
            "has_context": "false",
            "is_title": "false"
        },
        {
            "id": 31,
            "form": "Spesso",
            "pos": "ADV",
            "lemma": "spesso",
            "has_context": "false",
            "is_title": "false"
        },
        {
            "id": 32,
            "form": "in",
            "pos": "PRE",
            "lemma": "in",
            "has_context": "false",
            "is_title": "false"
        },
        {
            "id": 33,
            "form": "treno",
            "pos": "NOM",
            "lemma": "treno",
            "has_context": "false",
            "is_title": "false"
        },
        {
            "id": 34,
            "form": "e",
            "pos": "CON",
            "lemma": "e",
            "has_context": "false",
            "is_title": "false"
        },
        {
            "id": 35,
            "form": "in",
            "pos": "PRE",
            "lemma": "in",
            "has_context": "false",
            "is_title": "false"
        },
        {
            "id": 36,
            "form": "metropolitana",
            "pos": "NOM",
            "lemma": "metropolitana",
            "has_context": "false",
            "is_title": "false"
        },
        {
            "id": 37,
            "form": "leggiamo",
            "pos": "VER",
            "lemma": "leggere",
            "has_context": "false",
            "is_title": "false"
        },
        {
            "id": 38,
            "form": "annoiati",
            "pos": "VER",
            "lemma": "annoiare",
            "has_context": "true",
            "is_title": "false"
        },
        {
            "id": 39,
            "form": "il",
            "pos": "DET",
            "lemma": "il",
            "has_context": "false",
            "is_title": "false"
        },
        {
            "id": 40,
            "form": "giornale",
            "pos": "NOM",
            "lemma": "giornale",
            "has_context": "false",
            "is_title": "false"
        },
        {
            "id": 41,
            "form": "e",
            "pos": "CON",
            "lemma": "e",
            "has_context": "false",
            "is_title": "false"
        },
        {
            "id": 42,
            "form": ",",
            "pos": "PON",
            "lemma": ",",
            "has_context": "false",
            "is_title": "false"
        },
        {
            "id": 43,
            "form": "senza",
            "pos": "PRE",
            "lemma": "senza",
            "has_context": "false",
            "is_title": "false"
        },
        {
            "id": 44,
            "form": "accorgercene",
            "pos": "VER",
            "lemma": "accorgere",
            "has_context": "true",
            "is_title": "false"
        },
        {
            "id": 45,
            "form": ",",
            "pos": "PON",
            "lemma": ",",
            "has_context": "false",
            "is_title": "false"
        },
        {
            "id": 46,
            "form": "alla",
            "pos": "PRE",
            "lemma": "al",
            "has_context": "false",
            "is_title": "false"
        },
        {
            "id": 47,
            "form": "fine",
            "pos": "NOM",
            "lemma": "fine",
            "has_context": "false",
            "is_title": "false"
        },
        {
            "id": 48,
            "form": "il",
            "pos": "DET",
            "lemma": "il",
            "has_context": "false",
            "is_title": "false"
        },
        {
            "id": 49,
            "form": "nostro",
            "pos": "ADJ",
            "lemma": "nostro",
            "has_context": "false",
            "is_title": "false"
        },
        {
            "id": 50,
            "form": "occhio",
            "pos": "NOM",
            "lemma": "occhio",
            "has_context": "false",
            "is_title": "false"
        },
        {
            "id": 51,
            "form": "cade",
            "pos": "VER",
            "lemma": "cadere",
            "has_context": "true",
            "is_title": "false"
        },
        {
            "id": 52,
            "form": "sull’",
            "pos": "PRE",
            "lemma": "sul",
            "has_context": "false",
            "is_title": "false"
        },
        {
            "id": 53,
            "form": "ultima",
            "pos": "ADJ",
            "lemma": "ultimo",
            "has_context": "false",
            "is_title": "false"
        },
        {
            "id": 54,
            "form": "pagina",
            "pos": "NOM",
            "lemma": "pagina",
            "has_context": "false",
            "is_title": "false"
        },
        {
            "id": 55,
            "form": ",",
            "pos": "PON",
            "lemma": ",",
            "has_context": "false",
            "is_title": "false"
        },
        {
            "id": 56,
            "form": "tra",
            "pos": "PRE",
            "lemma": "tra",
            "has_context": "false",
            "is_title": "false"
        },
        {
            "id": 57,
            "form": "il",
            "pos": "DET",
            "lemma": "il",
            "has_context": "false",
            "is_title": "false"
        },
        {
            "id": 58,
            "form": "meteo",
            "pos": "NOM",
            "lemma": "meteo",
            "has_context": "true",
            "is_title": "false"
        },
        {
            "id": 59,
            "form": "e",
            "pos": "CON",
            "lemma": "e",
            "has_context": "false",
            "is_title": "false"
        },
        {
            "id": 60,
            "form": "il",
            "pos": "DET",
            "lemma": "il",
            "has_context": "false",
            "is_title": "false"
        },
        {
            "id": 61,
            "form": "cruciverba",
            "pos": "NOM",
            "lemma": "cruciverba",
            "has_context": "true",
            "is_title": "false"
        },
        {
            "id": 62,
            "form": ".",
            "pos": "SENT",
            "lemma": ".",
            "has_context": "false",
            "is_title": "false"
        },
        {
            "id": 63,
            "form": "Lì",
            "pos": "ADV",
            "lemma": "lì",
            "has_context": "false",
            "is_title": "false"
        },
        {
            "id": 64,
            "form": "dove",
            "pos": "ADV",
            "lemma": "dove",
            "has_context": "false",
            "is_title": "false"
        },
        {
            "id": 65,
            "form": "c’",
            "pos": "ADV",
            "lemma": "ci",
            "has_context": "false",
            "is_title": "false"
        },
        {
            "id": 66,
            "form": "è",
            "pos": "NOM",
            "lemma": "è",
            "has_context": "false",
            "is_title": "false"
        },
        {
            "id": 67,
            "form": "l’",
            "pos": "DET",
            "lemma": "il",
            "has_context": "false",
            "is_title": "false"
        },
        {
            "id": 68,
            "form": "oroscopo",
            "pos": "NOM",
            "lemma": "oroscopo",
            "has_context": "true",
            "is_title": "false"
        },
        {
            "id": 69,
            "form": ".",
            "pos": "SENT",
            "lemma": ".",
            "has_context": "false",
            "is_title": "false"
        },
        {
            "id": 70,
            "form": "E",
            "pos": "CON",
            "lemma": "e",
            "has_context": "false",
            "is_title": "false"
        },
        {
            "id": 71,
            "form": "sempre",
            "pos": "ADV",
            "lemma": "sempre",
            "has_context": "false",
            "is_title": "false"
        },
        {
            "id": 72,
            "form": "in",
            "pos": "PRE",
            "lemma": "in",
            "has_context": "false",
            "is_title": "false"
        },
        {
            "id": 73,
            "form": "sovrappensiero",
            "pos": "NOM",
            "lemma": "sovrappensiero",
            "has_context": "true",
            "is_title": "false"
        },
        {
            "id": 74,
            "form": "cerchiamo",
            "pos": "VER",
            "lemma": "cercare",
            "has_context": "false",
            "is_title": "false"
        },
        {
            "id": 75,
            "form": "il",
            "pos": "DET",
            "lemma": "il",
            "has_context": "false",
            "is_title": "false"
        },
        {
            "id": 76,
            "form": "nostro",
            "pos": "PRO",
            "lemma": "nostro",
            "has_context": "false",
            "is_title": "false"
        },
        {
            "id": 77,
            "form": "tra",
            "pos": "PRE",
            "lemma": "tra",
            "has_context": "false",
            "is_title": "false"
        },
        {
            "id": 78,
            "form": "la",
            "pos": "DET",
            "lemma": "il",
            "has_context": "false",
            "is_title": "false"
        },
        {
            "id": 79,
            "form": "lista",
            "pos": "NOM",
            "lemma": "lista",
            "has_context": "true",
            "is_title": "false"
        },
        {
            "id": 80,
            "form": "dei",
            "pos": "PRE",
            "lemma": "del",
            "has_context": "false",
            "is_title": "false"
        },
        {
            "id": 81,
            "form": "segni",
            "pos": "NOM",
            "lemma": "segno",
            "has_context": "true",
            "is_title": "false"
        },
        {
            "id": 82,
            "form": "zodiacali",
            "pos": "ADJ",
            "lemma": "zodiacale",
            "has_context": "true",
            "is_title": "false"
        },
        {
            "id": 83,
            "form": ".",
            "pos": "SENT",
            "lemma": ".",
            "has_context": "false",
            "is_title": "false"
        },
        {
            "id": 84,
            "form": "Ma",
            "pos": "CON",
            "lemma": "ma",
            "has_context": "false",
            "is_title": "false"
        },
        {
            "id": 85,
            "form": "davvero",
            "pos": "ADV",
            "lemma": "davvero",
            "has_context": "true",
            "is_title": "false"
        },
        {
            "id": 86,
            "form": "se",
            "pos": "CON",
            "lemma": "se",
            "has_context": "false",
            "is_title": "false"
        },
        {
            "id": 87,
            "form": "il",
            "pos": "DET",
            "lemma": "il",
            "has_context": "false",
            "is_title": "false"
        },
        {
            "id": 88,
            "form": "giornale",
            "pos": "NOM",
            "lemma": "giornale",
            "has_context": "false",
            "is_title": "false"
        },
        {
            "id": 89,
            "form": "ci",
            "pos": "PRO",
            "lemma": "ci",
            "has_context": "false",
            "is_title": "false"
        },
        {
            "id": 90,
            "form": "dice",
            "pos": "VER",
            "lemma": "dire",
            "has_context": "false",
            "is_title": "false"
        },
        {
            "id": 91,
            "form": "che",
            "pos": "CON",
            "lemma": "che",
            "has_context": "false",
            "is_title": "false"
        },
        {
            "id": 92,
            "form": "oggi",
            "pos": "ADV",
            "lemma": "oggi",
            "has_context": "false",
            "is_title": "false"
        },
        {
            "id": 93,
            "form": "il",
            "pos": "DET",
            "lemma": "il",
            "has_context": "false",
            "is_title": "false"
        },
        {
            "id": 94,
            "form": "nostro",
            "pos": "ADJ",
            "lemma": "nostro",
            "has_context": "false",
            "is_title": "false"
        },
        {
            "id": 95,
            "form": "segno",
            "pos": "NOM",
            "lemma": "segno",
            "has_context": "true",
            "is_title": "false"
        },
        {
            "id": 96,
            "form": "avrà",
            "pos": "VER",
            "lemma": "avere",
            "has_context": "false",
            "is_title": "false"
        },
        {
            "id": 97,
            "form": "fortuna",
            "pos": "NOM",
            "lemma": "fortuna",
            "has_context": "false",
            "is_title": "false"
        },
        {
            "id": 98,
            "form": "in",
            "pos": "PRE",
            "lemma": "in",
            "has_context": "false",
            "is_title": "false"
        },
        {
            "id": 99,
            "form": "amore",
            "pos": "NOM",
            "lemma": "amore",
            "has_context": "false",
            "is_title": "false"
        },
        {
            "id": 100,
            "form": ",",
            "pos": "PON",
            "lemma": ",",
            "has_context": "false",
            "is_title": "false"
        },
        {
            "id": 101,
            "form": "allora",
            "pos": "ADV",
            "lemma": "allora",
            "has_context": "false",
            "is_title": "false"
        },
        {
            "id": 102,
            "form": "incontreremo",
            "pos": "VER",
            "lemma": "incontrare",
            "has_context": "false",
            "is_title": "false"
        },
        {
            "id": 103,
            "form": "l’",
            "pos": "DET",
            "lemma": "il",
            "has_context": "false",
            "is_title": "false"
        },
        {
            "id": 104,
            "form": "uomo",
            "pos": "NOM",
            "lemma": "uomo",
            "has_context": "false",
            "is_title": "false"
        },
        {
            "id": 105,
            "form": "o",
            "pos": "CON",
            "lemma": "o",
            "has_context": "false",
            "is_title": "false"
        },
        {
            "id": 106,
            "form": "la",
            "pos": "DET",
            "lemma": "il",
            "has_context": "false",
            "is_title": "false"
        },
        {
            "id": 107,
            "form": "donna",
            "pos": "NOM",
            "lemma": "donna",
            "has_context": "false",
            "is_title": "false"
        },
        {
            "id": 108,
            "form": "dei",
            "pos": "PRE",
            "lemma": "del",
            "has_context": "false",
            "is_title": "false"
        },
        {
            "id": 109,
            "form": "nostri",
            "pos": "ADJ",
            "lemma": "nostro",
            "has_context": "false",
            "is_title": "false"
        },
        {
            "id": 110,
            "form": "sogni",
            "pos": "NOM",
            "lemma": "sogno",
            "has_context": "true",
            "is_title": "false"
        },
        {
            "id": 111,
            "form": "?",
            "pos": "SENT",
            "lemma": "?",
            "has_context": "false",
            "is_title": "false"
        },
        {
            "id": 112,
            "form": "Abbiamo",
            "pos": "VER",
            "lemma": "avere",
            "has_context": "false",
            "is_title": "false"
        },
        {
            "id": 113,
            "form": "intervistato",
            "pos": "VER",
            "lemma": "intervistare",
            "has_context": "true",
            "is_title": "false"
        },
        {
            "id": 114,
            "form": "il",
            "pos": "DET",
            "lemma": "il",
            "has_context": "false",
            "is_title": "false"
        },
        {
            "id": 115,
            "form": "dottor",
            "pos": "NOM",
            "lemma": "dottore",
            "has_context": "false",
            "is_title": "false"
        },
        {
            "id": 116,
            "form": "Silvio",
            "pos": "NPR",
            "lemma": "Silvio",
            "has_context": "false",
            "is_title": "false"
        },
        {
            "id": 117,
            "form": "Garofoli",
            "pos": "NPR",
            "lemma": "Garofoli",
            "has_context": "false",
            "is_title": "false"
        },
        {
            "id": 118,
            "form": ",",
            "pos": "PON",
            "lemma": ",",
            "has_context": "false",
            "is_title": "false"
        },
        {
            "id": 119,
            "form": "presidente",
            "pos": "NOM",
            "lemma": "presidente",
            "has_context": "true",
            "is_title": "false"
        },
        {
            "id": 120,
            "form": "dell’",
            "pos": "PRE",
            "lemma": "del",
            "has_context": "false",
            "is_title": "false"
        },
        {
            "id": 121,
            "form": "associazione",
            "pos": "NOM",
            "lemma": "associazione",
            "has_context": "true",
            "is_title": "false"
        },
        {
            "id": 122,
            "form": "Astrologi",
            "pos": "NOM",
            "lemma": "astrologo",
            "has_context": "true",
            "is_title": "false"
        },
        {
            "id": 123,
            "form": "Italiani",
            "pos": "ADJ",
            "lemma": "italiano",
            "has_context": "false",
            "is_title": "false"
        },
        {
            "id": 124,
            "form": ",",
            "pos": "PON",
            "lemma": ",",
            "has_context": "false",
            "is_title": "false"
        },
        {
            "id": 125,
            "form": "e",
            "pos": "CON",
            "lemma": "e",
            "has_context": "false",
            "is_title": "false"
        },
        {
            "id": 126,
            "form": "gli",
            "pos": "PRO",
            "lemma": "gli",
            "has_context": "false",
            "is_title": "false"
        },
        {
            "id": 127,
            "form": "abbiamo",
            "pos": "VER",
            "lemma": "avere",
            "has_context": "false",
            "is_title": "false"
        },
        {
            "id": 128,
            "form": "fatto",
            "pos": "VER",
            "lemma": "fare",
            "has_context": "false",
            "is_title": "false"
        },
        {
            "id": 129,
            "form": "qualche",
            "pos": "ADJ",
            "lemma": "qualche",
            "has_context": "false",
            "is_title": "false"
        },
        {
            "id": 130,
            "form": "domanda",
            "pos": "NOM",
            "lemma": "domanda",
            "has_context": "false",
            "is_title": "false"
        },
        {
            "id": 131,
            "form": "in",
            "pos": "PRE",
            "lemma": "in",
            "has_context": "false",
            "is_title": "false"
        },
        {
            "id": 132,
            "form": "all’",
            "pos": "PRE",
            "lemma": "al",
            "has_context": "false",
            "is_title": "false"
        },
        {
            "id": 133,
            "form": "oroscopo",
            "pos": "NOM",
            "lemma": "oroscopo",
            "has_context": "true",
            "is_title": "false"
        },
        {
            "id": 134,
            "form": "che",
            "pos": "PRO",
            "lemma": "che",
            "has_context": "false",
            "is_title": "false"
        },
        {
            "id": 135,
            "form": "leggiamo",
            "pos": "VER",
            "lemma": "leggere",
            "has_context": "false",
            "is_title": "false"
        },
        {
            "id": 136,
            "form": "sul",
            "pos": "PRE",
            "lemma": "sul",
            "has_context": "false",
            "is_title": "false"
        },
        {
            "id": 137,
            "form": "giornale",
            "pos": "NOM",
            "lemma": "giornale",
            "has_context": "false",
            "is_title": "false"
        },
        {
            "id": 138,
            "form": ".",
            "pos": "SENT",
            "lemma": ".",
            "has_context": "false",
            "is_title": "false"
        },
        {
            "id": 139,
            "form": "«",
            "pos": "PON",
            "lemma": "«",
            "has_context": "false",
            "is_title": "false"
        },
        {
            "id": 140,
            "form": "Gli",
            "pos": "DET",
            "lemma": "il",
            "has_context": "false",
            "is_title": "false"
        },
        {
            "id": 141,
            "form": "oroscopi",
            "pos": "NOM",
            "lemma": "oroscopo",
            "has_context": "true",
            "is_title": "false"
        },
        {
            "id": 142,
            "form": "dettagliati",
            "pos": "ADJ",
            "lemma": "dettagliato",
            "has_context": "true",
            "is_title": "false"
        },
        {
            "id": 143,
            "form": "che",
            "pos": "PRO",
            "lemma": "che",
            "has_context": "false",
            "is_title": "false"
        },
        {
            "id": 144,
            "form": "leggete",
            "pos": "VER",
            "lemma": "leggere",
            "has_context": "false",
            "is_title": "false"
        },
        {
            "id": 145,
            "form": "quotidianamente",
            "pos": "ADV",
            "lemma": "quotidianamente",
            "has_context": "true",
            "is_title": "false"
        },
        {
            "id": 146,
            "form": "sul",
            "pos": "PRE",
            "lemma": "sul",
            "has_context": "false",
            "is_title": "false"
        },
        {
            "id": 147,
            "form": "giornale",
            "pos": "ADJ",
            "lemma": "giornale",
            "has_context": "false",
            "is_title": "false"
        },
        {
            "id": 148,
            "form": "–",
            "pos": "NOM",
            "lemma": "–",
            "has_context": "false",
            "is_title": "false"
        },
        {
            "id": 149,
            "form": "spiega",
            "pos": "VER",
            "lemma": "spiegare",
            "has_context": "false",
            "is_title": "false"
        },
        {
            "id": 150,
            "form": "Garofoli",
            "pos": "NPR",
            "lemma": "Garofoli",
            "has_context": "false",
            "is_title": "false"
        },
        {
            "id": 151,
            "form": "–",
            "pos": "NOM",
            "lemma": "–",
            "has_context": "false",
            "is_title": "false"
        },
        {
            "id": 152,
            "form": "non",
            "pos": "ADV",
            "lemma": "non",
            "has_context": "false",
            "is_title": "false"
        },
        {
            "id": 153,
            "form": "sono",
            "pos": "VER",
            "lemma": "essere",
            "has_context": "false",
            "is_title": "false"
        },
        {
            "id": 154,
            "form": "niente",
            "pos": "PRO",
            "lemma": "niente",
            "has_context": "false",
            "is_title": "false"
        },
        {
            "id": 155,
            "form": "più",
            "pos": "ADV",
            "lemma": "più",
            "has_context": "false",
            "is_title": "false"
        },
        {
            "id": 156,
            "form": "che",
            "pos": "CON",
            "lemma": "che",
            "has_context": "false",
            "is_title": "false"
        },
        {
            "id": 157,
            "form": "un",
            "pos": "DET",
            "lemma": "un",
            "has_context": "false",
            "is_title": "false"
        },
        {
            "id": 158,
            "form": "semplice",
            "pos": "ADJ",
            "lemma": "semplice",
            "has_context": "true",
            "is_title": "false"
        },
        {
            "id": 159,
            "form": "passatempo",
            "pos": "NOM",
            "lemma": "passatempo",
            "has_context": "true",
            "is_title": "false"
        },
        {
            "id": 160,
            "form": ",",
            "pos": "PON",
            "lemma": ",",
            "has_context": "false",
            "is_title": "false"
        },
        {
            "id": 161,
            "form": "non",
            "pos": "ADV",
            "lemma": "non",
            "has_context": "false",
            "is_title": "false"
        },
        {
            "id": 162,
            "form": "vanno",
            "pos": "VER",
            "lemma": "andare",
            "has_context": "false",
            "is_title": "false"
        },
        {
            "id": 163,
            "form": "presi",
            "pos": "VER",
            "lemma": "prendere",
            "has_context": "false",
            "is_title": "false"
        },
        {
            "id": 164,
            "form": "alla",
            "pos": "PRE",
            "lemma": "al",
            "has_context": "false",
            "is_title": "false"
        },
        {
            "id": 165,
            "form": "lettera",
            "pos": "NOM",
            "lemma": "lettera",
            "has_context": "false",
            "is_title": "false"
        },
        {
            "id": 166,
            "form": ".",
            "pos": "SENT",
            "lemma": ".",
            "has_context": "false",
            "is_title": "false"
        },
        {
            "id": 167,
            "form": "Se",
            "pos": "CON",
            "lemma": "se",
            "has_context": "false",
            "is_title": "false"
        },
        {
            "id": 168,
            "form": "oggi",
            "pos": "ADV",
            "lemma": "oggi",
            "has_context": "false",
            "is_title": "false"
        },
        {
            "id": 169,
            "form": "l’",
            "pos": "DET",
            "lemma": "il",
            "has_context": "false",
            "is_title": "false"
        },
        {
            "id": 170,
            "form": "Ariete",
            "pos": "NOM",
            "lemma": "ariete",
            "has_context": "true",
            "is_title": "false"
        },
        {
            "id": 171,
            "form": "avrà",
            "pos": "VER",
            "lemma": "avere",
            "has_context": "false",
            "is_title": "false"
        },
        {
            "id": 172,
            "form": "solo",
            "pos": "ADV",
            "lemma": "solo",
            "has_context": "false",
            "is_title": "false"
        },
        {
            "id": 173,
            "form": "due",
            "pos": "ADJ",
            "lemma": "due",
            "has_context": "false",
            "is_title": "false"
        },
        {
            "id": 174,
            "form": "pallini",
            "pos": "NOM",
            "lemma": "pallino",
            "has_context": "true",
            "is_title": "false"
        },
        {
            "id": 175,
            "form": "di",
            "pos": "PRE",
            "lemma": "di",
            "has_context": "false",
            "is_title": "false"
        },
        {
            "id": 176,
            "form": "salute",
            "pos": "NOM",
            "lemma": "salute",
            "has_context": "false",
            "is_title": "false"
        },
        {
            "id": 177,
            "form": ",",
            "pos": "PON",
            "lemma": ",",
            "has_context": "false",
            "is_title": "false"
        },
        {
            "id": 178,
            "form": "non",
            "pos": "ADV",
            "lemma": "non",
            "has_context": "false",
            "is_title": "false"
        },
        {
            "id": 179,
            "form": "significa",
            "pos": "VER",
            "lemma": "significare",
            "has_context": "false",
            "is_title": "false"
        },
        {
            "id": 180,
            "form": "che",
            "pos": "CON",
            "lemma": "che",
            "has_context": "false",
            "is_title": "false"
        },
        {
            "id": 181,
            "form": "passerà",
            "pos": "VER",
            "lemma": "passare",
            "has_context": "false",
            "is_title": "false"
        },
        {
            "id": 182,
            "form": "il",
            "pos": "DET",
            "lemma": "il",
            "has_context": "false",
            "is_title": "false"
        },
        {
            "id": 183,
            "form": "pomeriggio",
            "pos": "NOM",
            "lemma": "pomeriggio",
            "has_context": "false",
            "is_title": "false"
        },
        {
            "id": 184,
            "form": "dal",
            "pos": "PRE",
            "lemma": "dal",
            "has_context": "false",
            "is_title": "false"
        },
        {
            "id": 185,
            "form": "medico",
            "pos": "NOM",
            "lemma": "medico",
            "has_context": "false",
            "is_title": "false"
        },
        {
            "id": 186,
            "form": "!",
            "pos": "SENT",
            "lemma": "!",
            "has_context": "false",
            "is_title": "false"
        },
        {
            "id": 187,
            "form": "»",
            "pos": "PON",
            "lemma": "»",
            "has_context": "false",
            "is_title": "false"
        },
        {
            "id": 188,
            "form": "Non",
            "pos": "ADV",
            "lemma": "non",
            "has_context": "false",
            "is_title": "false"
        },
        {
            "id": 189,
            "form": "ci",
            "pos": "PRO",
            "lemma": "ci",
            "has_context": "false",
            "is_title": "false"
        },
        {
            "id": 190,
            "form": "serviva",
            "pos": "VER",
            "lemma": "servire",
            "has_context": "true",
            "is_title": "false"
        },
        {
            "id": 191,
            "form": "un",
            "pos": "DET",
            "lemma": "un",
            "has_context": "false",
            "is_title": "false"
        },
        {
            "id": 192,
            "form": "esperto",
            "pos": "NOM",
            "lemma": "esperto",
            "has_context": "true",
            "is_title": "false"
        },
        {
            "id": 193,
            "form": "per",
            "pos": "PRE",
            "lemma": "per",
            "has_context": "false",
            "is_title": "false"
        },
        {
            "id": 194,
            "form": "dirlo",
            "pos": "VER",
            "lemma": "dire",
            "has_context": "false",
            "is_title": "false"
        },
        {
            "id": 195,
            "form": ",",
            "pos": "PON",
            "lemma": ",",
            "has_context": "false",
            "is_title": "false"
        },
        {
            "id": 196,
            "form": "penserete",
            "pos": "VER",
            "lemma": "pensare",
            "has_context": "false",
            "is_title": "false"
        },
        {
            "id": 197,
            "form": ",",
            "pos": "PON",
            "lemma": ",",
            "has_context": "false",
            "is_title": "false"
        },
        {
            "id": 198,
            "form": "ma",
            "pos": "CON",
            "lemma": "ma",
            "has_context": "false",
            "is_title": "false"
        },
        {
            "id": 199,
            "form": "non",
            "pos": "ADV",
            "lemma": "non",
            "has_context": "false",
            "is_title": "false"
        },
        {
            "id": 200,
            "form": "è",
            "pos": "VER",
            "lemma": "essere",
            "has_context": "false",
            "is_title": "false"
        },
        {
            "id": 201,
            "form": "così",
            "pos": "ADV",
            "lemma": "così",
            "has_context": "false",
            "is_title": "false"
        },
        {
            "id": 202,
            "form": "scontato",
            "pos": "ADJ",
            "lemma": "scontato",
            "has_context": "true",
            "is_title": "false"
        },
        {
            "id": 203,
            "form": ".",
            "pos": "SENT",
            "lemma": ".",
            "has_context": "false",
            "is_title": "false"
        },
        {
            "id": 204,
            "form": "«",
            "pos": "PON",
            "lemma": "«",
            "has_context": "false",
            "is_title": "false"
        },
        {
            "id": 205,
            "form": "Molte",
            "pos": "ADJ",
            "lemma": "molto",
            "has_context": "false",
            "is_title": "false"
        },
        {
            "id": 206,
            "form": "persone",
            "pos": "NOM",
            "lemma": "persona",
            "has_context": "false",
            "is_title": "false"
        },
        {
            "id": 207,
            "form": "credono",
            "pos": "VER",
            "lemma": "credere",
            "has_context": "false",
            "is_title": "false"
        },
        {
            "id": 208,
            "form": "ingenuamente",
            "pos": "ADV",
            "lemma": "ingenuamente",
            "has_context": "true",
            "is_title": "false"
        },
        {
            "id": 209,
            "form": "che",
            "pos": "CON",
            "lemma": "che",
            "has_context": "false",
            "is_title": "false"
        },
        {
            "id": 210,
            "form": "l’",
            "pos": "DET",
            "lemma": "il",
            "has_context": "false",
            "is_title": "false"
        },
        {
            "id": 211,
            "form": "oroscopo",
            "pos": "NOM",
            "lemma": "oroscopo",
            "has_context": "true",
            "is_title": "false"
        },
        {
            "id": 212,
            "form": "sia",
            "pos": "VER",
            "lemma": "essere",
            "has_context": "false",
            "is_title": "false"
        },
        {
            "id": 213,
            "form": "da",
            "pos": "PRE",
            "lemma": "da",
            "has_context": "false",
            "is_title": "false"
        },
        {
            "id": 214,
            "form": "prendere",
            "pos": "VER",
            "lemma": "prendere",
            "has_context": "false",
            "is_title": "false"
        },
        {
            "id": 215,
            "form": "alla",
            "pos": "PRE",
            "lemma": "al",
            "has_context": "false",
            "is_title": "false"
        },
        {
            "id": 216,
            "form": "lettera",
            "pos": "NOM",
            "lemma": "lettera",
            "has_context": "false",
            "is_title": "false"
        },
        {
            "id": 217,
            "form": ".",
            "pos": "SENT",
            "lemma": ".",
            "has_context": "false",
            "is_title": "false"
        },
        {
            "id": 218,
            "form": "Ad",
            "pos": "PRE",
            "lemma": "ad",
            "has_context": "false",
            "is_title": "false"
        },
        {
            "id": 219,
            "form": "esempio",
            "pos": "NOM",
            "lemma": "esempio",
            "has_context": "false",
            "is_title": "false"
        },
        {
            "id": 220,
            "form": "una",
            "pos": "DET",
            "lemma": "una",
            "has_context": "false",
            "is_title": "false"
        },
        {
            "id": 221,
            "form": "volta",
            "pos": "NOM",
            "lemma": "volta",
            "has_context": "false",
            "is_title": "false"
        },
        {
            "id": 222,
            "form": "mi",
            "pos": "PRO",
            "lemma": "mi",
            "has_context": "false",
            "is_title": "false"
        },
        {
            "id": 223,
            "form": "è",
            "pos": "VER",
            "lemma": "essere",
            "has_context": "false",
            "is_title": "false"
        },
        {
            "id": 224,
            "form": "persino",
            "pos": "ADV",
            "lemma": "persino",
            "has_context": "true",
            "is_title": "false"
        },
        {
            "id": 225,
            "form": "capitato",
            "pos": "VER",
            "lemma": "capitare",
            "has_context": "true",
            "is_title": "false"
        },
        {
            "id": 226,
            "form": "di",
            "pos": "PRE",
            "lemma": "di",
            "has_context": "false",
            "is_title": "false"
        },
        {
            "id": 227,
            "form": "incontrare",
            "pos": "VER",
            "lemma": "incontrare",
            "has_context": "false",
            "is_title": "false"
        },
        {
            "id": 228,
            "form": "una",
            "pos": "DET",
            "lemma": "una",
            "has_context": "false",
            "is_title": "false"
        },
        {
            "id": 229,
            "form": "signora",
            "pos": "NOM",
            "lemma": "signora",
            "has_context": "false",
            "is_title": "false"
        },
        {
            "id": 230,
            "form": "che",
            "pos": "PRO",
            "lemma": "che",
            "has_context": "false",
            "is_title": "false"
        },
        {
            "id": 231,
            "form": ",",
            "pos": "PON",
            "lemma": ",",
            "has_context": "false",
            "is_title": "false"
        },
        {
            "id": 232,
            "form": "se",
            "pos": "CON",
            "lemma": "se",
            "has_context": "false",
            "is_title": "false"
        },
        {
            "id": 233,
            "form": "l’",
            "pos": "DET",
            "lemma": "il",
            "has_context": "false",
            "is_title": "false"
        },
        {
            "id": 234,
            "form": "oroscopo",
            "pos": "NOM",
            "lemma": "oroscopo",
            "has_context": "true",
            "is_title": "false"
        },
        {
            "id": 235,
            "form": "non",
            "pos": "ADV",
            "lemma": "non",
            "has_context": "false",
            "is_title": "false"
        },
        {
            "id": 236,
            "form": "era",
            "pos": "VER",
            "lemma": "essere",
            "has_context": "false",
            "is_title": "false"
        },
        {
            "id": 237,
            "form": "dei",
            "pos": "PRE",
            "lemma": "del",
            "has_context": "false",
            "is_title": "false"
        },
        {
            "id": 238,
            "form": "migliori",
            "pos": "ADJ",
            "lemma": "migliore",
            "has_context": "true",
            "is_title": "false"
        },
        {
            "id": 239,
            "form": ",",
            "pos": "PON",
            "lemma": ",",
            "has_context": "false",
            "is_title": "false"
        },
        {
            "id": 240,
            "form": "addirittura",
            "pos": "ADV",
            "lemma": "addirittura",
            "has_context": "true",
            "is_title": "false"
        },
        {
            "id": 241,
            "form": "non",
            "pos": "ADV",
            "lemma": "non",
            "has_context": "false",
            "is_title": "false"
        },
        {
            "id": 242,
            "form": "metteva",
            "pos": "VER",
            "lemma": "mettere",
            "has_context": "false",
            "is_title": "false"
        },
        {
            "id": 243,
            "form": "il",
            "pos": "DET",
            "lemma": "il",
            "has_context": "false",
            "is_title": "false"
        },
        {
            "id": 244,
            "form": "naso",
            "pos": "NOM",
            "lemma": "naso",
            "has_context": "false",
            "is_title": "false"
        },
        {
            "id": 245,
            "form": "fuori",
            "pos": "ADV",
            "lemma": "fuori",
            "has_context": "false",
            "is_title": "false"
        },
        {
            "id": 246,
            "form": "dalla",
            "pos": "PRE",
            "lemma": "dal",
            "has_context": "false",
            "is_title": "false"
        },
        {
            "id": 247,
            "form": "porta",
            "pos": "NOM",
            "lemma": "porta",
            "has_context": "false",
            "is_title": "false"
        },
        {
            "id": 248,
            "form": "!",
            "pos": "SENT",
            "lemma": "!",
            "has_context": "false",
            "is_title": "false"
        },
        {
            "id": 249,
            "form": "È",
            "pos": "VER",
            "lemma": "essere",
            "has_context": "false",
            "is_title": "false"
        },
        {
            "id": 250,
            "form": "chiaro",
            "pos": "ADJ",
            "lemma": "chiaro",
            "has_context": "false",
            "is_title": "false"
        },
        {
            "id": 251,
            "form": ",",
            "pos": "PON",
            "lemma": ",",
            "has_context": "false",
            "is_title": "false"
        },
        {
            "id": 252,
            "form": "non",
            "pos": "ADV",
            "lemma": "non",
            "has_context": "false",
            "is_title": "false"
        },
        {
            "id": 253,
            "form": "dobbiamo",
            "pos": "VER",
            "lemma": "dovere",
            "has_context": "false",
            "is_title": "false"
        },
        {
            "id": 254,
            "form": "credere",
            "pos": "VER",
            "lemma": "credere",
            "has_context": "false",
            "is_title": "false"
        },
        {
            "id": 255,
            "form": "alla",
            "pos": "PRE",
            "lemma": "al",
            "has_context": "false",
            "is_title": "false"
        },
        {
            "id": 256,
            "form": "lettera",
            "pos": "NOM",
            "lemma": "lettera",
            "has_context": "false",
            "is_title": "false"
        },
        {
            "id": 257,
            "form": "all’",
            "pos": "PRE",
            "lemma": "al",
            "has_context": "false",
            "is_title": "false"
        },
        {
            "id": 258,
            "form": "oroscopo",
            "pos": "NOM",
            "lemma": "oroscopo",
            "has_context": "true",
            "is_title": "false"
        },
        {
            "id": 259,
            "form": ",",
            "pos": "PON",
            "lemma": ",",
            "has_context": "false",
            "is_title": "false"
        },
        {
            "id": 260,
            "form": "ma",
            "pos": "CON",
            "lemma": "ma",
            "has_context": "false",
            "is_title": "false"
        },
        {
            "id": 261,
            "form": "è",
            "pos": "VER",
            "lemma": "essere",
            "has_context": "false",
            "is_title": "false"
        },
        {
            "id": 262,
            "form": "innegabile",
            "pos": "ADJ",
            "lemma": "innegabile",
            "has_context": "true",
            "is_title": "false"
        },
        {
            "id": 263,
            "form": "che",
            "pos": "CON",
            "lemma": "che",
            "has_context": "false",
            "is_title": "false"
        },
        {
            "id": 264,
            "form": "gli",
            "pos": "DET",
            "lemma": "il",
            "has_context": "false",
            "is_title": "false"
        },
        {
            "id": 265,
            "form": "astri",
            "pos": "NOM",
            "lemma": "astro",
            "has_context": "true",
            "is_title": "false"
        },
        {
            "id": 266,
            "form": "influiscano",
            "pos": "VER",
            "lemma": "influire",
            "has_context": "true",
            "is_title": "false"
        },
        {
            "id": 267,
            "form": "sulle",
            "pos": "PRE",
            "lemma": "sul",
            "has_context": "false",
            "is_title": "false"
        },
        {
            "id": 268,
            "form": "nostre",
            "pos": "ADJ",
            "lemma": "nostro",
            "has_context": "false",
            "is_title": "false"
        },
        {
            "id": 269,
            "form": "vite",
            "pos": "NOM",
            "lemma": "vita",
            "has_context": "true",
            "is_title": "false"
        },
        {
            "id": 270,
            "form": "e",
            "pos": "CON",
            "lemma": "e",
            "has_context": "false",
            "is_title": "false"
        },
        {
            "id": 271,
            "form": "ci",
            "pos": "PRO",
            "lemma": "ci",
            "has_context": "false",
            "is_title": "false"
        },
        {
            "id": 272,
            "form": "influenzino",
            "pos": "VER",
            "lemma": "influenzare",
            "has_context": "true",
            "is_title": "false"
        },
        {
            "id": 273,
            "form": "in",
            "pos": "PRE",
            "lemma": "in",
            "has_context": "false",
            "is_title": "false"
        },
        {
            "id": 274,
            "form": "maniera",
            "pos": "NOM",
            "lemma": "maniera",
            "has_context": "true",
            "is_title": "false"
        },
        {
            "id": 275,
            "form": "più",
            "pos": "ADV",
            "lemma": "più",
            "has_context": "false",
            "is_title": "false"
        },
        {
            "id": 276,
            "form": "o",
            "pos": "CON",
            "lemma": "o",
            "has_context": "false",
            "is_title": "false"
        },
        {
            "id": 277,
            "form": "meno",
            "pos": "ADV",
            "lemma": "meno",
            "has_context": "false",
            "is_title": "false"
        },
        {
            "id": 278,
            "form": "significativa",
            "pos": "ADJ",
            "lemma": "significativo",
            "has_context": "true",
            "is_title": "false"
        },
        {
            "id": 279,
            "form": ".",
            "pos": "SENT",
            "lemma": ".",
            "has_context": "false",
            "is_title": "false"
        },
        {
            "id": 280,
            "form": "»",
            "pos": "PON",
            "lemma": "»",
            "has_context": "false",
            "is_title": "false"
        },
        {
            "id": 281,
            "form": "Insomma",
            "pos": "CON",
            "lemma": "insomma",
            "has_context": "false",
            "is_title": "false"
        },
        {
            "id": 282,
            "form": ",",
            "pos": "PON",
            "lemma": ",",
            "has_context": "false",
            "is_title": "false"
        },
        {
            "id": 283,
            "form": "il",
            "pos": "DET",
            "lemma": "il",
            "has_context": "false",
            "is_title": "false"
        },
        {
            "id": 284,
            "form": "lavoro",
            "pos": "NOM",
            "lemma": "lavoro",
            "has_context": "false",
            "is_title": "false"
        },
        {
            "id": 285,
            "form": "dell’",
            "pos": "PRE",
            "lemma": "del",
            "has_context": "false",
            "is_title": "false"
        },
        {
            "id": 286,
            "form": "astrologo",
            "pos": "NOM",
            "lemma": "astrologo",
            "has_context": "true",
            "is_title": "false"
        },
        {
            "id": 287,
            "form": "non",
            "pos": "ADV",
            "lemma": "non",
            "has_context": "false",
            "is_title": "false"
        },
        {
            "id": 288,
            "form": "è",
            "pos": "VER",
            "lemma": "essere",
            "has_context": "false",
            "is_title": "false"
        },
        {
            "id": 289,
            "form": "improvvisare",
            "pos": "VER",
            "lemma": "improvvisare",
            "has_context": "true",
            "is_title": "false"
        },
        {
            "id": 290,
            "form": "cosa",
            "pos": "NOM",
            "lemma": "cosa",
            "has_context": "false",
            "is_title": "false"
        },
        {
            "id": 291,
            "form": "succederà",
            "pos": "VER",
            "lemma": "succedere",
            "has_context": "false",
            "is_title": "false"
        },
        {
            "id": 292,
            "form": "il",
            "pos": "DET",
            "lemma": "il",
            "has_context": "false",
            "is_title": "false"
        },
        {
            "id": 293,
            "form": "giorno",
            "pos": "NOM",
            "lemma": "giorno",
            "has_context": "false",
            "is_title": "false"
        },
        {
            "id": 294,
            "form": "dopo",
            "pos": "ADV",
            "lemma": "dopo",
            "has_context": "false",
            "is_title": "false"
        },
        {
            "id": 295,
            "form": ",",
            "pos": "PON",
            "lemma": ",",
            "has_context": "false",
            "is_title": "false"
        },
        {
            "id": 296,
            "form": "ma",
            "pos": "CON",
            "lemma": "ma",
            "has_context": "false",
            "is_title": "false"
        },
        {
            "id": 297,
            "form": "di",
            "pos": "PRE",
            "lemma": "di",
            "has_context": "false",
            "is_title": "false"
        },
        {
            "id": 298,
            "form": "ricercare",
            "pos": "VER",
            "lemma": "ricercare",
            "has_context": "true",
            "is_title": "false"
        },
        {
            "id": 299,
            "form": "nel",
            "pos": "PRE",
            "lemma": "nel",
            "has_context": "false",
            "is_title": "false"
        },
        {
            "id": 300,
            "form": "profondo",
            "pos": "NOM",
            "lemma": "profondo",
            "has_context": "false",
            "is_title": "false"
        },
        {
            "id": 301,
            "form": "come",
            "pos": "CON",
            "lemma": "come",
            "has_context": "false",
            "is_title": "false"
        },
        {
            "id": 302,
            "form": "i",
            "pos": "DET",
            "lemma": "il",
            "has_context": "false",
            "is_title": "false"
        },
        {
            "id": 303,
            "form": "movimenti",
            "pos": "NOM",
            "lemma": "movimento",
            "has_context": "true",
            "is_title": "false"
        },
        {
            "id": 304,
            "form": "degli",
            "pos": "PRE",
            "lemma": "del",
            "has_context": "false",
            "is_title": "false"
        },
        {
            "id": 305,
            "form": "astri",
            "pos": "NOM",
            "lemma": "astro",
            "has_context": "true",
            "is_title": "false"
        },
        {
            "id": 306,
            "form": "si",
            "pos": "PRO",
            "lemma": "si",
            "has_context": "false",
            "is_title": "false"
        },
        {
            "id": 307,
            "form": "ripercuoteranno",
            "pos": "VER",
            "lemma": "ripercuotere",
            "has_context": "true",
            "is_title": "false"
        },
        {
            "id": 308,
            "form": "su",
            "pos": "PRE",
            "lemma": "su",
            "has_context": "false",
            "is_title": "false"
        },
        {
            "id": 309,
            "form": "di",
            "pos": "PRE",
            "lemma": "di",
            "has_context": "false",
            "is_title": "false"
        },
        {
            "id": 310,
            "form": "noi",
            "pos": "PRO",
            "lemma": "noi",
            "has_context": "false",
            "is_title": "false"
        },
        {
            "id": 311,
            "form": ".",
            "pos": "SENT",
            "lemma": ".",
            "has_context": "false",
            "is_title": "false"
        },
        {
            "id": 312,
            "form": "E",
            "pos": "CON",
            "lemma": "e",
            "has_context": "false",
            "is_title": "false"
        },
        {
            "id": 313,
            "form": "voi",
            "pos": "PRO",
            "lemma": "voi",
            "has_context": "false",
            "is_title": "false"
        },
        {
            "id": 314,
            "form": "allora",
            "pos": "ADV",
            "lemma": "allora",
            "has_context": "false",
            "is_title": "false"
        },
        {
            "id": 315,
            "form": ",",
            "pos": "PON",
            "lemma": ",",
            "has_context": "false",
            "is_title": "false"
        },
        {
            "id": 316,
            "form": "credete",
            "pos": "VER",
            "lemma": "credere",
            "has_context": "false",
            "is_title": "false"
        },
        {
            "id": 317,
            "form": "nelle",
            "pos": "PRE",
            "lemma": "nel",
            "has_context": "false",
            "is_title": "false"
        },
        {
            "id": 318,
            "form": "stelle",
            "pos": "NOM",
            "lemma": "stella",
            "has_context": "false",
            "is_title": "false"
        },
        {
            "id": 319,
            "form": "?",
            "pos": "SENT",
            "lemma": "?",
            "has_context": "false",
            "is_title": "false"
        }
    ]
