    [
        {
            "id": 1,
            "form": "La",
            "pos": "DET",
            "lemma": "il",
            "has_context": "false",
            "is_title": "true"
        },
        {
            "id": 2,
            "form": "crisi",
            "pos": "NOM",
            "lemma": "crisi",
            "has_context": "true",
            "is_title": "true"
        },
        {
            "id": 3,
            "form": "economica",
            "pos": "ADJ",
            "lemma": "economico",
            "has_context": "true",
            "is_title": "true"
        },
        {
            "id": 4,
            "form": "La",
            "pos": "DET",
            "lemma": "il",
            "has_context": "false",
            "is_title": "false"
        },
        {
            "id": 5,
            "form": "crisi",
            "pos": "NOM",
            "lemma": "crisi",
            "has_context": "true",
            "is_title": "false"
        },
        {
            "id": 6,
            "form": "economica",
            "pos": "ADJ",
            "lemma": "economico",
            "has_context": "true",
            "is_title": "false"
        },
        {
            "id": 7,
            "form": "iniziata",
            "pos": "VER",
            "lemma": "iniziare",
            "has_context": "false",
            "is_title": "false"
        },
        {
            "id": 8,
            "form": "circa",
            "pos": "ADV",
            "lemma": "circa",
            "has_context": "false",
            "is_title": "false"
        },
        {
            "id": 9,
            "form": "cinque",
            "pos": "ADJ",
            "lemma": "cinque",
            "has_context": "false",
            "is_title": "false"
        },
        {
            "id": 10,
            "form": "anni",
            "pos": "NOM",
            "lemma": "anno",
            "has_context": "false",
            "is_title": "false"
        },
        {
            "id": 11,
            "form": "fa",
            "pos": "ADV",
            "lemma": "fa",
            "has_context": "true",
            "is_title": "false"
        },
        {
            "id": 12,
            "form": "ha",
            "pos": "VER",
            "lemma": "avere",
            "has_context": "false",
            "is_title": "false"
        },
        {
            "id": 13,
            "form": "condizionato",
            "pos": "VER",
            "lemma": "condizionare",
            "has_context": "true",
            "is_title": "false"
        },
        {
            "id": 14,
            "form": "terribilmente",
            "pos": "ADJ",
            "lemma": "terribilmente",
            "has_context": "false",
            "is_title": "false"
        },
        {
            "id": 15,
            "form": "le",
            "pos": "DET",
            "lemma": "il",
            "has_context": "false",
            "is_title": "false"
        },
        {
            "id": 16,
            "form": "nostre",
            "pos": "ADJ",
            "lemma": "nostro",
            "has_context": "false",
            "is_title": "false"
        },
        {
            "id": 17,
            "form": "vite",
            "pos": "NOM",
            "lemma": "vita",
            "has_context": "true",
            "is_title": "false"
        },
        {
            "id": 18,
            "form": ".",
            "pos": "SENT",
            "lemma": ".",
            "has_context": "false",
            "is_title": "false"
        },
        {
            "id": 19,
            "form": "Gli",
            "pos": "DET",
            "lemma": "il",
            "has_context": "false",
            "is_title": "false"
        },
        {
            "id": 20,
            "form": "italiani",
            "pos": "NOM",
            "lemma": "italiano",
            "has_context": "false",
            "is_title": "false"
        },
        {
            "id": 21,
            "form": "si",
            "pos": "PRO",
            "lemma": "si",
            "has_context": "false",
            "is_title": "false"
        },
        {
            "id": 22,
            "form": "sono",
            "pos": "VER",
            "lemma": "essere",
            "has_context": "false",
            "is_title": "false"
        },
        {
            "id": 23,
            "form": "fatti",
            "pos": "VER",
            "lemma": "fare",
            "has_context": "false",
            "is_title": "false"
        },
        {
            "id": 24,
            "form": "più",
            "pos": "ADV",
            "lemma": "più",
            "has_context": "false",
            "is_title": "false"
        },
        {
            "id": 25,
            "form": "risparmiatori",
            "pos": "NOM",
            "lemma": "risparmiatore",
            "has_context": "true",
            "is_title": "false"
        },
        {
            "id": 26,
            "form": "e",
            "pos": "CON",
            "lemma": "e",
            "has_context": "false",
            "is_title": "false"
        },
        {
            "id": 27,
            "form": "cauti",
            "pos": "ADJ",
            "lemma": "cauto",
            "has_context": "true",
            "is_title": "false"
        },
        {
            "id": 28,
            "form": "negli",
            "pos": "PRE",
            "lemma": "nel",
            "has_context": "false",
            "is_title": "false"
        },
        {
            "id": 29,
            "form": "acquisti",
            "pos": "NOM",
            "lemma": "acquisto",
            "has_context": "true",
            "is_title": "false"
        },
        {
            "id": 30,
            "form": ".",
            "pos": "SENT",
            "lemma": ".",
            "has_context": "false",
            "is_title": "false"
        },
        {
            "id": 31,
            "form": "L’",
            "pos": "DET",
            "lemma": "il",
            "has_context": "false",
            "is_title": "false"
        },
        {
            "id": 32,
            "form": "ISTAT",
            "pos": "NPR",
            "lemma": "ISTAT",
            "has_context": "false",
            "is_title": "false"
        },
        {
            "id": 33,
            "form": "(",
            "pos": "PON",
            "lemma": "(",
            "has_context": "false",
            "is_title": "false"
        },
        {
            "id": 34,
            "form": "Istituto",
            "pos": "NOM",
            "lemma": "istituto",
            "has_context": "true",
            "is_title": "false"
        },
        {
            "id": 35,
            "form": "Nazionale",
            "pos": "ADJ",
            "lemma": "nazionale",
            "has_context": "true",
            "is_title": "false"
        },
        {
            "id": 36,
            "form": "di",
            "pos": "PRE",
            "lemma": "di",
            "has_context": "false",
            "is_title": "false"
        },
        {
            "id": 37,
            "form": "Statistica",
            "pos": "NOM",
            "lemma": "statistica",
            "has_context": "true",
            "is_title": "false"
        },
        {
            "id": 38,
            "form": ")",
            "pos": "PON",
            "lemma": ")",
            "has_context": "false",
            "is_title": "false"
        },
        {
            "id": 39,
            "form": "ha",
            "pos": "VER",
            "lemma": "avere",
            "has_context": "false",
            "is_title": "false"
        },
        {
            "id": 40,
            "form": "infatti",
            "pos": "CON",
            "lemma": "infatti",
            "has_context": "false",
            "is_title": "false"
        },
        {
            "id": 41,
            "form": "rilevato",
            "pos": "VER",
            "lemma": "rilevare",
            "has_context": "true",
            "is_title": "false"
        },
        {
            "id": 42,
            "form": "che",
            "pos": "CON",
            "lemma": "che",
            "has_context": "false",
            "is_title": "false"
        },
        {
            "id": 43,
            "form": "sono",
            "pos": "VER",
            "lemma": "essere",
            "has_context": "false",
            "is_title": "false"
        },
        {
            "id": 44,
            "form": "crollati",
            "pos": "VER",
            "lemma": "crollare",
            "has_context": "true",
            "is_title": "false"
        },
        {
            "id": 45,
            "form": "i",
            "pos": "DET",
            "lemma": "il",
            "has_context": "false",
            "is_title": "false"
        },
        {
            "id": 46,
            "form": "consumi",
            "pos": "NOM",
            "lemma": "consumo",
            "has_context": "true",
            "is_title": "false"
        },
        {
            "id": 47,
            "form": "in",
            "pos": "PRE",
            "lemma": "in",
            "has_context": "false",
            "is_title": "false"
        },
        {
            "id": 48,
            "form": "diversi",
            "pos": "ADJ",
            "lemma": "diverso",
            "has_context": "false",
            "is_title": "false"
        },
        {
            "id": 49,
            "form": "settori",
            "pos": "NOM",
            "lemma": "settore",
            "has_context": "true",
            "is_title": "false"
        },
        {
            "id": 50,
            "form": ".",
            "pos": "SENT",
            "lemma": ".",
            "has_context": "false",
            "is_title": "false"
        },
        {
            "id": 51,
            "form": "Dapprima",
            "pos": "ADV",
            "lemma": "dapprima",
            "has_context": "true",
            "is_title": "false"
        },
        {
            "id": 52,
            "form": ",",
            "pos": "PON",
            "lemma": ",",
            "has_context": "false",
            "is_title": "false"
        },
        {
            "id": 53,
            "form": "infatti",
            "pos": "CON",
            "lemma": "infatti",
            "has_context": "false",
            "is_title": "false"
        },
        {
            "id": 54,
            "form": ",",
            "pos": "PON",
            "lemma": ",",
            "has_context": "false",
            "is_title": "false"
        },
        {
            "id": 55,
            "form": "gli",
            "pos": "DET",
            "lemma": "il",
            "has_context": "false",
            "is_title": "false"
        },
        {
            "id": 56,
            "form": "italiani",
            "pos": "NOM",
            "lemma": "italiano",
            "has_context": "false",
            "is_title": "false"
        },
        {
            "id": 57,
            "form": "hanno",
            "pos": "VER",
            "lemma": "avere",
            "has_context": "false",
            "is_title": "false"
        },
        {
            "id": 58,
            "form": "detto",
            "pos": "VER",
            "lemma": "dire",
            "has_context": "false",
            "is_title": "false"
        },
        {
            "id": 59,
            "form": "no",
            "pos": "ADV",
            "lemma": "no",
            "has_context": "false",
            "is_title": "false"
        },
        {
            "id": 60,
            "form": "a",
            "pos": "PRE",
            "lemma": "a",
            "has_context": "false",
            "is_title": "false"
        },
        {
            "id": 61,
            "form": "vacanze",
            "pos": "NOM",
            "lemma": "vacanza",
            "has_context": "false",
            "is_title": "false"
        },
        {
            "id": 62,
            "form": "ed",
            "pos": "CON",
            "lemma": "ed",
            "has_context": "false",
            "is_title": "false"
        },
        {
            "id": 63,
            "form": "uscite",
            "pos": "NOM",
            "lemma": "uscita",
            "has_context": "false",
            "is_title": "false"
        },
        {
            "id": 64,
            "form": "fuori",
            "pos": "ADV",
            "lemma": "fuori",
            "has_context": "false",
            "is_title": "false"
        },
        {
            "id": 65,
            "form": "porta",
            "pos": "NOM",
            "lemma": "porta",
            "has_context": "false",
            "is_title": "false"
        },
        {
            "id": 66,
            "form": ".",
            "pos": "SENT",
            "lemma": ".",
            "has_context": "false",
            "is_title": "false"
        },
        {
            "id": 67,
            "form": "Sono",
            "pos": "VER",
            "lemma": "essere",
            "has_context": "false",
            "is_title": "false"
        },
        {
            "id": 68,
            "form": "poi",
            "pos": "ADV",
            "lemma": "poi",
            "has_context": "false",
            "is_title": "false"
        },
        {
            "id": 69,
            "form": "seguiti",
            "pos": "VER",
            "lemma": "seguire",
            "has_context": "false",
            "is_title": "false"
        },
        {
            "id": 70,
            "form": "crolli",
            "pos": "NOM",
            "lemma": "crollo",
            "has_context": "true",
            "is_title": "false"
        },
        {
            "id": 71,
            "form": "nei",
            "pos": "PRE",
            "lemma": "nel",
            "has_context": "false",
            "is_title": "false"
        },
        {
            "id": 72,
            "form": "settori",
            "pos": "NOM",
            "lemma": "settore",
            "has_context": "true",
            "is_title": "false"
        },
        {
            "id": 73,
            "form": "dell’",
            "pos": "PRE",
            "lemma": "del",
            "has_context": "false",
            "is_title": "false"
        },
        {
            "id": 74,
            "form": "abbigliamento",
            "pos": "NOM",
            "lemma": "abbigliamento",
            "has_context": "true",
            "is_title": "false"
        },
        {
            "id": 75,
            "form": "e",
            "pos": "CON",
            "lemma": "e",
            "has_context": "false",
            "is_title": "false"
        },
        {
            "id": 76,
            "form": "dell’",
            "pos": "PRE",
            "lemma": "del",
            "has_context": "false",
            "is_title": "false"
        },
        {
            "id": 77,
            "form": "estetica",
            "pos": "NOM",
            "lemma": "estetica",
            "has_context": "true",
            "is_title": "false"
        },
        {
            "id": 78,
            "form": ".",
            "pos": "SENT",
            "lemma": ".",
            "has_context": "false",
            "is_title": "false"
        },
        {
            "id": 79,
            "form": "Gli",
            "pos": "DET",
            "lemma": "il",
            "has_context": "false",
            "is_title": "false"
        },
        {
            "id": 80,
            "form": "italiani",
            "pos": "NOM",
            "lemma": "italiano",
            "has_context": "false",
            "is_title": "false"
        },
        {
            "id": 81,
            "form": "hanno",
            "pos": "VER",
            "lemma": "avere",
            "has_context": "false",
            "is_title": "false"
        },
        {
            "id": 82,
            "form": "infatti",
            "pos": "CON",
            "lemma": "infatti",
            "has_context": "false",
            "is_title": "false"
        },
        {
            "id": 83,
            "form": "imparato",
            "pos": "VER",
            "lemma": "imparare",
            "has_context": "false",
            "is_title": "false"
        },
        {
            "id": 84,
            "form": "a",
            "pos": "PRE",
            "lemma": "a",
            "has_context": "false",
            "is_title": "false"
        },
        {
            "id": 85,
            "form": "dire",
            "pos": "VER",
            "lemma": "dire",
            "has_context": "false",
            "is_title": "false"
        },
        {
            "id": 86,
            "form": "no",
            "pos": "ADV",
            "lemma": "no",
            "has_context": "false",
            "is_title": "false"
        },
        {
            "id": 87,
            "form": "all’",
            "pos": "PRE",
            "lemma": "al",
            "has_context": "false",
            "is_title": "false"
        },
        {
            "id": 88,
            "form": "essere",
            "pos": "VER",
            "lemma": "essere",
            "has_context": "false",
            "is_title": "false"
        },
        {
            "id": 89,
            "form": "sempre",
            "pos": "ADV",
            "lemma": "sempre",
            "has_context": "false",
            "is_title": "false"
        },
        {
            "id": 90,
            "form": "alla",
            "pos": "PRE",
            "lemma": "al",
            "has_context": "false",
            "is_title": "false"
        },
        {
            "id": 91,
            "form": "moda",
            "pos": "NOM",
            "lemma": "moda",
            "has_context": "false",
            "is_title": "false"
        },
        {
            "id": 92,
            "form": ",",
            "pos": "PON",
            "lemma": ",",
            "has_context": "false",
            "is_title": "false"
        },
        {
            "id": 93,
            "form": "meglio",
            "pos": "ADV",
            "lemma": "meglio",
            "has_context": "false",
            "is_title": "false"
        },
        {
            "id": 94,
            "form": "utilizzare",
            "pos": "VER",
            "lemma": "utilizzare",
            "has_context": "true",
            "is_title": "false"
        },
        {
            "id": 95,
            "form": "i",
            "pos": "DET",
            "lemma": "il",
            "has_context": "false",
            "is_title": "false"
        },
        {
            "id": 96,
            "form": "vestiti",
            "pos": "NOM",
            "lemma": "vestito",
            "has_context": "false",
            "is_title": "false"
        },
        {
            "id": 97,
            "form": "ancora",
            "pos": "ADV",
            "lemma": "ancora",
            "has_context": "false",
            "is_title": "false"
        },
        {
            "id": 98,
            "form": "buoni",
            "pos": "ADJ",
            "lemma": "buono",
            "has_context": "false",
            "is_title": "false"
        },
        {
            "id": 99,
            "form": "dell’",
            "pos": "PRE",
            "lemma": "del",
            "has_context": "false",
            "is_title": "false"
        },
        {
            "id": 100,
            "form": "anno",
            "pos": "NOM",
            "lemma": "anno",
            "has_context": "false",
            "is_title": "false"
        },
        {
            "id": 101,
            "form": "precedente",
            "pos": "ADJ",
            "lemma": "precedente",
            "has_context": "true",
            "is_title": "false"
        },
        {
            "id": 102,
            "form": ".",
            "pos": "SENT",
            "lemma": ".",
            "has_context": "false",
            "is_title": "false"
        },
        {
            "id": 103,
            "form": "Ma",
            "pos": "CON",
            "lemma": "ma",
            "has_context": "false",
            "is_title": "false"
        },
        {
            "id": 104,
            "form": "c’",
            "pos": "ADV",
            "lemma": "ci",
            "has_context": "false",
            "is_title": "false"
        },
        {
            "id": 105,
            "form": "è",
            "pos": "VER",
            "lemma": "essere",
            "has_context": "false",
            "is_title": "false"
        },
        {
            "id": 106,
            "form": "un",
            "pos": "DET",
            "lemma": "un",
            "has_context": "false",
            "is_title": "false"
        },
        {
            "id": 107,
            "form": "dato",
            "pos": "NOM",
            "lemma": "dato",
            "has_context": "false",
            "is_title": "false"
        },
        {
            "id": 108,
            "form": "che",
            "pos": "PRO",
            "lemma": "che",
            "has_context": "false",
            "is_title": "false"
        },
        {
            "id": 109,
            "form": "ha",
            "pos": "VER",
            "lemma": "avere",
            "has_context": "false",
            "is_title": "false"
        },
        {
            "id": 110,
            "form": "fatto",
            "pos": "VER",
            "lemma": "fare",
            "has_context": "false",
            "is_title": "false"
        },
        {
            "id": 111,
            "form": "allarmare",
            "pos": "VER",
            "lemma": "allarmare",
            "has_context": "true",
            "is_title": "false"
        },
        {
            "id": 112,
            "form": "i",
            "pos": "DET",
            "lemma": "il",
            "has_context": "false",
            "is_title": "false"
        },
        {
            "id": 113,
            "form": "nostri",
            "pos": "ADJ",
            "lemma": "nostro",
            "has_context": "false",
            "is_title": "false"
        },
        {
            "id": 114,
            "form": "ricercatori",
            "pos": "NOM",
            "lemma": "ricercatore",
            "has_context": "true",
            "is_title": "false"
        },
        {
            "id": 115,
            "form": ":",
            "pos": "PON",
            "lemma": ":",
            "has_context": "false",
            "is_title": "false"
        },
        {
            "id": 116,
            "form": "gli",
            "pos": "DET",
            "lemma": "il",
            "has_context": "false",
            "is_title": "false"
        },
        {
            "id": 117,
            "form": "italiani",
            "pos": "NOM",
            "lemma": "italiano",
            "has_context": "false",
            "is_title": "false"
        },
        {
            "id": 118,
            "form": "hanno",
            "pos": "VER",
            "lemma": "avere",
            "has_context": "false",
            "is_title": "false"
        },
        {
            "id": 119,
            "form": "cominciato",
            "pos": "VER",
            "lemma": "cominciare",
            "has_context": "false",
            "is_title": "false"
        },
        {
            "id": 120,
            "form": "a",
            "pos": "PRE",
            "lemma": "a",
            "has_context": "false",
            "is_title": "false"
        },
        {
            "id": 121,
            "form": "risparmiare",
            "pos": "VER",
            "lemma": "risparmiare",
            "has_context": "true",
            "is_title": "false"
        },
        {
            "id": 122,
            "form": "sul",
            "pos": "PRE",
            "lemma": "sul",
            "has_context": "false",
            "is_title": "false"
        },
        {
            "id": 123,
            "form": "cibo",
            "pos": "NOM",
            "lemma": "cibo",
            "has_context": "false",
            "is_title": "false"
        },
        {
            "id": 124,
            "form": ".",
            "pos": "SENT",
            "lemma": ".",
            "has_context": "false",
            "is_title": "false"
        },
        {
            "id": 125,
            "form": "Crollano",
            "pos": "VER",
            "lemma": "crollare",
            "has_context": "true",
            "is_title": "false"
        },
        {
            "id": 126,
            "form": "gli",
            "pos": "DET",
            "lemma": "il",
            "has_context": "false",
            "is_title": "false"
        },
        {
            "id": 127,
            "form": "acquisti",
            "pos": "NOM",
            "lemma": "acquisto",
            "has_context": "true",
            "is_title": "false"
        },
        {
            "id": 128,
            "form": "di",
            "pos": "PRE",
            "lemma": "di",
            "has_context": "false",
            "is_title": "false"
        },
        {
            "id": 129,
            "form": "carne",
            "pos": "NOM",
            "lemma": "carne",
            "has_context": "false",
            "is_title": "false"
        },
        {
            "id": 130,
            "form": "e",
            "pos": "CON",
            "lemma": "e",
            "has_context": "false",
            "is_title": "false"
        },
        {
            "id": 131,
            "form": "pesce",
            "pos": "NOM",
            "lemma": "pesce",
            "has_context": "false",
            "is_title": "false"
        },
        {
            "id": 132,
            "form": "e",
            "pos": "CON",
            "lemma": "e",
            "has_context": "false",
            "is_title": "false"
        },
        {
            "id": 133,
            "form": "aumentano",
            "pos": "VER",
            "lemma": "aumentare",
            "has_context": "true",
            "is_title": "false"
        },
        {
            "id": 134,
            "form": "quelli",
            "pos": "PRO",
            "lemma": "quello",
            "has_context": "false",
            "is_title": "false"
        },
        {
            "id": 135,
            "form": "di",
            "pos": "PRE",
            "lemma": "di",
            "has_context": "false",
            "is_title": "false"
        },
        {
            "id": 136,
            "form": "pasta",
            "pos": "NOM",
            "lemma": "pasta",
            "has_context": "false",
            "is_title": "false"
        },
        {
            "id": 137,
            "form": "e",
            "pos": "CON",
            "lemma": "e",
            "has_context": "false",
            "is_title": "false"
        },
        {
            "id": 138,
            "form": "pane",
            "pos": "NOM",
            "lemma": "pane",
            "has_context": "false",
            "is_title": "false"
        },
        {
            "id": 139,
            "form": ".",
            "pos": "SENT",
            "lemma": ".",
            "has_context": "false",
            "is_title": "false"
        },
        {
            "id": 140,
            "form": "Insomma",
            "pos": "ADV",
            "lemma": "insomma",
            "has_context": "true",
            "is_title": "false"
        },
        {
            "id": 141,
            "form": ",",
            "pos": "PON",
            "lemma": ",",
            "has_context": "false",
            "is_title": "false"
        },
        {
            "id": 142,
            "form": "via",
            "pos": "NOM",
            "lemma": "via",
            "has_context": "false",
            "is_title": "false"
        },
        {
            "id": 143,
            "form": "libera",
            "pos": "ADJ",
            "lemma": "libero",
            "has_context": "false",
            "is_title": "false"
        },
        {
            "id": 144,
            "form": "agli",
            "pos": "PRE",
            "lemma": "al",
            "has_context": "false",
            "is_title": "false"
        },
        {
            "id": 145,
            "form": "articoli",
            "pos": "NOM",
            "lemma": "articolo",
            "has_context": "false",
            "is_title": "false"
        },
        {
            "id": 146,
            "form": "che",
            "pos": "PRO",
            "lemma": "che",
            "has_context": "false",
            "is_title": "false"
        },
        {
            "id": 147,
            "form": "saziano",
            "pos": "VER",
            "lemma": "saziare",
            "has_context": "true",
            "is_title": "false"
        },
        {
            "id": 148,
            "form": "di",
            "pos": "PRE",
            "lemma": "di",
            "has_context": "false",
            "is_title": "false"
        },
        {
            "id": 149,
            "form": "più",
            "pos": "ADV",
            "lemma": "più",
            "has_context": "false",
            "is_title": "false"
        },
        {
            "id": 150,
            "form": "con",
            "pos": "PRE",
            "lemma": "con",
            "has_context": "false",
            "is_title": "false"
        },
        {
            "id": 151,
            "form": "poca",
            "pos": "ADJ",
            "lemma": "poco",
            "has_context": "false",
            "is_title": "false"
        },
        {
            "id": 152,
            "form": "spesa",
            "pos": "NOM",
            "lemma": "spesa",
            "has_context": "false",
            "is_title": "false"
        },
        {
            "id": 153,
            "form": ".",
            "pos": "SENT",
            "lemma": ".",
            "has_context": "false",
            "is_title": "false"
        },
        {
            "id": 154,
            "form": "Secondo",
            "pos": "PRE",
            "lemma": "secondo",
            "has_context": "false",
            "is_title": "false"
        },
        {
            "id": 155,
            "form": "gli",
            "pos": "DET",
            "lemma": "il",
            "has_context": "false",
            "is_title": "false"
        },
        {
            "id": 156,
            "form": "esperti",
            "pos": "NOM",
            "lemma": "esperto",
            "has_context": "true",
            "is_title": "false"
        },
        {
            "id": 157,
            "form": "è",
            "pos": "VER",
            "lemma": "essere",
            "has_context": "false",
            "is_title": "false"
        },
        {
            "id": 158,
            "form": "un",
            "pos": "DET",
            "lemma": "un",
            "has_context": "false",
            "is_title": "false"
        },
        {
            "id": 159,
            "form": "dato",
            "pos": "NOM",
            "lemma": "dato",
            "has_context": "false",
            "is_title": "false"
        },
        {
            "id": 160,
            "form": "allarmante",
            "pos": "ADJ",
            "lemma": "allarmante",
            "has_context": "true",
            "is_title": "false"
        },
        {
            "id": 161,
            "form": ",",
            "pos": "PON",
            "lemma": ",",
            "has_context": "false",
            "is_title": "false"
        },
        {
            "id": 162,
            "form": "il",
            "pos": "DET",
            "lemma": "il",
            "has_context": "false",
            "is_title": "false"
        },
        {
            "id": 163,
            "form": "quale",
            "pos": "PRO",
            "lemma": "quale",
            "has_context": "false",
            "is_title": "false"
        },
        {
            "id": 164,
            "form": "sottolinea",
            "pos": "VER",
            "lemma": "sottolineare",
            "has_context": "true",
            "is_title": "false"
        },
        {
            "id": 165,
            "form": "il",
            "pos": "DET",
            "lemma": "il",
            "has_context": "false",
            "is_title": "false"
        },
        {
            "id": 166,
            "form": "fatto",
            "pos": "NOM",
            "lemma": "fatto",
            "has_context": "true",
            "is_title": "false"
        },
        {
            "id": 167,
            "form": "che",
            "pos": "CON",
            "lemma": "che",
            "has_context": "false",
            "is_title": "false"
        },
        {
            "id": 168,
            "form": "a",
            "pos": "PRE",
            "lemma": "a",
            "has_context": "false",
            "is_title": "false"
        },
        {
            "id": 169,
            "form": "causa",
            "pos": "NOM",
            "lemma": "causa",
            "has_context": "true",
            "is_title": "false"
        },
        {
            "id": 170,
            "form": "della",
            "pos": "PRE",
            "lemma": "del",
            "has_context": "false",
            "is_title": "false"
        },
        {
            "id": 171,
            "form": "crisi",
            "pos": "NOM",
            "lemma": "crisi",
            "has_context": "true",
            "is_title": "false"
        },
        {
            "id": 172,
            "form": "anche",
            "pos": "CON",
            "lemma": "anche",
            "has_context": "false",
            "is_title": "false"
        },
        {
            "id": 173,
            "form": "la",
            "pos": "DET",
            "lemma": "il",
            "has_context": "false",
            "is_title": "false"
        },
        {
            "id": 174,
            "form": "dieta",
            "pos": "NOM",
            "lemma": "dieta",
            "has_context": "true",
            "is_title": "false"
        },
        {
            "id": 175,
            "form": "degli",
            "pos": "PRE",
            "lemma": "del",
            "has_context": "false",
            "is_title": "false"
        },
        {
            "id": 176,
            "form": "italiani",
            "pos": "NOM",
            "lemma": "italiano",
            "has_context": "false",
            "is_title": "false"
        },
        {
            "id": 177,
            "form": "sta",
            "pos": "VER",
            "lemma": "stare",
            "has_context": "false",
            "is_title": "false"
        },
        {
            "id": 178,
            "form": "cambiando",
            "pos": "VER",
            "lemma": "cambiare",
            "has_context": "false",
            "is_title": "false"
        },
        {
            "id": 179,
            "form": ".",
            "pos": "SENT",
            "lemma": ".",
            "has_context": "false",
            "is_title": "false"
        },
        {
            "id": 180,
            "form": "Inoltre",
            "pos": "CON",
            "lemma": "inoltre",
            "has_context": "false",
            "is_title": "false"
        },
        {
            "id": 181,
            "form": "gli",
            "pos": "DET",
            "lemma": "il",
            "has_context": "false",
            "is_title": "false"
        },
        {
            "id": 182,
            "form": "italiani",
            "pos": "NOM",
            "lemma": "italiano",
            "has_context": "false",
            "is_title": "false"
        },
        {
            "id": 183,
            "form": "hanno",
            "pos": "VER",
            "lemma": "avere",
            "has_context": "false",
            "is_title": "false"
        },
        {
            "id": 184,
            "form": "cominciato",
            "pos": "VER",
            "lemma": "cominciare",
            "has_context": "false",
            "is_title": "false"
        },
        {
            "id": 185,
            "form": "a",
            "pos": "PRE",
            "lemma": "a",
            "has_context": "false",
            "is_title": "false"
        },
        {
            "id": 186,
            "form": "prediligere",
            "pos": "VER",
            "lemma": "prediligere",
            "has_context": "true",
            "is_title": "false"
        },
        {
            "id": 187,
            "form": "il",
            "pos": "DET",
            "lemma": "il",
            "has_context": "false",
            "is_title": "false"
        },
        {
            "id": 188,
            "form": "discount",
            "pos": "NOM",
            "lemma": "discount",
            "has_context": "true",
            "is_title": "false"
        },
        {
            "id": 189,
            "form": "al",
            "pos": "PRE",
            "lemma": "al",
            "has_context": "false",
            "is_title": "false"
        },
        {
            "id": 190,
            "form": "supermercato",
            "pos": "NOM",
            "lemma": "supermercato",
            "has_context": "false",
            "is_title": "false"
        },
        {
            "id": 191,
            "form": ".",
            "pos": "SENT",
            "lemma": ".",
            "has_context": "false",
            "is_title": "false"
        },
        {
            "id": 192,
            "form": "Meglio",
            "pos": "ADV",
            "lemma": "meglio",
            "has_context": "false",
            "is_title": "false"
        },
        {
            "id": 193,
            "form": "prodotti",
            "pos": "NOM",
            "lemma": "prodotto",
            "has_context": "true",
            "is_title": "false"
        },
        {
            "id": 194,
            "form": "a",
            "pos": "PRE",
            "lemma": "a",
            "has_context": "false",
            "is_title": "false"
        },
        {
            "id": 195,
            "form": "basso",
            "pos": "ADJ",
            "lemma": "basso",
            "has_context": "false",
            "is_title": "false"
        },
        {
            "id": 196,
            "form": "costo",
            "pos": "NOM",
            "lemma": "costo",
            "has_context": "false",
            "is_title": "false"
        },
        {
            "id": 197,
            "form": "che",
            "pos": "CON",
            "lemma": "che",
            "has_context": "false",
            "is_title": "false"
        },
        {
            "id": 198,
            "form": "prodotti",
            "pos": "NOM",
            "lemma": "prodotto",
            "has_context": "true",
            "is_title": "false"
        },
        {
            "id": 199,
            "form": "più",
            "pos": "ADV",
            "lemma": "più",
            "has_context": "false",
            "is_title": "false"
        },
        {
            "id": 200,
            "form": "cari",
            "pos": "ADJ",
            "lemma": "caro",
            "has_context": "false",
            "is_title": "false"
        },
        {
            "id": 201,
            "form": "e",
            "pos": "CON",
            "lemma": "e",
            "has_context": "false",
            "is_title": "false"
        },
        {
            "id": 202,
            "form": "di",
            "pos": "PRE",
            "lemma": "di",
            "has_context": "false",
            "is_title": "false"
        },
        {
            "id": 203,
            "form": "marca",
            "pos": "NOM",
            "lemma": "marca",
            "has_context": "true",
            "is_title": "false"
        },
        {
            "id": 204,
            "form": ".",
            "pos": "SENT",
            "lemma": ".",
            "has_context": "false",
            "is_title": "false"
        },
        {
            "id": 205,
            "form": "Ma",
            "pos": "CON",
            "lemma": "ma",
            "has_context": "false",
            "is_title": "false"
        },
        {
            "id": 206,
            "form": "non",
            "pos": "ADV",
            "lemma": "non",
            "has_context": "false",
            "is_title": "false"
        },
        {
            "id": 207,
            "form": "c’",
            "pos": "ADV",
            "lemma": "ci",
            "has_context": "false",
            "is_title": "false"
        },
        {
            "id": 208,
            "form": "è",
            "pos": "VER",
            "lemma": "essere",
            "has_context": "false",
            "is_title": "false"
        },
        {
            "id": 209,
            "form": "da",
            "pos": "PRE",
            "lemma": "da",
            "has_context": "false",
            "is_title": "false"
        },
        {
            "id": 210,
            "form": "temere",
            "pos": "VER",
            "lemma": "temere",
            "has_context": "true",
            "is_title": "false"
        },
        {
            "id": 211,
            "form": ",",
            "pos": "PON",
            "lemma": ",",
            "has_context": "false",
            "is_title": "false"
        },
        {
            "id": 212,
            "form": "spesso",
            "pos": "ADV",
            "lemma": "spesso",
            "has_context": "false",
            "is_title": "false"
        },
        {
            "id": 213,
            "form": "i",
            "pos": "DET",
            "lemma": "il",
            "has_context": "false",
            "is_title": "false"
        },
        {
            "id": 214,
            "form": "prodotti",
            "pos": "NOM",
            "lemma": "prodotto",
            "has_context": "true",
            "is_title": "false"
        },
        {
            "id": 215,
            "form": "del",
            "pos": "PRE",
            "lemma": "del",
            "has_context": "false",
            "is_title": "false"
        },
        {
            "id": 216,
            "form": "discount",
            "pos": "NOM",
            "lemma": "discount",
            "has_context": "true",
            "is_title": "false"
        },
        {
            "id": 217,
            "form": "non",
            "pos": "ADV",
            "lemma": "non",
            "has_context": "false",
            "is_title": "false"
        },
        {
            "id": 218,
            "form": "sono",
            "pos": "VER",
            "lemma": "essere",
            "has_context": "false",
            "is_title": "false"
        },
        {
            "id": 219,
            "form": "di",
            "pos": "PRE",
            "lemma": "di",
            "has_context": "false",
            "is_title": "false"
        },
        {
            "id": 220,
            "form": "qualità",
            "pos": "NOM",
            "lemma": "qualità",
            "has_context": "true",
            "is_title": "false"
        },
        {
            "id": 221,
            "form": "inferiore",
            "pos": "ADJ",
            "lemma": "inferiore",
            "has_context": "true",
            "is_title": "false"
        },
        {
            "id": 222,
            "form": "rispetto",
            "pos": "PRE",
            "lemma": "rispetto",
            "has_context": "false",
            "is_title": "false"
        },
        {
            "id": 223,
            "form": "a",
            "pos": "PRE",
            "lemma": "a",
            "has_context": "false",
            "is_title": "false"
        },
        {
            "id": 224,
            "form": "quelli",
            "pos": "PRO",
            "lemma": "quello",
            "has_context": "false",
            "is_title": "false"
        },
        {
            "id": 225,
            "form": "del",
            "pos": "PRE",
            "lemma": "del",
            "has_context": "false",
            "is_title": "false"
        },
        {
            "id": 226,
            "form": "supermercato",
            "pos": "NOM",
            "lemma": "supermercato",
            "has_context": "false",
            "is_title": "false"
        },
        {
            "id": 227,
            "form": ".",
            "pos": "SENT",
            "lemma": ".",
            "has_context": "false",
            "is_title": "false"
        },
        {
            "id": 228,
            "form": "Accade",
            "pos": "VER",
            "lemma": "accadere",
            "has_context": "true",
            "is_title": "false"
        },
        {
            "id": 229,
            "form": "spesso",
            "pos": "ADV",
            "lemma": "spesso",
            "has_context": "false",
            "is_title": "false"
        },
        {
            "id": 230,
            "form": "che",
            "pos": "CON",
            "lemma": "che",
            "has_context": "false",
            "is_title": "false"
        },
        {
            "id": 231,
            "form": "il",
            "pos": "DET",
            "lemma": "il",
            "has_context": "false",
            "is_title": "false"
        },
        {
            "id": 232,
            "form": "loro",
            "pos": "ADJ",
            "lemma": "loro",
            "has_context": "false",
            "is_title": "false"
        },
        {
            "id": 233,
            "form": "costo",
            "pos": "NOM",
            "lemma": "costo",
            "has_context": "false",
            "is_title": "false"
        },
        {
            "id": 234,
            "form": "sia",
            "pos": "CON",
            "lemma": "sia",
            "has_context": "false",
            "is_title": "false"
        },
        {
            "id": 235,
            "form": "più",
            "pos": "ADV",
            "lemma": "più",
            "has_context": "false",
            "is_title": "false"
        },
        {
            "id": 236,
            "form": "basso",
            "pos": "ADJ",
            "lemma": "basso",
            "has_context": "false",
            "is_title": "false"
        },
        {
            "id": 237,
            "form": "anche",
            "pos": "CON",
            "lemma": "anche",
            "has_context": "false",
            "is_title": "false"
        },
        {
            "id": 238,
            "form": "perché",
            "pos": "CON",
            "lemma": "perché",
            "has_context": "false",
            "is_title": "false"
        },
        {
            "id": 239,
            "form": "il",
            "pos": "DET",
            "lemma": "il",
            "has_context": "false",
            "is_title": "false"
        },
        {
            "id": 240,
            "form": "costo",
            "pos": "NOM",
            "lemma": "costo",
            "has_context": "false",
            "is_title": "false"
        },
        {
            "id": 241,
            "form": "della",
            "pos": "PRE",
            "lemma": "del",
            "has_context": "false",
            "is_title": "false"
        },
        {
            "id": 242,
            "form": "pubblicità",
            "pos": "NOM",
            "lemma": "pubblicità",
            "has_context": "true",
            "is_title": "false"
        },
        {
            "id": 243,
            "form": "non",
            "pos": "ADV",
            "lemma": "non",
            "has_context": "false",
            "is_title": "false"
        },
        {
            "id": 244,
            "form": "ricade",
            "pos": "VER",
            "lemma": "ricadere",
            "has_context": "true",
            "is_title": "false"
        },
        {
            "id": 245,
            "form": "sul",
            "pos": "PRE",
            "lemma": "sul",
            "has_context": "false",
            "is_title": "false"
        },
        {
            "id": 246,
            "form": "prezzo",
            "pos": "NOM",
            "lemma": "prezzo",
            "has_context": "false",
            "is_title": "false"
        },
        {
            "id": 247,
            "form": "del",
            "pos": "PRE",
            "lemma": "del",
            "has_context": "false",
            "is_title": "false"
        },
        {
            "id": 248,
            "form": "prodotto",
            "pos": "NOM",
            "lemma": "prodotto",
            "has_context": "true",
            "is_title": "false"
        },
        {
            "id": 249,
            "form": ".",
            "pos": "SENT",
            "lemma": ".",
            "has_context": "false",
            "is_title": "false"
        },
        {
            "id": 250,
            "form": "La",
            "pos": "DET",
            "lemma": "il",
            "has_context": "false",
            "is_title": "false"
        },
        {
            "id": 251,
            "form": "cosa",
            "pos": "NOM",
            "lemma": "cosa",
            "has_context": "false",
            "is_title": "false"
        },
        {
            "id": 252,
            "form": "che",
            "pos": "PRO",
            "lemma": "che",
            "has_context": "false",
            "is_title": "false"
        },
        {
            "id": 253,
            "form": "fa",
            "pos": "VER",
            "lemma": "fare",
            "has_context": "false",
            "is_title": "false"
        },
        {
            "id": 254,
            "form": "più",
            "pos": "ADV",
            "lemma": "più",
            "has_context": "false",
            "is_title": "false"
        },
        {
            "id": 255,
            "form": "riflettere",
            "pos": "VER",
            "lemma": "riflettere",
            "has_context": "true",
            "is_title": "false"
        },
        {
            "id": 256,
            "form": "è",
            "pos": "VER",
            "lemma": "essere",
            "has_context": "false",
            "is_title": "false"
        },
        {
            "id": 257,
            "form": "che",
            "pos": "CON",
            "lemma": "che",
            "has_context": "false",
            "is_title": "false"
        },
        {
            "id": 258,
            "form": "in",
            "pos": "PRE",
            "lemma": "in",
            "has_context": "false",
            "is_title": "false"
        },
        {
            "id": 259,
            "form": "pochi",
            "pos": "ADJ",
            "lemma": "poco",
            "has_context": "false",
            "is_title": "false"
        },
        {
            "id": 260,
            "form": "anni",
            "pos": "NOM",
            "lemma": "anno",
            "has_context": "false",
            "is_title": "false"
        },
        {
            "id": 261,
            "form": "(",
            "pos": "PON",
            "lemma": "(",
            "has_context": "false",
            "is_title": "false"
        },
        {
            "id": 262,
            "form": "la",
            "pos": "DET",
            "lemma": "il",
            "has_context": "false",
            "is_title": "false"
        },
        {
            "id": 263,
            "form": "crisi",
            "pos": "NOM",
            "lemma": "crisi",
            "has_context": "true",
            "is_title": "false"
        },
        {
            "id": 264,
            "form": "economica",
            "pos": "ADJ",
            "lemma": "economico",
            "has_context": "true",
            "is_title": "false"
        },
        {
            "id": 265,
            "form": "ha",
            "pos": "VER",
            "lemma": "avere",
            "has_context": "false",
            "is_title": "false"
        },
        {
            "id": 266,
            "form": "infatti",
            "pos": "CON",
            "lemma": "infatti",
            "has_context": "false",
            "is_title": "false"
        },
        {
            "id": 267,
            "form": "cominciato",
            "pos": "VER",
            "lemma": "cominciare",
            "has_context": "false",
            "is_title": "false"
        },
        {
            "id": 268,
            "form": "a",
            "pos": "PRE",
            "lemma": "a",
            "has_context": "false",
            "is_title": "false"
        },
        {
            "id": 269,
            "form": "manifestarsi",
            "pos": "VER",
            "lemma": "manifestare",
            "has_context": "true",
            "is_title": "false"
        },
        {
            "id": 270,
            "form": "nel",
            "pos": "PRE",
            "lemma": "nel",
            "has_context": "false",
            "is_title": "false"
        },
        {
            "id": 271,
            "form": "2008",
            "pos": "NUM",
            "lemma": "@card@",
            "has_context": "false",
            "is_title": "false"
        },
        {
            "id": 272,
            "form": ")",
            "pos": "PON",
            "lemma": ")",
            "has_context": "false",
            "is_title": "false"
        },
        {
            "id": 273,
            "form": "le",
            "pos": "DET",
            "lemma": "il",
            "has_context": "false",
            "is_title": "false"
        },
        {
            "id": 274,
            "form": "abitudini",
            "pos": "NOM",
            "lemma": "abitudine",
            "has_context": "true",
            "is_title": "false"
        },
        {
            "id": 275,
            "form": "degli",
            "pos": "PRE",
            "lemma": "del",
            "has_context": "false",
            "is_title": "false"
        },
        {
            "id": 276,
            "form": "italiani",
            "pos": "NOM",
            "lemma": "italiano",
            "has_context": "false",
            "is_title": "false"
        },
        {
            "id": 277,
            "form": "sono",
            "pos": "VER",
            "lemma": "essere",
            "has_context": "false",
            "is_title": "false"
        },
        {
            "id": 278,
            "form": "cambiate",
            "pos": "VER",
            "lemma": "cambiare",
            "has_context": "false",
            "is_title": "false"
        },
        {
            "id": 279,
            "form": "radicalmente",
            "pos": "ADV",
            "lemma": "radicalmente",
            "has_context": "true",
            "is_title": "false"
        },
        {
            "id": 280,
            "form": ".",
            "pos": "SENT",
            "lemma": ".",
            "has_context": "false",
            "is_title": "false"
        },
        {
            "id": 281,
            "form": "Allora",
            "pos": "CON",
            "lemma": "allora",
            "has_context": "false",
            "is_title": "false"
        },
        {
            "id": 282,
            "form": "c’",
            "pos": "ADV",
            "lemma": "ci",
            "has_context": "false",
            "is_title": "false"
        },
        {
            "id": 283,
            "form": "è",
            "pos": "VER",
            "lemma": "essere",
            "has_context": "false",
            "is_title": "false"
        },
        {
            "id": 284,
            "form": "da",
            "pos": "PRE",
            "lemma": "da",
            "has_context": "false",
            "is_title": "false"
        },
        {
            "id": 285,
            "form": "chiedersi",
            "pos": "VER",
            "lemma": "chiedere",
            "has_context": "false",
            "is_title": "false"
        },
        {
            "id": 286,
            "form": ":",
            "pos": "PON",
            "lemma": ":",
            "has_context": "false",
            "is_title": "false"
        },
        {
            "id": 287,
            "form": "quando",
            "pos": "CON",
            "lemma": "quando",
            "has_context": "false",
            "is_title": "false"
        },
        {
            "id": 288,
            "form": "la",
            "pos": "DET",
            "lemma": "il",
            "has_context": "false",
            "is_title": "false"
        },
        {
            "id": 289,
            "form": "crisi",
            "pos": "NOM",
            "lemma": "crisi",
            "has_context": "true",
            "is_title": "false"
        },
        {
            "id": 290,
            "form": "sarà",
            "pos": "VER",
            "lemma": "essere",
            "has_context": "false",
            "is_title": "false"
        },
        {
            "id": 291,
            "form": "finita",
            "pos": "VER",
            "lemma": "finire",
            "has_context": "false",
            "is_title": "false"
        },
        {
            "id": 292,
            "form": ",",
            "pos": "PON",
            "lemma": ",",
            "has_context": "false",
            "is_title": "false"
        },
        {
            "id": 293,
            "form": "gli",
            "pos": "DET",
            "lemma": "il",
            "has_context": "false",
            "is_title": "false"
        },
        {
            "id": 294,
            "form": "italiani",
            "pos": "NOM",
            "lemma": "italiano",
            "has_context": "false",
            "is_title": "false"
        },
        {
            "id": 295,
            "form": "continueranno",
            "pos": "VER",
            "lemma": "continuare",
            "has_context": "false",
            "is_title": "false"
        },
        {
            "id": 296,
            "form": "ad",
            "pos": "PRE",
            "lemma": "ad",
            "has_context": "false",
            "is_title": "false"
        },
        {
            "id": 297,
            "form": "essere",
            "pos": "VER",
            "lemma": "essere",
            "has_context": "false",
            "is_title": "false"
        },
        {
            "id": 298,
            "form": "parsimoniosi",
            "pos": "ADJ",
            "lemma": "parsimonioso",
            "has_context": "true",
            "is_title": "false"
        },
        {
            "id": 299,
            "form": "o",
            "pos": "CON",
            "lemma": "o",
            "has_context": "false",
            "is_title": "false"
        },
        {
            "id": 300,
            "form": "torneranno",
            "pos": "VER",
            "lemma": "tornare",
            "has_context": "false",
            "is_title": "false"
        },
        {
            "id": 301,
            "form": "a",
            "pos": "PRE",
            "lemma": "a",
            "has_context": "false",
            "is_title": "false"
        },
        {
            "id": 302,
            "form": "spendere",
            "pos": "VER",
            "lemma": "spendere",
            "has_context": "false",
            "is_title": "false"
        },
        {
            "id": 303,
            "form": "?",
            "pos": "SENT",
            "lemma": "?",
            "has_context": "false",
            "is_title": "false"
        }
    ]
