    [
        {
            "id": 1,
            "form": "Studiare",
            "pos": "VER",
            "lemma": "studiare",
            "has_context": "false",
            "is_title": "true"
        },
        {
            "id": 2,
            "form": "all’",
            "pos": "PRE",
            "lemma": "al",
            "has_context": "false",
            "is_title": "true"
        },
        {
            "id": 3,
            "form": "estero",
            "pos": "NOM",
            "lemma": "estero",
            "has_context": "false",
            "is_title": "true"
        },
        {
            "id": 4,
            "form": "Credo",
            "pos": "VER",
            "lemma": "credere",
            "has_context": "false",
            "is_title": "false"
        },
        {
            "id": 5,
            "form": "che",
            "pos": "CON",
            "lemma": "che",
            "has_context": "false",
            "is_title": "false"
        },
        {
            "id": 6,
            "form": "studiare",
            "pos": "VER",
            "lemma": "studiare",
            "has_context": "false",
            "is_title": "false"
        },
        {
            "id": 7,
            "form": "all’",
            "pos": "PRE",
            "lemma": "al",
            "has_context": "false",
            "is_title": "false"
        },
        {
            "id": 8,
            "form": "estero",
            "pos": "NOM",
            "lemma": "estero",
            "has_context": "false",
            "is_title": "false"
        },
        {
            "id": 9,
            "form": "sia",
            "pos": "CON",
            "lemma": "sia",
            "has_context": "false",
            "is_title": "false"
        },
        {
            "id": 10,
            "form": "il",
            "pos": "DET",
            "lemma": "il",
            "has_context": "false",
            "is_title": "false"
        },
        {
            "id": 11,
            "form": "modo",
            "pos": "NOM",
            "lemma": "modo",
            "has_context": "true",
            "is_title": "false"
        },
        {
            "id": 12,
            "form": "migliore",
            "pos": "ADJ",
            "lemma": "migliore",
            "has_context": "true",
            "is_title": "false"
        },
        {
            "id": 13,
            "form": "per",
            "pos": "PRE",
            "lemma": "per",
            "has_context": "false",
            "is_title": "false"
        },
        {
            "id": 14,
            "form": "apprendere",
            "pos": "VER",
            "lemma": "apprendere",
            "has_context": "true",
            "is_title": "false"
        },
        {
            "id": 15,
            "form": "davvero",
            "pos": "ADV",
            "lemma": "davvero",
            "has_context": "true",
            "is_title": "false"
        },
        {
            "id": 16,
            "form": "una",
            "pos": "DET",
            "lemma": "una",
            "has_context": "false",
            "is_title": "false"
        },
        {
            "id": 17,
            "form": "lingua",
            "pos": "NOM",
            "lemma": "lingua",
            "has_context": "false",
            "is_title": "false"
        },
        {
            "id": 18,
            "form": "e",
            "pos": "CON",
            "lemma": "e",
            "has_context": "false",
            "is_title": "false"
        },
        {
            "id": 19,
            "form": "conoscere",
            "pos": "VER",
            "lemma": "conoscere",
            "has_context": "false",
            "is_title": "false"
        },
        {
            "id": 20,
            "form": "una",
            "pos": "DET",
            "lemma": "una",
            "has_context": "false",
            "is_title": "false"
        },
        {
            "id": 21,
            "form": "cultura",
            "pos": "NOM",
            "lemma": "cultura",
            "has_context": "false",
            "is_title": "false"
        },
        {
            "id": 22,
            "form": ".",
            "pos": "SENT",
            "lemma": ".",
            "has_context": "false",
            "is_title": "false"
        },
        {
            "id": 23,
            "form": "Quando",
            "pos": "PRO",
            "lemma": "quando",
            "has_context": "false",
            "is_title": "false"
        },
        {
            "id": 24,
            "form": "si",
            "pos": "PRO",
            "lemma": "si",
            "has_context": "false",
            "is_title": "false"
        },
        {
            "id": 25,
            "form": "viaggia",
            "pos": "VER",
            "lemma": "viaggiare",
            "has_context": "false",
            "is_title": "false"
        },
        {
            "id": 26,
            "form": "è",
            "pos": "VER",
            "lemma": "essere",
            "has_context": "false",
            "is_title": "false"
        },
        {
            "id": 27,
            "form": "naturale",
            "pos": "ADJ",
            "lemma": "naturale",
            "has_context": "true",
            "is_title": "false"
        },
        {
            "id": 28,
            "form": "che",
            "pos": "CON",
            "lemma": "che",
            "has_context": "false",
            "is_title": "false"
        },
        {
            "id": 29,
            "form": "si",
            "pos": "PRO",
            "lemma": "si",
            "has_context": "false",
            "is_title": "false"
        },
        {
            "id": 30,
            "form": "voglia",
            "pos": "VER",
            "lemma": "volere",
            "has_context": "false",
            "is_title": "false"
        },
        {
            "id": 31,
            "form": "conoscere",
            "pos": "VER",
            "lemma": "conoscere",
            "has_context": "false",
            "is_title": "false"
        },
        {
            "id": 32,
            "form": "di",
            "pos": "PRE",
            "lemma": "di",
            "has_context": "false",
            "is_title": "false"
        },
        {
            "id": 33,
            "form": "più",
            "pos": "ADV",
            "lemma": "più",
            "has_context": "false",
            "is_title": "false"
        },
        {
            "id": 34,
            "form": "il",
            "pos": "DET",
            "lemma": "il",
            "has_context": "false",
            "is_title": "false"
        },
        {
            "id": 35,
            "form": "paese",
            "pos": "NOM",
            "lemma": "paese",
            "has_context": "true",
            "is_title": "false"
        },
        {
            "id": 36,
            "form": "in",
            "pos": "PRE",
            "lemma": "in",
            "has_context": "false",
            "is_title": "false"
        },
        {
            "id": 37,
            "form": "cui",
            "pos": "PRO",
            "lemma": "cui",
            "has_context": "false",
            "is_title": "false"
        },
        {
            "id": 38,
            "form": "si",
            "pos": "PRO",
            "lemma": "si",
            "has_context": "false",
            "is_title": "false"
        },
        {
            "id": 39,
            "form": "va",
            "pos": "VER",
            "lemma": "andare",
            "has_context": "false",
            "is_title": "false"
        },
        {
            "id": 40,
            "form": "e",
            "pos": "CON",
            "lemma": "e",
            "has_context": "false",
            "is_title": "false"
        },
        {
            "id": 41,
            "form": "penso",
            "pos": "VER",
            "lemma": "pensare",
            "has_context": "false",
            "is_title": "false"
        },
        {
            "id": 42,
            "form": "che",
            "pos": "CON",
            "lemma": "che",
            "has_context": "false",
            "is_title": "false"
        },
        {
            "id": 43,
            "form": "questo",
            "pos": "PRO",
            "lemma": "questo",
            "has_context": "false",
            "is_title": "false"
        },
        {
            "id": 44,
            "form": "sia",
            "pos": "CON",
            "lemma": "sia",
            "has_context": "false",
            "is_title": "false"
        },
        {
            "id": 45,
            "form": "lo",
            "pos": "DET",
            "lemma": "il",
            "has_context": "false",
            "is_title": "false"
        },
        {
            "id": 46,
            "form": "stimolo",
            "pos": "NOM",
            "lemma": "stimolo",
            "has_context": "true",
            "is_title": "false"
        },
        {
            "id": 47,
            "form": "più",
            "pos": "ADV",
            "lemma": "più",
            "has_context": "false",
            "is_title": "false"
        },
        {
            "id": 48,
            "form": "grande",
            "pos": "ADJ",
            "lemma": "grande",
            "has_context": "false",
            "is_title": "false"
        },
        {
            "id": 49,
            "form": "per",
            "pos": "PRE",
            "lemma": "per",
            "has_context": "false",
            "is_title": "false"
        },
        {
            "id": 50,
            "form": "apprendere",
            "pos": "VER",
            "lemma": "apprendere",
            "has_context": "true",
            "is_title": "false"
        },
        {
            "id": 51,
            "form": ".",
            "pos": "SENT",
            "lemma": ".",
            "has_context": "false",
            "is_title": "false"
        },
        {
            "id": 52,
            "form": "Tuttavia",
            "pos": "CON",
            "lemma": "tuttavia",
            "has_context": "false",
            "is_title": "false"
        },
        {
            "id": 53,
            "form": ",",
            "pos": "PON",
            "lemma": ",",
            "has_context": "false",
            "is_title": "false"
        },
        {
            "id": 54,
            "form": "molti",
            "pos": "ADJ",
            "lemma": "molto",
            "has_context": "false",
            "is_title": "false"
        },
        {
            "id": 55,
            "form": "esperti",
            "pos": "NOM",
            "lemma": "esperto",
            "has_context": "true",
            "is_title": "false"
        },
        {
            "id": 56,
            "form": "del",
            "pos": "PRE",
            "lemma": "del",
            "has_context": "false",
            "is_title": "false"
        },
        {
            "id": 57,
            "form": "settore",
            "pos": "NOM",
            "lemma": "settore",
            "has_context": "true",
            "is_title": "false"
        },
        {
            "id": 58,
            "form": "hanno",
            "pos": "VER",
            "lemma": "avere",
            "has_context": "false",
            "is_title": "false"
        },
        {
            "id": 59,
            "form": "dimostrato",
            "pos": "VER",
            "lemma": "dimostrare",
            "has_context": "true",
            "is_title": "false"
        },
        {
            "id": 60,
            "form": "che",
            "pos": "CON",
            "lemma": "che",
            "has_context": "false",
            "is_title": "false"
        },
        {
            "id": 61,
            "form": ",",
            "pos": "PON",
            "lemma": ",",
            "has_context": "false",
            "is_title": "false"
        },
        {
            "id": 62,
            "form": "sebbene",
            "pos": "CON",
            "lemma": "sebbene",
            "has_context": "false",
            "is_title": "false"
        },
        {
            "id": 63,
            "form": "studiare",
            "pos": "VER",
            "lemma": "studiare",
            "has_context": "false",
            "is_title": "false"
        },
        {
            "id": 64,
            "form": "all’",
            "pos": "PRE",
            "lemma": "al",
            "has_context": "false",
            "is_title": "false"
        },
        {
            "id": 65,
            "form": "estero",
            "pos": "NOM",
            "lemma": "estero",
            "has_context": "false",
            "is_title": "false"
        },
        {
            "id": 66,
            "form": "sia",
            "pos": "VER",
            "lemma": "essere",
            "has_context": "false",
            "is_title": "false"
        },
        {
            "id": 67,
            "form": "un",
            "pos": "DET",
            "lemma": "un",
            "has_context": "false",
            "is_title": "false"
        },
        {
            "id": 68,
            "form": "modo",
            "pos": "NOM",
            "lemma": "modo",
            "has_context": "true",
            "is_title": "false"
        },
        {
            "id": 69,
            "form": "eccellente",
            "pos": "ADJ",
            "lemma": "eccellente",
            "has_context": "true",
            "is_title": "false"
        },
        {
            "id": 70,
            "form": "per",
            "pos": "PRE",
            "lemma": "per",
            "has_context": "false",
            "is_title": "false"
        },
        {
            "id": 71,
            "form": "imparare",
            "pos": "VER",
            "lemma": "imparare",
            "has_context": "false",
            "is_title": "false"
        },
        {
            "id": 72,
            "form": "una",
            "pos": "DET",
            "lemma": "una",
            "has_context": "false",
            "is_title": "false"
        },
        {
            "id": 73,
            "form": "lingua",
            "pos": "NOM",
            "lemma": "lingua",
            "has_context": "false",
            "is_title": "false"
        },
        {
            "id": 74,
            "form": ",",
            "pos": "PON",
            "lemma": ",",
            "has_context": "false",
            "is_title": "false"
        },
        {
            "id": 75,
            "form": "da",
            "pos": "PRE",
            "lemma": "da",
            "has_context": "false",
            "is_title": "false"
        },
        {
            "id": 76,
            "form": "solo",
            "pos": "ADJ",
            "lemma": "solo",
            "has_context": "false",
            "is_title": "false"
        },
        {
            "id": 77,
            "form": "questo",
            "pos": "PRO",
            "lemma": "questo",
            "has_context": "false",
            "is_title": "false"
        },
        {
            "id": 78,
            "form": "non",
            "pos": "ADV",
            "lemma": "non",
            "has_context": "false",
            "is_title": "false"
        },
        {
            "id": 79,
            "form": "basta",
            "pos": "VER",
            "lemma": "bastare",
            "has_context": "true",
            "is_title": "false"
        },
        {
            "id": 80,
            "form": ".",
            "pos": "SENT",
            "lemma": ".",
            "has_context": "false",
            "is_title": "false"
        },
        {
            "id": 81,
            "form": "È",
            "pos": "VER",
            "lemma": "essere",
            "has_context": "false",
            "is_title": "false"
        },
        {
            "id": 82,
            "form": "necessario",
            "pos": "ADJ",
            "lemma": "necessario",
            "has_context": "true",
            "is_title": "false"
        },
        {
            "id": 83,
            "form": "anche",
            "pos": "CON",
            "lemma": "anche",
            "has_context": "false",
            "is_title": "false"
        },
        {
            "id": 84,
            "form": "che",
            "pos": "CON",
            "lemma": "che",
            "has_context": "false",
            "is_title": "false"
        },
        {
            "id": 85,
            "form": "gli",
            "pos": "DET",
            "lemma": "il",
            "has_context": "false",
            "is_title": "false"
        },
        {
            "id": 86,
            "form": "studenti",
            "pos": "NOM",
            "lemma": "studente",
            "has_context": "false",
            "is_title": "false"
        },
        {
            "id": 87,
            "form": "si",
            "pos": "PRO",
            "lemma": "si",
            "has_context": "false",
            "is_title": "false"
        },
        {
            "id": 88,
            "form": "impegnino",
            "pos": "VER",
            "lemma": "impegnare",
            "has_context": "true",
            "is_title": "false"
        },
        {
            "id": 89,
            "form": "molto",
            "pos": "ADV",
            "lemma": "molto",
            "has_context": "false",
            "is_title": "false"
        },
        {
            "id": 90,
            "form": "e",
            "pos": "CON",
            "lemma": "e",
            "has_context": "false",
            "is_title": "false"
        },
        {
            "id": 91,
            "form": "che",
            "pos": "CON",
            "lemma": "che",
            "has_context": "false",
            "is_title": "false"
        },
        {
            "id": 92,
            "form": "lo",
            "pos": "DET",
            "lemma": "il",
            "has_context": "false",
            "is_title": "false"
        },
        {
            "id": 93,
            "form": "studio",
            "pos": "NOM",
            "lemma": "studio",
            "has_context": "false",
            "is_title": "false"
        },
        {
            "id": 94,
            "form": "della",
            "pos": "PRE",
            "lemma": "del",
            "has_context": "false",
            "is_title": "false"
        },
        {
            "id": 95,
            "form": "lingua",
            "pos": "NOM",
            "lemma": "lingua",
            "has_context": "false",
            "is_title": "false"
        },
        {
            "id": 96,
            "form": "sia",
            "pos": "CON",
            "lemma": "sia",
            "has_context": "false",
            "is_title": "false"
        },
        {
            "id": 97,
            "form": "graduale",
            "pos": "ADJ",
            "lemma": "graduale",
            "has_context": "true",
            "is_title": "false"
        },
        {
            "id": 98,
            "form": ".",
            "pos": "SENT",
            "lemma": ".",
            "has_context": "false",
            "is_title": "false"
        },
        {
            "id": 99,
            "form": "Gli",
            "pos": "DET",
            "lemma": "il",
            "has_context": "false",
            "is_title": "false"
        },
        {
            "id": 100,
            "form": "studenti",
            "pos": "NOM",
            "lemma": "studente",
            "has_context": "false",
            "is_title": "false"
        },
        {
            "id": 101,
            "form": "devono",
            "pos": "VER",
            "lemma": "dovere",
            "has_context": "false",
            "is_title": "false"
        },
        {
            "id": 102,
            "form": "seguire",
            "pos": "VER",
            "lemma": "seguire",
            "has_context": "false",
            "is_title": "false"
        },
        {
            "id": 103,
            "form": "le",
            "pos": "DET",
            "lemma": "il",
            "has_context": "false",
            "is_title": "false"
        },
        {
            "id": 104,
            "form": "lezioni",
            "pos": "NOM",
            "lemma": "lezione",
            "has_context": "false",
            "is_title": "false"
        },
        {
            "id": 105,
            "form": "e",
            "pos": "CON",
            "lemma": "e",
            "has_context": "false",
            "is_title": "false"
        },
        {
            "id": 106,
            "form": "studiare",
            "pos": "VER",
            "lemma": "studiare",
            "has_context": "false",
            "is_title": "false"
        },
        {
            "id": 107,
            "form": "da",
            "pos": "PRE",
            "lemma": "da",
            "has_context": "false",
            "is_title": "false"
        },
        {
            "id": 108,
            "form": "soli",
            "pos": "ADJ",
            "lemma": "solo",
            "has_context": "false",
            "is_title": "false"
        },
        {
            "id": 109,
            "form": "a",
            "pos": "PRE",
            "lemma": "a",
            "has_context": "false",
            "is_title": "false"
        },
        {
            "id": 110,
            "form": "casa",
            "pos": "NOM",
            "lemma": "casa",
            "has_context": "false",
            "is_title": "false"
        },
        {
            "id": 111,
            "form": "affinché",
            "pos": "CON",
            "lemma": "affinché",
            "has_context": "false",
            "is_title": "false"
        },
        {
            "id": 112,
            "form": "possano",
            "pos": "VER",
            "lemma": "potere",
            "has_context": "false",
            "is_title": "false"
        },
        {
            "id": 113,
            "form": "davvero",
            "pos": "ADV",
            "lemma": "davvero",
            "has_context": "true",
            "is_title": "false"
        },
        {
            "id": 114,
            "form": "apprendere",
            "pos": "VER",
            "lemma": "apprendere",
            "has_context": "true",
            "is_title": "false"
        },
        {
            "id": 115,
            "form": "la",
            "pos": "DET",
            "lemma": "il",
            "has_context": "false",
            "is_title": "false"
        },
        {
            "id": 116,
            "form": "lingua",
            "pos": "NOM",
            "lemma": "lingua",
            "has_context": "false",
            "is_title": "false"
        },
        {
            "id": 117,
            "form": "e",
            "pos": "CON",
            "lemma": "e",
            "has_context": "false",
            "is_title": "false"
        },
        {
            "id": 118,
            "form": "la",
            "pos": "DET",
            "lemma": "il",
            "has_context": "false",
            "is_title": "false"
        },
        {
            "id": 119,
            "form": "sua",
            "pos": "ADJ",
            "lemma": "suo",
            "has_context": "false",
            "is_title": "false"
        },
        {
            "id": 120,
            "form": "grammatica",
            "pos": "NOM",
            "lemma": "grammatica",
            "has_context": "true",
            "is_title": "false"
        },
        {
            "id": 121,
            "form": ".",
            "pos": "SENT",
            "lemma": ".",
            "has_context": "false",
            "is_title": "false"
        },
        {
            "id": 122,
            "form": "È",
            "pos": "VER",
            "lemma": "essere",
            "has_context": "false",
            "is_title": "false"
        },
        {
            "id": 123,
            "form": "importante",
            "pos": "ADJ",
            "lemma": "importante",
            "has_context": "false",
            "is_title": "false"
        },
        {
            "id": 124,
            "form": ",",
            "pos": "PON",
            "lemma": ",",
            "has_context": "false",
            "is_title": "false"
        },
        {
            "id": 125,
            "form": "inoltre",
            "pos": "ADV",
            "lemma": "inoltre",
            "has_context": "false",
            "is_title": "false"
        },
        {
            "id": 126,
            "form": ",",
            "pos": "PON",
            "lemma": ",",
            "has_context": "false",
            "is_title": "false"
        },
        {
            "id": 127,
            "form": "che",
            "pos": "CON",
            "lemma": "che",
            "has_context": "false",
            "is_title": "false"
        },
        {
            "id": 128,
            "form": "gli",
            "pos": "DET",
            "lemma": "il",
            "has_context": "false",
            "is_title": "false"
        },
        {
            "id": 129,
            "form": "studenti",
            "pos": "NOM",
            "lemma": "studente",
            "has_context": "false",
            "is_title": "false"
        },
        {
            "id": 130,
            "form": "che",
            "pos": "PRO",
            "lemma": "che",
            "has_context": "false",
            "is_title": "false"
        },
        {
            "id": 131,
            "form": "studiano",
            "pos": "VER",
            "lemma": "studiare",
            "has_context": "false",
            "is_title": "false"
        },
        {
            "id": 132,
            "form": "una",
            "pos": "DET",
            "lemma": "una",
            "has_context": "false",
            "is_title": "false"
        },
        {
            "id": 133,
            "form": "lingua",
            "pos": "NOM",
            "lemma": "lingua",
            "has_context": "false",
            "is_title": "false"
        },
        {
            "id": 134,
            "form": "all’",
            "pos": "PRE",
            "lemma": "al",
            "has_context": "false",
            "is_title": "false"
        },
        {
            "id": 135,
            "form": "estero",
            "pos": "NOM",
            "lemma": "estero",
            "has_context": "false",
            "is_title": "false"
        },
        {
            "id": 136,
            "form": "non",
            "pos": "ADV",
            "lemma": "non",
            "has_context": "false",
            "is_title": "false"
        },
        {
            "id": 137,
            "form": "abbiano",
            "pos": "VER",
            "lemma": "avere",
            "has_context": "false",
            "is_title": "false"
        },
        {
            "id": 138,
            "form": "paura",
            "pos": "NOM",
            "lemma": "paura",
            "has_context": "false",
            "is_title": "false"
        },
        {
            "id": 139,
            "form": "di",
            "pos": "PRE",
            "lemma": "di",
            "has_context": "false",
            "is_title": "false"
        },
        {
            "id": 140,
            "form": "parlare",
            "pos": "VER",
            "lemma": "parlare",
            "has_context": "false",
            "is_title": "false"
        },
        {
            "id": 141,
            "form": "la",
            "pos": "DET",
            "lemma": "il",
            "has_context": "false",
            "is_title": "false"
        },
        {
            "id": 142,
            "form": "lingua",
            "pos": "NOM",
            "lemma": "lingua",
            "has_context": "false",
            "is_title": "false"
        },
        {
            "id": 143,
            "form": "con",
            "pos": "PRE",
            "lemma": "con",
            "has_context": "false",
            "is_title": "false"
        },
        {
            "id": 144,
            "form": "le",
            "pos": "DET",
            "lemma": "il",
            "has_context": "false",
            "is_title": "false"
        },
        {
            "id": 145,
            "form": "persone",
            "pos": "NOM",
            "lemma": "persona",
            "has_context": "false",
            "is_title": "false"
        },
        {
            "id": 146,
            "form": "del",
            "pos": "PRE",
            "lemma": "del",
            "has_context": "false",
            "is_title": "false"
        },
        {
            "id": 147,
            "form": "posto",
            "pos": "NOM",
            "lemma": "posto",
            "has_context": "false",
            "is_title": "false"
        },
        {
            "id": 148,
            "form": ".",
            "pos": "SENT",
            "lemma": ".",
            "has_context": "false",
            "is_title": "false"
        },
        {
            "id": 149,
            "form": "Sebbene",
            "pos": "CON",
            "lemma": "sebbene",
            "has_context": "false",
            "is_title": "false"
        },
        {
            "id": 150,
            "form": "possa",
            "pos": "VER",
            "lemma": "potere",
            "has_context": "false",
            "is_title": "false"
        },
        {
            "id": 151,
            "form": "sembrare",
            "pos": "VER",
            "lemma": "sembrare",
            "has_context": "false",
            "is_title": "false"
        },
        {
            "id": 152,
            "form": "un",
            "pos": "DET",
            "lemma": "un",
            "has_context": "false",
            "is_title": "false"
        },
        {
            "id": 153,
            "form": "po’",
            "pos": "ADV",
            "lemma": "po’",
            "has_context": "false",
            "is_title": "false"
        },
        {
            "id": 154,
            "form": "imbarazzante",
            "pos": "ADJ",
            "lemma": "imbarazzante",
            "has_context": "true",
            "is_title": "false"
        },
        {
            "id": 155,
            "form": ",",
            "pos": "PON",
            "lemma": ",",
            "has_context": "false",
            "is_title": "false"
        },
        {
            "id": 156,
            "form": "parlare",
            "pos": "VER",
            "lemma": "parlare",
            "has_context": "false",
            "is_title": "false"
        },
        {
            "id": 157,
            "form": "con",
            "pos": "PRE",
            "lemma": "con",
            "has_context": "false",
            "is_title": "false"
        },
        {
            "id": 158,
            "form": "un",
            "pos": "DET",
            "lemma": "un",
            "has_context": "false",
            "is_title": "false"
        },
        {
            "id": 159,
            "form": "madrelingua",
            "pos": "NOM",
            "lemma": "madrelingua",
            "has_context": "true",
            "is_title": "false"
        },
        {
            "id": 160,
            "form": "può",
            "pos": "VER",
            "lemma": "potere",
            "has_context": "false",
            "is_title": "false"
        },
        {
            "id": 161,
            "form": "aiutare",
            "pos": "VER",
            "lemma": "aiutare",
            "has_context": "false",
            "is_title": "false"
        },
        {
            "id": 162,
            "form": "davvero",
            "pos": "ADV",
            "lemma": "davvero",
            "has_context": "true",
            "is_title": "false"
        },
        {
            "id": 163,
            "form": "a",
            "pos": "PRE",
            "lemma": "a",
            "has_context": "false",
            "is_title": "false"
        },
        {
            "id": 164,
            "form": "migliorare",
            "pos": "VER",
            "lemma": "migliorare",
            "has_context": "true",
            "is_title": "false"
        },
        {
            "id": 165,
            "form": "la",
            "pos": "DET",
            "lemma": "il",
            "has_context": "false",
            "is_title": "false"
        },
        {
            "id": 166,
            "form": "conversazione",
            "pos": "NOM",
            "lemma": "conversazione",
            "has_context": "false",
            "is_title": "false"
        },
        {
            "id": 167,
            "form": ".",
            "pos": "SENT",
            "lemma": ".",
            "has_context": "false",
            "is_title": "false"
        },
        {
            "id": 168,
            "form": "Infatti",
            "pos": "CON",
            "lemma": "infatti",
            "has_context": "false",
            "is_title": "false"
        },
        {
            "id": 169,
            "form": "è",
            "pos": "VER",
            "lemma": "essere",
            "has_context": "false",
            "is_title": "false"
        },
        {
            "id": 170,
            "form": "dimostrato",
            "pos": "VER",
            "lemma": "dimostrare",
            "has_context": "true",
            "is_title": "false"
        },
        {
            "id": 171,
            "form": "che",
            "pos": "CON",
            "lemma": "che",
            "has_context": "false",
            "is_title": "false"
        },
        {
            "id": 172,
            "form": "sostenere",
            "pos": "VER",
            "lemma": "sostenere",
            "has_context": "true",
            "is_title": "false"
        },
        {
            "id": 173,
            "form": "esami",
            "pos": "NOM",
            "lemma": "esame",
            "has_context": "false",
            "is_title": "false"
        },
        {
            "id": 174,
            "form": "e",
            "pos": "CON",
            "lemma": "e",
            "has_context": "false",
            "is_title": "false"
        },
        {
            "id": 175,
            "form": "test",
            "pos": "NOM",
            "lemma": "test",
            "has_context": "false",
            "is_title": "false"
        },
        {
            "id": 176,
            "form": "di",
            "pos": "PRE",
            "lemma": "di",
            "has_context": "false",
            "is_title": "false"
        },
        {
            "id": 177,
            "form": "lingua",
            "pos": "NOM",
            "lemma": "lingua",
            "has_context": "false",
            "is_title": "false"
        },
        {
            "id": 178,
            "form": "regolarmente",
            "pos": "ADV",
            "lemma": "regolarmente",
            "has_context": "true",
            "is_title": "false"
        },
        {
            "id": 179,
            "form": "aiuti",
            "pos": "VER",
            "lemma": "aiutare",
            "has_context": "false",
            "is_title": "false"
        },
        {
            "id": 180,
            "form": "a",
            "pos": "PRE",
            "lemma": "a",
            "has_context": "false",
            "is_title": "false"
        },
        {
            "id": 181,
            "form": "fissare",
            "pos": "VER",
            "lemma": "fissare",
            "has_context": "true",
            "is_title": "false"
        },
        {
            "id": 182,
            "form": "di",
            "pos": "PRE",
            "lemma": "di",
            "has_context": "false",
            "is_title": "false"
        },
        {
            "id": 183,
            "form": "più",
            "pos": "ADV",
            "lemma": "più",
            "has_context": "false",
            "is_title": "false"
        },
        {
            "id": 184,
            "form": "le",
            "pos": "DET",
            "lemma": "il",
            "has_context": "false",
            "is_title": "false"
        },
        {
            "id": 185,
            "form": "strutture",
            "pos": "NOM",
            "lemma": "struttura",
            "has_context": "true",
            "is_title": "false"
        },
        {
            "id": 186,
            "form": "grammaticali",
            "pos": "ADJ",
            "lemma": "grammaticale",
            "has_context": "true",
            "is_title": "false"
        },
        {
            "id": 187,
            "form": ".",
            "pos": "SENT",
            "lemma": ".",
            "has_context": "false",
            "is_title": "false"
        },
        {
            "id": 188,
            "form": "Nonostante",
            "pos": "CON",
            "lemma": "nonostante",
            "has_context": "false",
            "is_title": "false"
        },
        {
            "id": 189,
            "form": "si",
            "pos": "PRO",
            "lemma": "si",
            "has_context": "false",
            "is_title": "false"
        },
        {
            "id": 190,
            "form": "pensi",
            "pos": "VER",
            "lemma": "pensare",
            "has_context": "false",
            "is_title": "false"
        },
        {
            "id": 191,
            "form": "che",
            "pos": "CON",
            "lemma": "che",
            "has_context": "false",
            "is_title": "false"
        },
        {
            "id": 192,
            "form": "studiare",
            "pos": "VER",
            "lemma": "studiare",
            "has_context": "false",
            "is_title": "false"
        },
        {
            "id": 193,
            "form": "una",
            "pos": "DET",
            "lemma": "una",
            "has_context": "false",
            "is_title": "false"
        },
        {
            "id": 194,
            "form": "lingua",
            "pos": "NOM",
            "lemma": "lingua",
            "has_context": "false",
            "is_title": "false"
        },
        {
            "id": 195,
            "form": "possa",
            "pos": "VER",
            "lemma": "potere",
            "has_context": "false",
            "is_title": "false"
        },
        {
            "id": 196,
            "form": "rivelarsi",
            "pos": "VER",
            "lemma": "rivelare",
            "has_context": "true",
            "is_title": "false"
        },
        {
            "id": 197,
            "form": "molto",
            "pos": "ADV",
            "lemma": "molto",
            "has_context": "false",
            "is_title": "false"
        },
        {
            "id": 198,
            "form": "complesso",
            "pos": "ADJ",
            "lemma": "complesso",
            "has_context": "true",
            "is_title": "false"
        },
        {
            "id": 199,
            "form": ",",
            "pos": "PON",
            "lemma": ",",
            "has_context": "false",
            "is_title": "false"
        },
        {
            "id": 200,
            "form": "sono",
            "pos": "VER",
            "lemma": "essere",
            "has_context": "false",
            "is_title": "false"
        },
        {
            "id": 201,
            "form": "sempre",
            "pos": "ADV",
            "lemma": "sempre",
            "has_context": "false",
            "is_title": "false"
        },
        {
            "id": 202,
            "form": "di",
            "pos": "PRE",
            "lemma": "di",
            "has_context": "false",
            "is_title": "false"
        },
        {
            "id": 203,
            "form": "più",
            "pos": "ADV",
            "lemma": "più",
            "has_context": "false",
            "is_title": "false"
        },
        {
            "id": 204,
            "form": "i",
            "pos": "DET",
            "lemma": "il",
            "has_context": "false",
            "is_title": "false"
        },
        {
            "id": 205,
            "form": "giovani",
            "pos": "NOM",
            "lemma": "giovane",
            "has_context": "false",
            "is_title": "false"
        },
        {
            "id": 206,
            "form": "che",
            "pos": "PRO",
            "lemma": "che",
            "has_context": "false",
            "is_title": "false"
        },
        {
            "id": 207,
            "form": "scelgono",
            "pos": "VER",
            "lemma": "scegliere",
            "has_context": "false",
            "is_title": "false"
        },
        {
            "id": 208,
            "form": "di",
            "pos": "PRE",
            "lemma": "di",
            "has_context": "false",
            "is_title": "false"
        },
        {
            "id": 209,
            "form": "studiare",
            "pos": "VER",
            "lemma": "studiare",
            "has_context": "false",
            "is_title": "false"
        },
        {
            "id": 210,
            "form": "all’",
            "pos": "PRE",
            "lemma": "al",
            "has_context": "false",
            "is_title": "false"
        },
        {
            "id": 211,
            "form": "estero",
            "pos": "NOM",
            "lemma": "estero",
            "has_context": "false",
            "is_title": "false"
        },
        {
            "id": 212,
            "form": "per",
            "pos": "PRE",
            "lemma": "per",
            "has_context": "false",
            "is_title": "false"
        },
        {
            "id": 213,
            "form": "migliorare",
            "pos": "VER",
            "lemma": "migliorare",
            "has_context": "true",
            "is_title": "false"
        },
        {
            "id": 214,
            "form": "la",
            "pos": "DET",
            "lemma": "il",
            "has_context": "false",
            "is_title": "false"
        },
        {
            "id": 215,
            "form": "lingua",
            "pos": "NOM",
            "lemma": "lingua",
            "has_context": "false",
            "is_title": "false"
        },
        {
            "id": 216,
            "form": "straniera",
            "pos": "ADJ",
            "lemma": "straniero",
            "has_context": "false",
            "is_title": "false"
        },
        {
            "id": 217,
            "form": ".",
            "pos": "SENT",
            "lemma": ".",
            "has_context": "false",
            "is_title": "false"
        }
    ]
