    [
        {
            "id": 1,
            "form": "Inquinamento",
            "pos": "NOM",
            "lemma": "inquinamento",
            "has_context": "true",
            "is_title": "true"
        },
        {
            "id": 2,
            "form": "Negli",
            "pos": "PRE",
            "lemma": "nel",
            "has_context": "false",
            "is_title": "false"
        },
        {
            "id": 3,
            "form": "ultimi",
            "pos": "ADJ",
            "lemma": "ultimo",
            "has_context": "false",
            "is_title": "false"
        },
        {
            "id": 4,
            "form": "anni",
            "pos": "NOM",
            "lemma": "anno",
            "has_context": "false",
            "is_title": "false"
        },
        {
            "id": 5,
            "form": "l’",
            "pos": "DET",
            "lemma": "il",
            "has_context": "false",
            "is_title": "false"
        },
        {
            "id": 6,
            "form": "inquinamento",
            "pos": "NOM",
            "lemma": "inquinamento",
            "has_context": "true",
            "is_title": "false"
        },
        {
            "id": 7,
            "form": "ha",
            "pos": "VER",
            "lemma": "avere",
            "has_context": "false",
            "is_title": "false"
        },
        {
            "id": 8,
            "form": "raggiunto",
            "pos": "VER",
            "lemma": "raggiungere",
            "has_context": "true",
            "is_title": "false"
        },
        {
            "id": 9,
            "form": "dei",
            "pos": "PRE",
            "lemma": "del",
            "has_context": "false",
            "is_title": "false"
        },
        {
            "id": 10,
            "form": "livelli",
            "pos": "NOM",
            "lemma": "livello",
            "has_context": "false",
            "is_title": "false"
        },
        {
            "id": 11,
            "form": "preoccupanti",
            "pos": "ADJ",
            "lemma": "preoccupante",
            "has_context": "true",
            "is_title": "false"
        },
        {
            "id": 12,
            "form": ".",
            "pos": "SENT",
            "lemma": ".",
            "has_context": "false",
            "is_title": "false"
        },
        {
            "id": 13,
            "form": "Se",
            "pos": "CON",
            "lemma": "se",
            "has_context": "false",
            "is_title": "false"
        },
        {
            "id": 14,
            "form": "guardiamo",
            "pos": "VER",
            "lemma": "guardare",
            "has_context": "false",
            "is_title": "false"
        },
        {
            "id": 15,
            "form": "il",
            "pos": "DET",
            "lemma": "il",
            "has_context": "false",
            "is_title": "false"
        },
        {
            "id": 16,
            "form": "telegiornale",
            "pos": "NOM",
            "lemma": "telegiornale",
            "has_context": "true",
            "is_title": "false"
        },
        {
            "id": 17,
            "form": "ci",
            "pos": "PRO",
            "lemma": "ci",
            "has_context": "false",
            "is_title": "false"
        },
        {
            "id": 18,
            "form": "accorgiamo",
            "pos": "VER",
            "lemma": "accorgere",
            "has_context": "true",
            "is_title": "false"
        },
        {
            "id": 19,
            "form": "che",
            "pos": "CON",
            "lemma": "che",
            "has_context": "false",
            "is_title": "false"
        },
        {
            "id": 20,
            "form": "spesso",
            "pos": "ADV",
            "lemma": "spesso",
            "has_context": "false",
            "is_title": "false"
        },
        {
            "id": 21,
            "form": "si",
            "pos": "PRO",
            "lemma": "si",
            "has_context": "false",
            "is_title": "false"
        },
        {
            "id": 22,
            "form": "parla",
            "pos": "VER",
            "lemma": "parlare",
            "has_context": "false",
            "is_title": "false"
        },
        {
            "id": 23,
            "form": "di",
            "pos": "PRE",
            "lemma": "di",
            "has_context": "false",
            "is_title": "false"
        },
        {
            "id": 24,
            "form": "problemi",
            "pos": "NOM",
            "lemma": "problema",
            "has_context": "false",
            "is_title": "false"
        },
        {
            "id": 25,
            "form": "ambientali",
            "pos": "ADJ",
            "lemma": "ambientale",
            "has_context": "true",
            "is_title": "false"
        },
        {
            "id": 26,
            "form": "come",
            "pos": "CON",
            "lemma": "come",
            "has_context": "false",
            "is_title": "false"
        },
        {
            "id": 27,
            "form": "il",
            "pos": "DET",
            "lemma": "il",
            "has_context": "false",
            "is_title": "false"
        },
        {
            "id": 28,
            "form": "buco",
            "pos": "NOM",
            "lemma": "buco",
            "has_context": "true",
            "is_title": "false"
        },
        {
            "id": 29,
            "form": "nell’",
            "pos": "PRE",
            "lemma": "nel",
            "has_context": "false",
            "is_title": "false"
        },
        {
            "id": 30,
            "form": "ozono",
            "pos": "NOM",
            "lemma": "ozono",
            "has_context": "true",
            "is_title": "false"
        },
        {
            "id": 31,
            "form": "o",
            "pos": "CON",
            "lemma": "o",
            "has_context": "false",
            "is_title": "false"
        },
        {
            "id": 32,
            "form": "le",
            "pos": "DET",
            "lemma": "il",
            "has_context": "false",
            "is_title": "false"
        },
        {
            "id": 33,
            "form": "discariche",
            "pos": "NOM",
            "lemma": "discarica",
            "has_context": "true",
            "is_title": "false"
        },
        {
            "id": 34,
            "form": "troppo",
            "pos": "ADV",
            "lemma": "troppo",
            "has_context": "false",
            "is_title": "false"
        },
        {
            "id": 35,
            "form": "piene",
            "pos": "ADJ",
            "lemma": "pieno",
            "has_context": "false",
            "is_title": "false"
        },
        {
            "id": 36,
            "form": "di",
            "pos": "PRE",
            "lemma": "di",
            "has_context": "false",
            "is_title": "false"
        },
        {
            "id": 37,
            "form": "rifiuti",
            "pos": "NOM",
            "lemma": "rifiuto",
            "has_context": "true",
            "is_title": "false"
        },
        {
            "id": 38,
            "form": ".",
            "pos": "SENT",
            "lemma": ".",
            "has_context": "false",
            "is_title": "false"
        },
        {
            "id": 39,
            "form": "L’",
            "pos": "DET",
            "lemma": "il",
            "has_context": "false",
            "is_title": "false"
        },
        {
            "id": 40,
            "form": "aumento",
            "pos": "NOM",
            "lemma": "aumento",
            "has_context": "true",
            "is_title": "false"
        },
        {
            "id": 41,
            "form": "del",
            "pos": "PRE",
            "lemma": "del",
            "has_context": "false",
            "is_title": "false"
        },
        {
            "id": 42,
            "form": "livello",
            "pos": "NOM",
            "lemma": "livello",
            "has_context": "false",
            "is_title": "false"
        },
        {
            "id": 43,
            "form": "d’",
            "pos": "PRE",
            "lemma": "di",
            "has_context": "false",
            "is_title": "false"
        },
        {
            "id": 44,
            "form": "inquinamento",
            "pos": "NOM",
            "lemma": "inquinamento",
            "has_context": "true",
            "is_title": "false"
        },
        {
            "id": 45,
            "form": "è",
            "pos": "VER",
            "lemma": "essere",
            "has_context": "false",
            "is_title": "false"
        },
        {
            "id": 46,
            "form": "preoccupante",
            "pos": "ADJ",
            "lemma": "preoccupante",
            "has_context": "true",
            "is_title": "false"
        },
        {
            "id": 47,
            "form": "perché",
            "pos": "CON",
            "lemma": "perché",
            "has_context": "false",
            "is_title": "false"
        },
        {
            "id": 48,
            "form": "porta",
            "pos": "VER",
            "lemma": "portare",
            "has_context": "false",
            "is_title": "false"
        },
        {
            "id": 49,
            "form": "con",
            "pos": "PRE",
            "lemma": "con",
            "has_context": "false",
            "is_title": "false"
        },
        {
            "id": 50,
            "form": "sé",
            "pos": "PRO",
            "lemma": "sé",
            "has_context": "false",
            "is_title": "false"
        },
        {
            "id": 51,
            "form": "delle",
            "pos": "PRE",
            "lemma": "del",
            "has_context": "false",
            "is_title": "false"
        },
        {
            "id": 52,
            "form": "conseguenze",
            "pos": "NOM",
            "lemma": "conseguenza",
            "has_context": "true",
            "is_title": "false"
        },
        {
            "id": 53,
            "form": "gravi",
            "pos": "ADJ",
            "lemma": "grave",
            "has_context": "true",
            "is_title": "false"
        },
        {
            "id": 54,
            "form": ".",
            "pos": "SENT",
            "lemma": ".",
            "has_context": "false",
            "is_title": "false"
        },
        {
            "id": 55,
            "form": "Ma",
            "pos": "CON",
            "lemma": "ma",
            "has_context": "false",
            "is_title": "false"
        },
        {
            "id": 56,
            "form": "a",
            "pos": "PRE",
            "lemma": "a",
            "has_context": "false",
            "is_title": "false"
        },
        {
            "id": 57,
            "form": "cosa",
            "pos": "NOM",
            "lemma": "cosa",
            "has_context": "false",
            "is_title": "false"
        },
        {
            "id": 58,
            "form": "è",
            "pos": "VER",
            "lemma": "essere",
            "has_context": "false",
            "is_title": "false"
        },
        {
            "id": 59,
            "form": "dovuto",
            "pos": "VER",
            "lemma": "dovere",
            "has_context": "false",
            "is_title": "false"
        },
        {
            "id": 60,
            "form": "l’",
            "pos": "DET",
            "lemma": "il",
            "has_context": "false",
            "is_title": "false"
        },
        {
            "id": 61,
            "form": "inquinamento",
            "pos": "NOM",
            "lemma": "inquinamento",
            "has_context": "true",
            "is_title": "false"
        },
        {
            "id": 62,
            "form": "?",
            "pos": "SENT",
            "lemma": "?",
            "has_context": "false",
            "is_title": "false"
        },
        {
            "id": 63,
            "form": "E",
            "pos": "CON",
            "lemma": "e",
            "has_context": "false",
            "is_title": "false"
        },
        {
            "id": 64,
            "form": "quali",
            "pos": "PRO",
            "lemma": "quale",
            "has_context": "false",
            "is_title": "false"
        },
        {
            "id": 65,
            "form": "effetti",
            "pos": "NOM",
            "lemma": "effetto",
            "has_context": "true",
            "is_title": "false"
        },
        {
            "id": 66,
            "form": "può",
            "pos": "VER",
            "lemma": "potere",
            "has_context": "false",
            "is_title": "false"
        },
        {
            "id": 67,
            "form": "provocare",
            "pos": "VER",
            "lemma": "provocare",
            "has_context": "true",
            "is_title": "false"
        },
        {
            "id": 68,
            "form": "sul",
            "pos": "PRE",
            "lemma": "sul",
            "has_context": "false",
            "is_title": "false"
        },
        {
            "id": 69,
            "form": "nostro",
            "pos": "PRO",
            "lemma": "nostro",
            "has_context": "false",
            "is_title": "false"
        },
        {
            "id": 70,
            "form": "pianeta",
            "pos": "NOM",
            "lemma": "pianeta",
            "has_context": "true",
            "is_title": "false"
        },
        {
            "id": 71,
            "form": "?",
            "pos": "SENT",
            "lemma": "?",
            "has_context": "false",
            "is_title": "false"
        },
        {
            "id": 72,
            "form": "L’",
            "pos": "DET",
            "lemma": "il",
            "has_context": "false",
            "is_title": "false"
        },
        {
            "id": 73,
            "form": "aumento",
            "pos": "NOM",
            "lemma": "aumento",
            "has_context": "true",
            "is_title": "false"
        },
        {
            "id": 74,
            "form": "dei",
            "pos": "PRE",
            "lemma": "del",
            "has_context": "false",
            "is_title": "false"
        },
        {
            "id": 75,
            "form": "livelli",
            "pos": "NOM",
            "lemma": "livello",
            "has_context": "false",
            "is_title": "false"
        },
        {
            "id": 76,
            "form": "d’",
            "pos": "PRE",
            "lemma": "di",
            "has_context": "false",
            "is_title": "false"
        },
        {
            "id": 77,
            "form": "inquinamento",
            "pos": "NOM",
            "lemma": "inquinamento",
            "has_context": "true",
            "is_title": "false"
        },
        {
            "id": 78,
            "form": "è",
            "pos": "VER",
            "lemma": "essere",
            "has_context": "false",
            "is_title": "false"
        },
        {
            "id": 79,
            "form": "dovuto",
            "pos": "VER",
            "lemma": "dovere",
            "has_context": "false",
            "is_title": "false"
        },
        {
            "id": 80,
            "form": "a",
            "pos": "PRE",
            "lemma": "a",
            "has_context": "false",
            "is_title": "false"
        },
        {
            "id": 81,
            "form": "molti",
            "pos": "ADJ",
            "lemma": "molto",
            "has_context": "false",
            "is_title": "false"
        },
        {
            "id": 82,
            "form": "fattori",
            "pos": "NOM",
            "lemma": "fattore",
            "has_context": "true",
            "is_title": "false"
        },
        {
            "id": 83,
            "form": ",",
            "pos": "PON",
            "lemma": ",",
            "has_context": "false",
            "is_title": "false"
        },
        {
            "id": 84,
            "form": "tra",
            "pos": "PRE",
            "lemma": "tra",
            "has_context": "false",
            "is_title": "false"
        },
        {
            "id": 85,
            "form": "cui",
            "pos": "PRO",
            "lemma": "cui",
            "has_context": "false",
            "is_title": "false"
        },
        {
            "id": 86,
            "form": "lo",
            "pos": "DET",
            "lemma": "il",
            "has_context": "false",
            "is_title": "false"
        },
        {
            "id": 87,
            "form": "smog",
            "pos": "NOM",
            "lemma": "smog",
            "has_context": "false",
            "is_title": "false"
        },
        {
            "id": 88,
            "form": ".",
            "pos": "SENT",
            "lemma": ".",
            "has_context": "false",
            "is_title": "false"
        },
        {
            "id": 89,
            "form": "Infatti",
            "pos": "CON",
            "lemma": "infatti",
            "has_context": "false",
            "is_title": "false"
        },
        {
            "id": 90,
            "form": "negli",
            "pos": "PRE",
            "lemma": "nel",
            "has_context": "false",
            "is_title": "false"
        },
        {
            "id": 91,
            "form": "ultimi",
            "pos": "ADJ",
            "lemma": "ultimo",
            "has_context": "false",
            "is_title": "false"
        },
        {
            "id": 92,
            "form": "anni",
            "pos": "NOM",
            "lemma": "anno",
            "has_context": "false",
            "is_title": "false"
        },
        {
            "id": 93,
            "form": "è",
            "pos": "VER",
            "lemma": "essere",
            "has_context": "false",
            "is_title": "false"
        },
        {
            "id": 94,
            "form": "cresciuto",
            "pos": "VER",
            "lemma": "crescere",
            "has_context": "true",
            "is_title": "false"
        },
        {
            "id": 95,
            "form": "il",
            "pos": "DET",
            "lemma": "il",
            "has_context": "false",
            "is_title": "false"
        },
        {
            "id": 96,
            "form": "numero",
            "pos": "NOM",
            "lemma": "numero",
            "has_context": "false",
            "is_title": "false"
        },
        {
            "id": 97,
            "form": "di",
            "pos": "PRE",
            "lemma": "di",
            "has_context": "false",
            "is_title": "false"
        },
        {
            "id": 98,
            "form": "automobili",
            "pos": "NOM",
            "lemma": "automobile",
            "has_context": "false",
            "is_title": "false"
        },
        {
            "id": 99,
            "form": ".",
            "pos": "SENT",
            "lemma": ".",
            "has_context": "false",
            "is_title": "false"
        },
        {
            "id": 100,
            "form": "Molte",
            "pos": "ADJ",
            "lemma": "molto",
            "has_context": "false",
            "is_title": "false"
        },
        {
            "id": 101,
            "form": "persone",
            "pos": "NOM",
            "lemma": "persona",
            "has_context": "false",
            "is_title": "false"
        },
        {
            "id": 102,
            "form": "infatti",
            "pos": "CON",
            "lemma": "infatti",
            "has_context": "false",
            "is_title": "false"
        },
        {
            "id": 103,
            "form": "si",
            "pos": "PRO",
            "lemma": "si",
            "has_context": "false",
            "is_title": "false"
        },
        {
            "id": 104,
            "form": "servono",
            "pos": "VER",
            "lemma": "servire",
            "has_context": "true",
            "is_title": "false"
        },
        {
            "id": 105,
            "form": "delle",
            "pos": "PRE",
            "lemma": "del",
            "has_context": "false",
            "is_title": "false"
        },
        {
            "id": 106,
            "form": "automobili",
            "pos": "NOM",
            "lemma": "automobile",
            "has_context": "false",
            "is_title": "false"
        },
        {
            "id": 107,
            "form": "per",
            "pos": "PRE",
            "lemma": "per",
            "has_context": "false",
            "is_title": "false"
        },
        {
            "id": 108,
            "form": "andare",
            "pos": "VER",
            "lemma": "andare",
            "has_context": "false",
            "is_title": "false"
        },
        {
            "id": 109,
            "form": "a",
            "pos": "PRE",
            "lemma": "a",
            "has_context": "false",
            "is_title": "false"
        },
        {
            "id": 110,
            "form": "lavoro",
            "pos": "NOM",
            "lemma": "lavoro",
            "has_context": "false",
            "is_title": "false"
        },
        {
            "id": 111,
            "form": "o",
            "pos": "CON",
            "lemma": "o",
            "has_context": "false",
            "is_title": "false"
        },
        {
            "id": 112,
            "form": "per",
            "pos": "PRE",
            "lemma": "per",
            "has_context": "false",
            "is_title": "false"
        },
        {
            "id": 113,
            "form": "spostarsi",
            "pos": "VER",
            "lemma": "spostare",
            "has_context": "true",
            "is_title": "false"
        },
        {
            "id": 114,
            "form": ",",
            "pos": "PON",
            "lemma": ",",
            "has_context": "false",
            "is_title": "false"
        },
        {
            "id": 115,
            "form": "a",
            "pos": "PRE",
            "lemma": "a",
            "has_context": "false",
            "is_title": "false"
        },
        {
            "id": 116,
            "form": "volte",
            "pos": "NOM",
            "lemma": "volta",
            "has_context": "false",
            "is_title": "false"
        },
        {
            "id": 117,
            "form": "usando",
            "pos": "VER",
            "lemma": "usare",
            "has_context": "false",
            "is_title": "false"
        },
        {
            "id": 118,
            "form": "l’",
            "pos": "DET",
            "lemma": "il",
            "has_context": "false",
            "is_title": "false"
        },
        {
            "id": 119,
            "form": "auto",
            "pos": "NOM",
            "lemma": "auto",
            "has_context": "false",
            "is_title": "false"
        },
        {
            "id": 120,
            "form": "più",
            "pos": "ADV",
            "lemma": "più",
            "has_context": "false",
            "is_title": "false"
        },
        {
            "id": 121,
            "form": "del",
            "pos": "PRE",
            "lemma": "del",
            "has_context": "false",
            "is_title": "false"
        },
        {
            "id": 122,
            "form": "necessario",
            "pos": "ADJ",
            "lemma": "necessario",
            "has_context": "true",
            "is_title": "false"
        },
        {
            "id": 123,
            "form": ".",
            "pos": "SENT",
            "lemma": ".",
            "has_context": "false",
            "is_title": "false"
        },
        {
            "id": 124,
            "form": "In",
            "pos": "PRE",
            "lemma": "in",
            "has_context": "false",
            "is_title": "false"
        },
        {
            "id": 125,
            "form": "aggiunta",
            "pos": "NOM",
            "lemma": "aggiunta",
            "has_context": "true",
            "is_title": "false"
        },
        {
            "id": 126,
            "form": ",",
            "pos": "PON",
            "lemma": ",",
            "has_context": "false",
            "is_title": "false"
        },
        {
            "id": 127,
            "form": "è",
            "pos": "VER",
            "lemma": "essere",
            "has_context": "false",
            "is_title": "false"
        },
        {
            "id": 128,
            "form": "cresciuto",
            "pos": "VER",
            "lemma": "crescere",
            "has_context": "true",
            "is_title": "false"
        },
        {
            "id": 129,
            "form": "anche",
            "pos": "CON",
            "lemma": "anche",
            "has_context": "false",
            "is_title": "false"
        },
        {
            "id": 130,
            "form": "il",
            "pos": "DET",
            "lemma": "il",
            "has_context": "false",
            "is_title": "false"
        },
        {
            "id": 131,
            "form": "numero",
            "pos": "NOM",
            "lemma": "numero",
            "has_context": "false",
            "is_title": "false"
        },
        {
            "id": 132,
            "form": "delle",
            "pos": "PRE",
            "lemma": "del",
            "has_context": "false",
            "is_title": "false"
        },
        {
            "id": 133,
            "form": "fabbriche",
            "pos": "NOM",
            "lemma": "fabbrica",
            "has_context": "false",
            "is_title": "false"
        },
        {
            "id": 134,
            "form": ":",
            "pos": "PON",
            "lemma": ":",
            "has_context": "false",
            "is_title": "false"
        },
        {
            "id": 135,
            "form": "i",
            "pos": "DET",
            "lemma": "il",
            "has_context": "false",
            "is_title": "false"
        },
        {
            "id": 136,
            "form": "gas",
            "pos": "NOM",
            "lemma": "gas",
            "has_context": "false",
            "is_title": "false"
        },
        {
            "id": 137,
            "form": "e",
            "pos": "CON",
            "lemma": "e",
            "has_context": "false",
            "is_title": "false"
        },
        {
            "id": 138,
            "form": "i",
            "pos": "DET",
            "lemma": "il",
            "has_context": "false",
            "is_title": "false"
        },
        {
            "id": 139,
            "form": "liquidi",
            "pos": "NOM",
            "lemma": "liquido",
            "has_context": "true",
            "is_title": "false"
        },
        {
            "id": 140,
            "form": "di",
            "pos": "PRE",
            "lemma": "di",
            "has_context": "false",
            "is_title": "false"
        },
        {
            "id": 141,
            "form": "scarico",
            "pos": "NOM",
            "lemma": "scarico",
            "has_context": "true",
            "is_title": "false"
        },
        {
            "id": 142,
            "form": "spesso",
            "pos": "ADV",
            "lemma": "spesso",
            "has_context": "false",
            "is_title": "false"
        },
        {
            "id": 143,
            "form": "vengono",
            "pos": "VER",
            "lemma": "venire",
            "has_context": "false",
            "is_title": "false"
        },
        {
            "id": 144,
            "form": "riversati",
            "pos": "VER",
            "lemma": "riversare",
            "has_context": "true",
            "is_title": "false"
        },
        {
            "id": 145,
            "form": "liberamente",
            "pos": "ADV",
            "lemma": "liberamente",
            "has_context": "true",
            "is_title": "false"
        },
        {
            "id": 146,
            "form": "nell’",
            "pos": "PRE",
            "lemma": "nel",
            "has_context": "false",
            "is_title": "false"
        },
        {
            "id": 147,
            "form": "aria",
            "pos": "NOM",
            "lemma": "aria",
            "has_context": "false",
            "is_title": "false"
        },
        {
            "id": 148,
            "form": "e",
            "pos": "CON",
            "lemma": "e",
            "has_context": "false",
            "is_title": "false"
        },
        {
            "id": 149,
            "form": "nell’",
            "pos": "PRE",
            "lemma": "nel",
            "has_context": "false",
            "is_title": "false"
        },
        {
            "id": 150,
            "form": "acqua",
            "pos": "NOM",
            "lemma": "acqua",
            "has_context": "false",
            "is_title": "false"
        },
        {
            "id": 151,
            "form": "e",
            "pos": "CON",
            "lemma": "e",
            "has_context": "false",
            "is_title": "false"
        },
        {
            "id": 152,
            "form": "contaminano",
            "pos": "VER",
            "lemma": "contaminare",
            "has_context": "true",
            "is_title": "false"
        },
        {
            "id": 153,
            "form": "le",
            "pos": "DET",
            "lemma": "il",
            "has_context": "false",
            "is_title": "false"
        },
        {
            "id": 154,
            "form": "falde",
            "pos": "NOM",
            "lemma": "falda",
            "has_context": "true",
            "is_title": "false"
        },
        {
            "id": 155,
            "form": "acquifere",
            "pos": "ADJ",
            "lemma": "acquifero",
            "has_context": "true",
            "is_title": "false"
        },
        {
            "id": 156,
            "form": "e",
            "pos": "CON",
            "lemma": "e",
            "has_context": "false",
            "is_title": "false"
        },
        {
            "id": 157,
            "form": "l’",
            "pos": "DET",
            "lemma": "il",
            "has_context": "false",
            "is_title": "false"
        },
        {
            "id": 158,
            "form": "atmosfera",
            "pos": "NOM",
            "lemma": "atmosfera",
            "has_context": "true",
            "is_title": "false"
        },
        {
            "id": 159,
            "form": ".",
            "pos": "SENT",
            "lemma": ".",
            "has_context": "false",
            "is_title": "false"
        },
        {
            "id": 160,
            "form": "A",
            "pos": "PRE",
            "lemma": "a",
            "has_context": "false",
            "is_title": "false"
        },
        {
            "id": 161,
            "form": "questo",
            "pos": "PRO",
            "lemma": "questo",
            "has_context": "false",
            "is_title": "false"
        },
        {
            "id": 162,
            "form": "dobbiamo",
            "pos": "VER",
            "lemma": "dovere",
            "has_context": "false",
            "is_title": "false"
        },
        {
            "id": 163,
            "form": "aggiungere",
            "pos": "VER",
            "lemma": "aggiungere",
            "has_context": "true",
            "is_title": "false"
        },
        {
            "id": 164,
            "form": "che",
            "pos": "CON",
            "lemma": "che",
            "has_context": "false",
            "is_title": "false"
        },
        {
            "id": 165,
            "form": "produciamo",
            "pos": "VER",
            "lemma": "produrre",
            "has_context": "true",
            "is_title": "false"
        },
        {
            "id": 166,
            "form": "sempre",
            "pos": "ADV",
            "lemma": "sempre",
            "has_context": "false",
            "is_title": "false"
        },
        {
            "id": 167,
            "form": "più",
            "pos": "ADV",
            "lemma": "più",
            "has_context": "false",
            "is_title": "false"
        },
        {
            "id": 168,
            "form": "rifiuti",
            "pos": "NOM",
            "lemma": "rifiuto",
            "has_context": "true",
            "is_title": "false"
        },
        {
            "id": 169,
            "form": "non",
            "pos": "ADV",
            "lemma": "non",
            "has_context": "false",
            "is_title": "false"
        },
        {
            "id": 170,
            "form": "riciclabili",
            "pos": "ADJ",
            "lemma": "riciclabile",
            "has_context": "true",
            "is_title": "false"
        },
        {
            "id": 171,
            "form": ".",
            "pos": "SENT",
            "lemma": ".",
            "has_context": "false",
            "is_title": "false"
        },
        {
            "id": 172,
            "form": "Le",
            "pos": "DET",
            "lemma": "il",
            "has_context": "false",
            "is_title": "false"
        },
        {
            "id": 173,
            "form": "conseguenze",
            "pos": "NOM",
            "lemma": "conseguenza",
            "has_context": "true",
            "is_title": "false"
        },
        {
            "id": 174,
            "form": "sono",
            "pos": "VER",
            "lemma": "essere",
            "has_context": "false",
            "is_title": "false"
        },
        {
            "id": 175,
            "form": "molto",
            "pos": "ADV",
            "lemma": "molto",
            "has_context": "false",
            "is_title": "false"
        },
        {
            "id": 176,
            "form": "gravi",
            "pos": "ADJ",
            "lemma": "grave",
            "has_context": "true",
            "is_title": "false"
        },
        {
            "id": 177,
            "form": "e",
            "pos": "CON",
            "lemma": "e",
            "has_context": "false",
            "is_title": "false"
        },
        {
            "id": 178,
            "form": "sotto",
            "pos": "ADJ",
            "lemma": "sotto",
            "has_context": "false",
            "is_title": "false"
        },
        {
            "id": 179,
            "form": "l’",
            "pos": "DET",
            "lemma": "il",
            "has_context": "false",
            "is_title": "false"
        },
        {
            "id": 180,
            "form": "occhio",
            "pos": "NOM",
            "lemma": "occhio",
            "has_context": "false",
            "is_title": "false"
        },
        {
            "id": 181,
            "form": "di",
            "pos": "PRE",
            "lemma": "di",
            "has_context": "false",
            "is_title": "false"
        },
        {
            "id": 182,
            "form": "tutti",
            "pos": "PRO",
            "lemma": "tutto",
            "has_context": "false",
            "is_title": "false"
        },
        {
            "id": 183,
            "form": ".",
            "pos": "SENT",
            "lemma": ".",
            "has_context": "false",
            "is_title": "false"
        },
        {
            "id": 184,
            "form": "Infatti",
            "pos": "CON",
            "lemma": "infatti",
            "has_context": "false",
            "is_title": "false"
        },
        {
            "id": 185,
            "form": "l’",
            "pos": "DET",
            "lemma": "il",
            "has_context": "false",
            "is_title": "false"
        },
        {
            "id": 186,
            "form": "inquinamento",
            "pos": "NOM",
            "lemma": "inquinamento",
            "has_context": "true",
            "is_title": "false"
        },
        {
            "id": 187,
            "form": "dell’",
            "pos": "PRE",
            "lemma": "del",
            "has_context": "false",
            "is_title": "false"
        },
        {
            "id": 188,
            "form": "aria",
            "pos": "NOM",
            "lemma": "aria",
            "has_context": "false",
            "is_title": "false"
        },
        {
            "id": 189,
            "form": "e",
            "pos": "CON",
            "lemma": "e",
            "has_context": "false",
            "is_title": "false"
        },
        {
            "id": 190,
            "form": "dell’",
            "pos": "PRE",
            "lemma": "del",
            "has_context": "false",
            "is_title": "false"
        },
        {
            "id": 191,
            "form": "acqua",
            "pos": "NOM",
            "lemma": "acqua",
            "has_context": "false",
            "is_title": "false"
        },
        {
            "id": 192,
            "form": "minaccia",
            "pos": "VER",
            "lemma": "minacciare",
            "has_context": "true",
            "is_title": "false"
        },
        {
            "id": 193,
            "form": "molte",
            "pos": "ADJ",
            "lemma": "molto",
            "has_context": "false",
            "is_title": "false"
        },
        {
            "id": 194,
            "form": "specie",
            "pos": "NOM",
            "lemma": "specie",
            "has_context": "true",
            "is_title": "false"
        },
        {
            "id": 195,
            "form": "animali",
            "pos": "ADJ",
            "lemma": "animale",
            "has_context": "false",
            "is_title": "false"
        },
        {
            "id": 196,
            "form": "e",
            "pos": "CON",
            "lemma": "e",
            "has_context": "false",
            "is_title": "false"
        },
        {
            "id": 197,
            "form": "vegetali",
            "pos": "ADJ",
            "lemma": "vegetale",
            "has_context": "true",
            "is_title": "false"
        },
        {
            "id": 198,
            "form": "che",
            "pos": "PRO",
            "lemma": "che",
            "has_context": "false",
            "is_title": "false"
        },
        {
            "id": 199,
            "form": "rischiano",
            "pos": "VER",
            "lemma": "rischiare",
            "has_context": "true",
            "is_title": "false"
        },
        {
            "id": 200,
            "form": "l’",
            "pos": "DET",
            "lemma": "il",
            "has_context": "false",
            "is_title": "false"
        },
        {
            "id": 201,
            "form": "estinzione",
            "pos": "NOM",
            "lemma": "estinzione",
            "has_context": "true",
            "is_title": "false"
        },
        {
            "id": 202,
            "form": ".",
            "pos": "SENT",
            "lemma": ".",
            "has_context": "false",
            "is_title": "false"
        },
        {
            "id": 203,
            "form": "In",
            "pos": "PRE",
            "lemma": "in",
            "has_context": "false",
            "is_title": "false"
        },
        {
            "id": 204,
            "form": "più",
            "pos": "ADV",
            "lemma": "più",
            "has_context": "false",
            "is_title": "false"
        },
        {
            "id": 205,
            "form": ",",
            "pos": "PON",
            "lemma": ",",
            "has_context": "false",
            "is_title": "false"
        },
        {
            "id": 206,
            "form": "l’",
            "pos": "DE",
            "lemma": "il",
            "has_context": "false",
            "is_title": "false"
        },
        {
            "id": 207,
            "form": "emissione",
            "pos": "NOM",
            "lemma": "emissione",
            "has_context": "true",
            "is_title": "false"
        },
        {
            "id": 208,
            "form": "di",
            "pos": "PRE",
            "lemma": "di",
            "has_context": "false",
            "is_title": "false"
        },
        {
            "id": 209,
            "form": "gas",
            "pos": "NOM",
            "lemma": "gas",
            "has_context": "false",
            "is_title": "false"
        },
        {
            "id": 210,
            "form": "aumenta",
            "pos": "VER",
            "lemma": "aumentare",
            "has_context": "true",
            "is_title": "false"
        },
        {
            "id": 211,
            "form": "l’",
            "pos": "DET",
            "lemma": "il",
            "has_context": "false",
            "is_title": "false"
        },
        {
            "id": 212,
            "form": "effetto",
            "pos": "NOM",
            "lemma": "effetto",
            "has_context": "true",
            "is_title": "false"
        },
        {
            "id": 213,
            "form": "serra",
            "pos": "NOM",
            "lemma": "serra",
            "has_context": "true",
            "is_title": "false"
        },
        {
            "id": 214,
            "form": ".",
            "pos": "SENT",
            "lemma": ".",
            "has_context": "false",
            "is_title": "false"
        },
        {
            "id": 215,
            "form": "Quest’",
            "pos": "PRO",
            "lemma": "questo",
            "has_context": "false",
            "is_title": "false"
        },
        {
            "id": 216,
            "form": "ultimo",
            "pos": "ADJ",
            "lemma": "ultimo",
            "has_context": "false",
            "is_title": "false"
        },
        {
            "id": 217,
            "form": "comporta",
            "pos": "VER",
            "lemma": "comportare",
            "has_context": "true",
            "is_title": "false"
        },
        {
            "id": 218,
            "form": "l’",
            "pos": "DET",
            "lemma": "il",
            "has_context": "false",
            "is_title": "false"
        },
        {
            "id": 219,
            "form": "aumento",
            "pos": "NOM",
            "lemma": "aumento",
            "has_context": "true",
            "is_title": "false"
        },
        {
            "id": 220,
            "form": "delle",
            "pos": "PRE",
            "lemma": "del",
            "has_context": "false",
            "is_title": "false"
        },
        {
            "id": 221,
            "form": "temperature",
            "pos": "NOM",
            "lemma": "temperatura",
            "has_context": "false",
            "is_title": "false"
        },
        {
            "id": 222,
            "form": "e",
            "pos": "CON",
            "lemma": "e",
            "has_context": "false",
            "is_title": "false"
        },
        {
            "id": 223,
            "form": "lo",
            "pos": "DET",
            "lemma": "il",
            "has_context": "false",
            "is_title": "false"
        },
        {
            "id": 224,
            "form": "scioglimento",
            "pos": "NOM",
            "lemma": "scioglimento",
            "has_context": "true",
            "is_title": "false"
        },
        {
            "id": 225,
            "form": "dei",
            "pos": "PRE",
            "lemma": "del",
            "has_context": "false",
            "is_title": "false"
        },
        {
            "id": 226,
            "form": "ghiacciai",
            "pos": "NOM",
            "lemma": "ghiacciaio",
            "has_context": "true",
            "is_title": "false"
        },
        {
            "id": 227,
            "form": ".",
            "pos": "SENT",
            "lemma": ".",
            "has_context": "false",
            "is_title": "false"
        },
        {
            "id": 228,
            "form": "Per",
            "pos": "PRE",
            "lemma": "per",
            "has_context": "false",
            "is_title": "false"
        },
        {
            "id": 229,
            "form": "fermare",
            "pos": "VER",
            "lemma": "fermare",
            "has_context": "true",
            "is_title": "false"
        },
        {
            "id": 230,
            "form": "questo",
            "pos": "ADJ",
            "lemma": "questo",
            "has_context": "false",
            "is_title": "false"
        },
        {
            "id": 231,
            "form": "problema",
            "pos": "NOM",
            "lemma": "problema",
            "has_context": "false",
            "is_title": "false"
        },
        {
            "id": 232,
            "form": "che",
            "pos": "PRO",
            "lemma": "che",
            "has_context": "false",
            "is_title": "false"
        },
        {
            "id": 233,
            "form": "riguarda",
            "pos": "VER",
            "lemma": "riguardare",
            "has_context": "true",
            "is_title": "false"
        },
        {
            "id": 234,
            "form": "tutti",
            "pos": "ADJ",
            "lemma": "tutto",
            "has_context": "false",
            "is_title": "false"
        },
        {
            "id": 235,
            "form": "noi",
            "pos": "PRO",
            "lemma": "noi",
            "has_context": "false",
            "is_title": "false"
        },
        {
            "id": 236,
            "form": "occorre",
            "pos": "VER",
            "lemma": "occorrere",
            "has_context": "true",
            "is_title": "false"
        },
        {
            "id": 237,
            "form": "un",
            "pos": "DET",
            "lemma": "un",
            "has_context": "false",
            "is_title": "false"
        },
        {
            "id": 238,
            "form": "maggiore",
            "pos": "ADJ",
            "lemma": "maggiore",
            "has_context": "true",
            "is_title": "false"
        },
        {
            "id": 239,
            "form": "rispetto",
            "pos": "NOM",
            "lemma": "rispetto",
            "has_context": "true",
            "is_title": "false"
        },
        {
            "id": 240,
            "form": "per",
            "pos": "PRE",
            "lemma": "per",
            "has_context": "false",
            "is_title": "false"
        },
        {
            "id": 241,
            "form": "il",
            "pos": "DET",
            "lemma": "il",
            "has_context": "false",
            "is_title": "false"
        },
        {
            "id": 242,
            "form": "nostro",
            "pos": "ADJ",
            "lemma": "nostro",
            "has_context": "false",
            "is_title": "false"
        },
        {
            "id": 243,
            "form": "pianeta",
            "pos": "NOM",
            "lemma": "pianeta",
            "has_context": "true",
            "is_title": "false"
        },
        {
            "id": 244,
            "form": ".",
            "pos": "SENT",
            "lemma": ".",
            "has_context": "false",
            "is_title": "false"
        }
    ]
