    [
        {
            "id": 1,
            "form": "Leggende",
            "pos": "NOM",
            "lemma": "leggenda",
            "has_context": "true",
            "is_title": "true"
        },
        {
            "id": 2,
            "form": "metropolitane",
            "pos": "ADJ",
            "lemma": "metropolitano",
            "has_context": "true",
            "is_title": "true"
        },
        {
            "id": 3,
            "form": "Si",
            "pos": "PRO",
            "lemma": "si",
            "has_context": "false",
            "is_title": "false"
        },
        {
            "id": 4,
            "form": "crede",
            "pos": "VER",
            "lemma": "credere",
            "has_context": "false",
            "is_title": "false"
        },
        {
            "id": 5,
            "form": "che",
            "pos": "CON",
            "lemma": "che",
            "has_context": "false",
            "is_title": "false"
        },
        {
            "id": 6,
            "form": "le",
            "pos": "DET",
            "lemma": "il",
            "has_context": "false",
            "is_title": "false"
        },
        {
            "id": 7,
            "form": "leggende",
            "pos": "NOM",
            "lemma": "leggenda",
            "has_context": "true",
            "is_title": "false"
        },
        {
            "id": 8,
            "form": "metropolitane",
            "pos": "ADJ",
            "lemma": "metropolitano",
            "has_context": "true",
            "is_title": "false"
        },
        {
            "id": 9,
            "form": "siano",
            "pos": "VER",
            "lemma": "essere",
            "has_context": "false",
            "is_title": "false"
        },
        {
            "id": 10,
            "form": "storie",
            "pos": "NOM",
            "lemma": "storia",
            "has_context": "false",
            "is_title": "false"
        },
        {
            "id": 11,
            "form": "che",
            "pos": "PRO",
            "lemma": "che",
            "has_context": "false",
            "is_title": "false"
        },
        {
            "id": 12,
            "form": "si",
            "pos": "PRO",
            "lemma": "si",
            "has_context": "false",
            "is_title": "false"
        },
        {
            "id": 13,
            "form": "raccontano",
            "pos": "VER",
            "lemma": "raccontare",
            "has_context": "true",
            "is_title": "false"
        },
        {
            "id": 14,
            "form": "solo",
            "pos": "ADV",
            "lemma": "solo",
            "has_context": "false",
            "is_title": "false"
        },
        {
            "id": 15,
            "form": "per",
            "pos": "PRE",
            "lemma": "per",
            "has_context": "false",
            "is_title": "false"
        },
        {
            "id": 16,
            "form": "spaventare",
            "pos": "VER",
            "lemma": "spaventare",
            "has_context": "true",
            "is_title": "false"
        },
        {
            "id": 17,
            "form": "le",
            "pos": "DET",
            "lemma": "il",
            "has_context": "false",
            "is_title": "false"
        },
        {
            "id": 18,
            "form": "persone",
            "pos": "NOM",
            "lemma": "persona",
            "has_context": "false",
            "is_title": "false"
        },
        {
            "id": 19,
            "form": "e",
            "pos": "CON",
            "lemma": "e",
            "has_context": "false",
            "is_title": "false"
        },
        {
            "id": 20,
            "form": "che",
            "pos": "CON",
            "lemma": "che",
            "has_context": "false",
            "is_title": "false"
        },
        {
            "id": 21,
            "form": "non",
            "pos": "ADV",
            "lemma": "non",
            "has_context": "false",
            "is_title": "false"
        },
        {
            "id": 22,
            "form": "abbiano",
            "pos": "VER",
            "lemma": "avere",
            "has_context": "false",
            "is_title": "false"
        },
        {
            "id": 23,
            "form": "nessun",
            "pos": "PRO",
            "lemma": "nessun",
            "has_context": "false",
            "is_title": "false"
        },
        {
            "id": 24,
            "form": "fondo",
            "pos": "NOM",
            "lemma": "fondo",
            "has_context": "true",
            "is_title": "false"
        },
        {
            "id": 25,
            "form": "di",
            "pos": "PRE",
            "lemma": "di",
            "has_context": "false",
            "is_title": "false"
        },
        {
            "id": 26,
            "form": "verità",
            "pos": "NOM",
            "lemma": "verità",
            "has_context": "true",
            "is_title": "false"
        },
        {
            "id": 27,
            "form": ".",
            "pos": "SENT",
            "lemma": ".",
            "has_context": "false",
            "is_title": "false"
        },
        {
            "id": 28,
            "form": "In",
            "pos": "PRE",
            "lemma": "in",
            "has_context": "false",
            "is_title": "false"
        },
        {
            "id": 29,
            "form": "realtà",
            "pos": "NOM",
            "lemma": "realtà",
            "has_context": "true",
            "is_title": "false"
        },
        {
            "id": 30,
            "form": ",",
            "pos": "PON",
            "lemma": ",",
            "has_context": "false",
            "is_title": "false"
        },
        {
            "id": 31,
            "form": "però",
            "pos": "CON",
            "lemma": "però",
            "has_context": "false",
            "is_title": "false"
        },
        {
            "id": 32,
            "form": ",",
            "pos": "PON",
            "lemma": ",",
            "has_context": "false",
            "is_title": "false"
        },
        {
            "id": 33,
            "form": "non",
            "pos": "ADV",
            "lemma": "non",
            "has_context": "false",
            "is_title": "false"
        },
        {
            "id": 34,
            "form": "è",
            "pos": "VER",
            "lemma": "essere",
            "has_context": "false",
            "is_title": "false"
        },
        {
            "id": 35,
            "form": "sempre",
            "pos": "ADV",
            "lemma": "sempre",
            "has_context": "false",
            "is_title": "false"
        },
        {
            "id": 36,
            "form": "così",
            "pos": "ADV",
            "lemma": "così",
            "has_context": "false",
            "is_title": "false"
        },
        {
            "id": 37,
            "form": ".",
            "pos": "SENT",
            "lemma": ".",
            "has_context": "false",
            "is_title": "false"
        },
        {
            "id": 38,
            "form": "Spesso",
            "pos": "ADV",
            "lemma": "spesso",
            "has_context": "false",
            "is_title": "false"
        },
        {
            "id": 39,
            "form": "le",
            "pos": "DET",
            "lemma": "il",
            "has_context": "false",
            "is_title": "false"
        },
        {
            "id": 40,
            "form": "leggende",
            "pos": "NOM",
            "lemma": "leggenda",
            "has_context": "true",
            "is_title": "false"
        },
        {
            "id": 41,
            "form": "metropolitane",
            "pos": "ADJ",
            "lemma": "metropolitano",
            "has_context": "true",
            "is_title": "false"
        },
        {
            "id": 42,
            "form": "si",
            "pos": "PRO",
            "lemma": "si",
            "has_context": "false",
            "is_title": "false"
        },
        {
            "id": 43,
            "form": "basano",
            "pos": "VER",
            "lemma": "basare",
            "has_context": "true",
            "is_title": "false"
        },
        {
            "id": 44,
            "form": "su",
            "pos": "PRE",
            "lemma": "su",
            "has_context": "false",
            "is_title": "false"
        },
        {
            "id": 45,
            "form": "fatti",
            "pos": "NOM",
            "lemma": "fatto",
            "has_context": "true",
            "is_title": "false"
        },
        {
            "id": 46,
            "form": "reali",
            "pos": "ADJ",
            "lemma": "reale",
            "has_context": "true",
            "is_title": "false"
        },
        {
            "id": 47,
            "form": ".",
            "pos": "SENT",
            "lemma": ".",
            "has_context": "false",
            "is_title": "false"
        },
        {
            "id": 48,
            "form": "A",
            "pos": "PRE",
            "lemma": "a",
            "has_context": "false",
            "is_title": "false"
        },
        {
            "id": 49,
            "form": "questo",
            "pos": "ADJ",
            "lemma": "questo",
            "has_context": "false",
            "is_title": "false"
        },
        {
            "id": 50,
            "form": "proposito",
            "pos": "NOM",
            "lemma": "proposito",
            "has_context": "true",
            "is_title": "false"
        },
        {
            "id": 51,
            "form": ",",
            "pos": "PON",
            "lemma": ",",
            "has_context": "false",
            "is_title": "false"
        },
        {
            "id": 52,
            "form": "si",
            "pos": "PRO",
            "lemma": "si",
            "has_context": "false",
            "is_title": "false"
        },
        {
            "id": 53,
            "form": "pensa",
            "pos": "VER",
            "lemma": "pensare",
            "has_context": "false",
            "is_title": "false"
        },
        {
            "id": 54,
            "form": "che",
            "pos": "CON",
            "lemma": "che",
            "has_context": "false",
            "is_title": "false"
        },
        {
            "id": 55,
            "form": "una",
            "pos": "DET",
            "lemma": "una",
            "has_context": "false",
            "is_title": "false"
        },
        {
            "id": 56,
            "form": "leggenda",
            "pos": "NOM",
            "lemma": "leggenda",
            "has_context": "true",
            "is_title": "false"
        },
        {
            "id": 57,
            "form": "metropolitana",
            "pos": "ADJ",
            "lemma": "metropolitano",
            "has_context": "true",
            "is_title": "false"
        },
        {
            "id": 58,
            "form": "si",
            "pos": "PRO",
            "lemma": "si",
            "has_context": "false",
            "is_title": "false"
        },
        {
            "id": 59,
            "form": "crei",
            "pos": "VER",
            "lemma": "creare",
            "has_context": "true",
            "is_title": "false"
        },
        {
            "id": 60,
            "form": "quando",
            "pos": "CON",
            "lemma": "quando",
            "has_context": "false",
            "is_title": "false"
        },
        {
            "id": 61,
            "form": "avviene",
            "pos": "VER",
            "lemma": "avvenire",
            "has_context": "true",
            "is_title": "false"
        },
        {
            "id": 62,
            "form": "un",
            "pos": "DET",
            "lemma": "un",
            "has_context": "false",
            "is_title": "false"
        },
        {
            "id": 63,
            "form": "evento",
            "pos": "NOM",
            "lemma": "evento",
            "has_context": "true",
            "is_title": "false"
        },
        {
            "id": 64,
            "form": "strano",
            "pos": "ADJ",
            "lemma": "strano",
            "has_context": "false",
            "is_title": "false"
        },
        {
            "id": 65,
            "form": "o",
            "pos": "CON",
            "lemma": "o",
            "has_context": "false",
            "is_title": "false"
        },
        {
            "id": 66,
            "form": "raro",
            "pos": "ADJ",
            "lemma": "raro",
            "has_context": "true",
            "is_title": "false"
        },
        {
            "id": 67,
            "form": ".",
            "pos": "SENT",
            "lemma": ".",
            "has_context": "false",
            "is_title": "false"
        },
        {
            "id": 68,
            "form": "Allora",
            "pos": "CON",
            "lemma": "allora",
            "has_context": "false",
            "is_title": "false"
        },
        {
            "id": 69,
            "form": "le",
            "pos": "DET",
            "lemma": "il",
            "has_context": "false",
            "is_title": "false"
        },
        {
            "id": 70,
            "form": "persone",
            "pos": "NOM",
            "lemma": "persona",
            "has_context": "false",
            "is_title": "false"
        },
        {
            "id": 71,
            "form": "che",
            "pos": "PRO",
            "lemma": "che",
            "has_context": "false",
            "is_title": "false"
        },
        {
            "id": 72,
            "form": "erano",
            "pos": "VER",
            "lemma": "essere",
            "has_context": "false",
            "is_title": "false"
        },
        {
            "id": 73,
            "form": "presenti",
            "pos": "ADJ",
            "lemma": "presente",
            "has_context": "true",
            "is_title": "false"
        },
        {
            "id": 74,
            "form": "raccontano",
            "pos": "VER",
            "lemma": "raccontare",
            "has_context": "true",
            "is_title": "false"
        },
        {
            "id": 75,
            "form": "ad",
            "pos": "PRE",
            "lemma": "ad",
            "has_context": "false",
            "is_title": "false"
        },
        {
            "id": 76,
            "form": "altri",
            "pos": "PRO",
            "lemma": "altro",
            "has_context": "false",
            "is_title": "false"
        },
        {
            "id": 77,
            "form": "cosa",
            "pos": "PRO",
            "lemma": "cosa",
            "has_context": "false",
            "is_title": "false"
        },
        {
            "id": 78,
            "form": "è",
            "pos": "VER",
            "lemma": "essere",
            "has_context": "false",
            "is_title": "false"
        },
        {
            "id": 79,
            "form": "successo",
            "pos": "VER",
            "lemma": "succedere",
            "has_context": "false",
            "is_title": "false"
        },
        {
            "id": 80,
            "form": ",",
            "pos": "PON",
            "lemma": ",",
            "has_context": "false",
            "is_title": "false"
        },
        {
            "id": 81,
            "form": "e",
            "pos": "CON",
            "lemma": "e",
            "has_context": "false",
            "is_title": "false"
        },
        {
            "id": 82,
            "form": "gli",
            "pos": "DET",
            "lemma": "il",
            "has_context": "false",
            "is_title": "false"
        },
        {
            "id": 83,
            "form": "altri",
            "pos": "PRO",
            "lemma": "altro",
            "has_context": "false",
            "is_title": "false"
        },
        {
            "id": 84,
            "form": "lo",
            "pos": "PRO",
            "lemma": "lo",
            "has_context": "false",
            "is_title": "false"
        },
        {
            "id": 85,
            "form": "raccontano",
            "pos": "VER",
            "lemma": "raccontare",
            "has_context": "true",
            "is_title": "false"
        },
        {
            "id": 86,
            "form": "ad",
            "pos": "PRE",
            "lemma": "ad",
            "has_context": "false",
            "is_title": "false"
        },
        {
            "id": 87,
            "form": "altri",
            "pos": "PRO",
            "lemma": "altro",
            "has_context": "false",
            "is_title": "false"
        },
        {
            "id": 88,
            "form": "ancora",
            "pos": "ADV",
            "lemma": "ancora",
            "has_context": "false",
            "is_title": "false"
        },
        {
            "id": 89,
            "form": ".",
            "pos": "SENT",
            "lemma": ".",
            "has_context": "false",
            "is_title": "false"
        },
        {
            "id": 90,
            "form": "Ogni",
            "pos": "ADJ",
            "lemma": "ogni",
            "has_context": "false",
            "is_title": "false"
        },
        {
            "id": 91,
            "form": "volta",
            "pos": "NOM",
            "lemma": "volta",
            "has_context": "false",
            "is_title": "false"
        },
        {
            "id": 92,
            "form": "che",
            "pos": "CON",
            "lemma": "che",
            "has_context": "false",
            "is_title": "false"
        },
        {
            "id": 93,
            "form": "la",
            "pos": "DET",
            "lemma": "il",
            "has_context": "false",
            "is_title": "false"
        },
        {
            "id": 94,
            "form": "storia",
            "pos": "NOM",
            "lemma": "storia",
            "has_context": "false",
            "is_title": "false"
        },
        {
            "id": 95,
            "form": "viene",
            "pos": "VER",
            "lemma": "venire",
            "has_context": "false",
            "is_title": "false"
        },
        {
            "id": 96,
            "form": "raccontata",
            "pos": "VER",
            "lemma": "raccontare",
            "has_context": "true",
            "is_title": "false"
        },
        {
            "id": 97,
            "form": "si",
            "pos": "PRO",
            "lemma": "si",
            "has_context": "false",
            "is_title": "false"
        },
        {
            "id": 98,
            "form": "aggiunge",
            "pos": "VER",
            "lemma": "aggiungere",
            "has_context": "true",
            "is_title": "false"
        },
        {
            "id": 99,
            "form": "un",
            "pos": "DET",
            "lemma": "un",
            "has_context": "false",
            "is_title": "false"
        },
        {
            "id": 100,
            "form": "particolare",
            "pos": "NOM",
            "lemma": "particolare",
            "has_context": "true",
            "is_title": "false"
        },
        {
            "id": 101,
            "form": "nuovo",
            "pos": "ADJ",
            "lemma": "nuovo",
            "has_context": "false",
            "is_title": "false"
        },
        {
            "id": 102,
            "form": "e",
            "pos": "CON",
            "lemma": "e",
            "has_context": "false",
            "is_title": "false"
        },
        {
            "id": 103,
            "form": "inventato",
            "pos": "ADJ",
            "lemma": "inventato",
            "has_context": "true",
            "is_title": "false"
        },
        {
            "id": 104,
            "form": ",",
            "pos": "PON",
            "lemma": ",",
            "has_context": "false",
            "is_title": "false"
        },
        {
            "id": 105,
            "form": "quindi",
            "pos": "CON",
            "lemma": "quindi",
            "has_context": "false",
            "is_title": "false"
        },
        {
            "id": 106,
            "form": "così",
            "pos": "ADV",
            "lemma": "così",
            "has_context": "false",
            "is_title": "false"
        },
        {
            "id": 107,
            "form": "si",
            "pos": "PRO",
            "lemma": "si",
            "has_context": "false",
            "is_title": "false"
        },
        {
            "id": 108,
            "form": "creano",
            "pos": "VER",
            "lemma": "creare",
            "has_context": "true",
            "is_title": "false"
        },
        {
            "id": 109,
            "form": "storie",
            "pos": "NOM",
            "lemma": "storia",
            "has_context": "false",
            "is_title": "false"
        },
        {
            "id": 110,
            "form": "incredibili",
            "pos": "ADJ",
            "lemma": "incredibile",
            "has_context": "true",
            "is_title": "false"
        },
        {
            "id": 111,
            "form": "e",
            "pos": "CON",
            "lemma": "e",
            "has_context": "false",
            "is_title": "false"
        },
        {
            "id": 112,
            "form": "fantasiose",
            "pos": "ADJ",
            "lemma": "fantasioso",
            "has_context": "true",
            "is_title": "false"
        },
        {
            "id": 113,
            "form": ".",
            "pos": "SENT",
            "lemma": ".",
            "has_context": "false",
            "is_title": "false"
        },
        {
            "id": 114,
            "form": "Ad",
            "pos": "PRE",
            "lemma": "ad",
            "has_context": "false",
            "is_title": "false"
        },
        {
            "id": 115,
            "form": "esempio",
            "pos": "NOM",
            "lemma": "esempio",
            "has_context": "false",
            "is_title": "false"
        },
        {
            "id": 116,
            "form": ",",
            "pos": "PON",
            "lemma": ",",
            "has_context": "false",
            "is_title": "false"
        },
        {
            "id": 117,
            "form": "in",
            "pos": "PRE",
            "lemma": "in",
            "has_context": "false",
            "is_title": "false"
        },
        {
            "id": 118,
            "form": "America",
            "pos": "NPR",
            "lemma": "America",
            "has_context": "false",
            "is_title": "false"
        },
        {
            "id": 119,
            "form": "si",
            "pos": "PRO",
            "lemma": "si",
            "has_context": "false",
            "is_title": "false"
        },
        {
            "id": 120,
            "form": "racconta",
            "pos": "VER",
            "lemma": "raccontare",
            "has_context": "true",
            "is_title": "false"
        },
        {
            "id": 121,
            "form": "che",
            "pos": "CON",
            "lemma": "che",
            "has_context": "false",
            "is_title": "false"
        },
        {
            "id": 122,
            "form": "i",
            "pos": "DET",
            "lemma": "il",
            "has_context": "false",
            "is_title": "false"
        },
        {
            "id": 123,
            "form": "coccodrilli",
            "pos": "NOM",
            "lemma": "coccodrillo",
            "has_context": "true",
            "is_title": "false"
        },
        {
            "id": 124,
            "form": "vivano",
            "pos": "VER",
            "lemma": "vivere",
            "has_context": "false",
            "is_title": "false"
        },
        {
            "id": 125,
            "form": "nelle",
            "pos": "PRE",
            "lemma": "nel",
            "has_context": "false",
            "is_title": "false"
        },
        {
            "id": 126,
            "form": "fogne",
            "pos": "NOM",
            "lemma": "fogna",
            "has_context": "true",
            "is_title": "false"
        },
        {
            "id": 127,
            "form": "della",
            "pos": "PRE",
            "lemma": "del",
            "has_context": "false",
            "is_title": "false"
        },
        {
            "id": 128,
            "form": "città",
            "pos": "NOM",
            "lemma": "città",
            "has_context": "false",
            "is_title": "false"
        },
        {
            "id": 129,
            "form": "di",
            "pos": "PRE",
            "lemma": "di",
            "has_context": "false",
            "is_title": "false"
        },
        {
            "id": 130,
            "form": "New",
            "pos": "NPR",
            "lemma": "New",
            "has_context": "false",
            "is_title": "false"
        },
        {
            "id": 131,
            "form": "York",
            "pos": "NPR",
            "lemma": "York",
            "has_context": "false",
            "is_title": "false"
        },
        {
            "id": 132,
            "form": "e",
            "pos": "CON",
            "lemma": "e",
            "has_context": "false",
            "is_title": "false"
        },
        {
            "id": 133,
            "form": "che",
            "pos": "CON",
            "lemma": "che",
            "has_context": "false",
            "is_title": "false"
        },
        {
            "id": 134,
            "form": "a",
            "pos": "PRE",
            "lemma": "a",
            "has_context": "false",
            "is_title": "false"
        },
        {
            "id": 135,
            "form": "volte",
            "pos": "NOM",
            "lemma": "volta",
            "has_context": "false",
            "is_title": "false"
        },
        {
            "id": 136,
            "form": "risalgano",
            "pos": "VER",
            "lemma": "risalire",
            "has_context": "true",
            "is_title": "false"
        },
        {
            "id": 137,
            "form": "le",
            "pos": "DET",
            "lemma": "il",
            "has_context": "false",
            "is_title": "false"
        },
        {
            "id": 138,
            "form": "tubature",
            "pos": "NOM",
            "lemma": "tubatura",
            "has_context": "true",
            "is_title": "false"
        },
        {
            "id": 139,
            "form": "ed",
            "pos": "CON",
            "lemma": "ed",
            "has_context": "false",
            "is_title": "false"
        },
        {
            "id": 140,
            "form": "entrino",
            "pos": "VER",
            "lemma": "entrare",
            "has_context": "false",
            "is_title": "false"
        },
        {
            "id": 141,
            "form": "in",
            "pos": "PRE",
            "lemma": "in",
            "has_context": "false",
            "is_title": "false"
        },
        {
            "id": 142,
            "form": "casa",
            "pos": "NOM",
            "lemma": "casa",
            "has_context": "false",
            "is_title": "false"
        },
        {
            "id": 143,
            "form": "della",
            "pos": "PRE",
            "lemma": "del",
            "has_context": "false",
            "is_title": "false"
        },
        {
            "id": 144,
            "form": "gente",
            "pos": "NOM",
            "lemma": "gente",
            "has_context": "true",
            "is_title": "false"
        },
        {
            "id": 145,
            "form": ".",
            "pos": "SENT",
            "lemma": ".",
            "has_context": "false",
            "is_title": "false"
        },
        {
            "id": 146,
            "form": "Ovviamente",
            "pos": "ADV",
            "lemma": "ovviamente",
            "has_context": "true",
            "is_title": "false"
        },
        {
            "id": 147,
            "form": "nessuno",
            "pos": "PRO",
            "lemma": "nessuno",
            "has_context": "false",
            "is_title": "false"
        },
        {
            "id": 148,
            "form": "crede",
            "pos": "VER",
            "lemma": "credere",
            "has_context": "false",
            "is_title": "false"
        },
        {
            "id": 149,
            "form": "che",
            "pos": "CON",
            "lemma": "che",
            "has_context": "false",
            "is_title": "false"
        },
        {
            "id": 150,
            "form": "questo",
            "pos": "PRO",
            "lemma": "questo",
            "has_context": "false",
            "is_title": "false"
        },
        {
            "id": 151,
            "form": "sia",
            "pos": "CON",
            "lemma": "sia",
            "has_context": "false",
            "is_title": "false"
        },
        {
            "id": 152,
            "form": "vero",
            "pos": "ADJ",
            "lemma": "vero",
            "has_context": "false",
            "is_title": "false"
        },
        {
            "id": 153,
            "form": ".",
            "pos": "SENT",
            "lemma": ".",
            "has_context": "false",
            "is_title": "false"
        },
        {
            "id": 154,
            "form": "Però",
            "pos": "CON",
            "lemma": "però",
            "has_context": "false",
            "is_title": "false"
        },
        {
            "id": 155,
            "form": "si",
            "pos": "PRO",
            "lemma": "si",
            "has_context": "false",
            "is_title": "false"
        },
        {
            "id": 156,
            "form": "ritiene",
            "pos": "VER",
            "lemma": "ritenere",
            "has_context": "true",
            "is_title": "false"
        },
        {
            "id": 157,
            "form": "che",
            "pos": "CON",
            "lemma": "che",
            "has_context": "false",
            "is_title": "false"
        },
        {
            "id": 158,
            "form": "in",
            "pos": "PRE",
            "lemma": "in",
            "has_context": "false",
            "is_title": "false"
        },
        {
            "id": 159,
            "form": "passato",
            "pos": "NOM",
            "lemma": "passato",
            "has_context": "false",
            "is_title": "false"
        },
        {
            "id": 160,
            "form": "qualcuno",
            "pos": "PRO",
            "lemma": "qualcuno",
            "has_context": "false",
            "is_title": "false"
        },
        {
            "id": 161,
            "form": "abbia",
            "pos": "VER",
            "lemma": "avere",
            "has_context": "false",
            "is_title": "false"
        },
        {
            "id": 162,
            "form": "trovato",
            "pos": "VER",
            "lemma": "trovare",
            "has_context": "false",
            "is_title": "false"
        },
        {
            "id": 163,
            "form": "un",
            "pos": "DET",
            "lemma": "un",
            "has_context": "false",
            "is_title": "false"
        },
        {
            "id": 164,
            "form": "piccolo",
            "pos": "ADJ",
            "lemma": "piccolo",
            "has_context": "false",
            "is_title": "false"
        },
        {
            "id": 165,
            "form": "alligatore",
            "pos": "NOM",
            "lemma": "alligatore",
            "has_context": "true",
            "is_title": "false"
        },
        {
            "id": 166,
            "form": "in",
            "pos": "PRE",
            "lemma": "in",
            "has_context": "false",
            "is_title": "false"
        },
        {
            "id": 167,
            "form": "città",
            "pos": "NOM",
            "lemma": "città",
            "has_context": "false",
            "is_title": "false"
        },
        {
            "id": 168,
            "form": "e",
            "pos": "CON",
            "lemma": "e",
            "has_context": "false",
            "is_title": "false"
        },
        {
            "id": 169,
            "form": "che",
            "pos": "CON",
            "lemma": "che",
            "has_context": "false",
            "is_title": "false"
        },
        {
            "id": 170,
            "form": "da",
            "pos": "PRE",
            "lemma": "da",
            "has_context": "false",
            "is_title": "false"
        },
        {
            "id": 171,
            "form": "lì",
            "pos": "ADV",
            "lemma": "lì",
            "has_context": "false",
            "is_title": "false"
        },
        {
            "id": 172,
            "form": "si",
            "pos": "PRO",
            "lemma": "si",
            "has_context": "false",
            "is_title": "false"
        },
        {
            "id": 173,
            "form": "sia",
            "pos": "VER",
            "lemma": "essere",
            "has_context": "false",
            "is_title": "false"
        },
        {
            "id": 174,
            "form": "sviluppata",
            "pos": "VER",
            "lemma": "sviluppare",
            "has_context": "true",
            "is_title": "false"
        },
        {
            "id": 175,
            "form": "la",
            "pos": "DET",
            "lemma": "il",
            "has_context": "false",
            "is_title": "false"
        },
        {
            "id": 176,
            "form": "storia",
            "pos": "NOM",
            "lemma": "storia",
            "has_context": "false",
            "is_title": "false"
        },
        {
            "id": 177,
            "form": ".",
            "pos": "SENT",
            "lemma": ".",
            "has_context": "false",
            "is_title": "false"
        },
        {
            "id": 178,
            "form": "Insomma",
            "pos": "CON",
            "lemma": "insomma",
            "has_context": "false",
            "is_title": "false"
        },
        {
            "id": 179,
            "form": ",",
            "pos": "PON",
            "lemma": ",",
            "has_context": "false",
            "is_title": "false"
        },
        {
            "id": 180,
            "form": "si",
            "pos": "PRO",
            "lemma": "si",
            "has_context": "false",
            "is_title": "false"
        },
        {
            "id": 181,
            "form": "dice",
            "pos": "VER",
            "lemma": "dire",
            "has_context": "false",
            "is_title": "false"
        },
        {
            "id": 182,
            "form": "che",
            "pos": "CON",
            "lemma": "che",
            "has_context": "false",
            "is_title": "false"
        },
        {
            "id": 183,
            "form": "in",
            "pos": "PRE",
            "lemma": "in",
            "has_context": "false",
            "is_title": "false"
        },
        {
            "id": 184,
            "form": "ogni",
            "pos": "ADJ",
            "lemma": "ogni",
            "has_context": "false",
            "is_title": "false"
        },
        {
            "id": 185,
            "form": "storia",
            "pos": "NOM",
            "lemma": "storia",
            "has_context": "false",
            "is_title": "false"
        },
        {
            "id": 186,
            "form": "c’",
            "pos": "ADV",
            "lemma": "ci",
            "has_context": "false",
            "is_title": "false"
        },
        {
            "id": 187,
            "form": "è",
            "pos": "VER",
            "lemma": "essere",
            "has_context": "false",
            "is_title": "false"
        },
        {
            "id": 188,
            "form": "un",
            "pos": "DET",
            "lemma": "un",
            "has_context": "false",
            "is_title": "false"
        },
        {
            "id": 189,
            "form": "fondo",
            "pos": "NOM",
            "lemma": "fondo",
            "has_context": "true",
            "is_title": "false"
        },
        {
            "id": 190,
            "form": "di",
            "pos": "PRE",
            "lemma": "di",
            "has_context": "false",
            "is_title": "false"
        },
        {
            "id": 191,
            "form": "verità",
            "pos": "NOM",
            "lemma": "verità",
            "has_context": "true",
            "is_title": "false"
        },
        {
            "id": 192,
            "form": "...",
            "pos": "PON",
            "lemma": "...",
            "has_context": "false",
            "is_title": "false"
        },
        {
            "id": 193,
            "form": "Ma",
            "pos": "CON",
            "lemma": "ma",
            "has_context": "false",
            "is_title": "false"
        },
        {
            "id": 194,
            "form": "anche",
            "pos": "CON",
            "lemma": "anche",
            "has_context": "false",
            "is_title": "false"
        },
        {
            "id": 195,
            "form": "se",
            "pos": "PRO",
            "lemma": "se",
            "has_context": "false",
            "is_title": "false"
        },
        {
            "id": 196,
            "form": "spaventano",
            "pos": "VER",
            "lemma": "spaventare",
            "has_context": "true",
            "is_title": "false"
        },
        {
            "id": 197,
            "form": "le",
            "pos": "DET",
            "lemma": "il",
            "has_context": "false",
            "is_title": "false"
        },
        {
            "id": 198,
            "form": "persone",
            "pos": "NOM",
            "lemma": "persona",
            "has_context": "false",
            "is_title": "false"
        },
        {
            "id": 199,
            "form": "più",
            "pos": "ADV",
            "lemma": "più",
            "has_context": "false",
            "is_title": "false"
        },
        {
            "id": 200,
            "form": "di",
            "pos": "PRE",
            "lemma": "di",
            "has_context": "false",
            "is_title": "false"
        },
        {
            "id": 201,
            "form": "quanto",
            "pos": "ADV",
            "lemma": "quanto",
            "has_context": "false",
            "is_title": "false"
        },
        {
            "id": 202,
            "form": "si",
            "pos": "PRO",
            "lemma": "si",
            "has_context": "false",
            "is_title": "false"
        },
        {
            "id": 203,
            "form": "pensi",
            "pos": "VER",
            "lemma": "pensare",
            "has_context": "false",
            "is_title": "false"
        },
        {
            "id": 204,
            "form": ",",
            "pos": "PON",
            "lemma": ",",
            "has_context": "false",
            "is_title": "false"
        },
        {
            "id": 205,
            "form": "non",
            "pos": "ADV",
            "lemma": "non",
            "has_context": "false",
            "is_title": "false"
        },
        {
            "id": 206,
            "form": "si",
            "pos": "PRO",
            "lemma": "si",
            "has_context": "false",
            "is_title": "false"
        },
        {
            "id": 207,
            "form": "deve",
            "pos": "VER",
            "lemma": "dovere",
            "has_context": "false",
            "is_title": "false"
        },
        {
            "id": 208,
            "form": "credere",
            "pos": "VER",
            "lemma": "credere",
            "has_context": "false",
            "is_title": "false"
        },
        {
            "id": 209,
            "form": "che",
            "pos": "CON",
            "lemma": "che",
            "has_context": "false",
            "is_title": "false"
        },
        {
            "id": 210,
            "form": "queste",
            "pos": "ADJ",
            "lemma": "questo",
            "has_context": "false",
            "is_title": "false"
        },
        {
            "id": 211,
            "form": "leggende",
            "pos": "NOM",
            "lemma": "leggenda",
            "has_context": "true",
            "is_title": "false"
        },
        {
            "id": 212,
            "form": "siano",
            "pos": "VER",
            "lemma": "essere",
            "has_context": "false",
            "is_title": "false"
        },
        {
            "id": 213,
            "form": "solo",
            "pos": "ADV",
            "lemma": "solo",
            "has_context": "false",
            "is_title": "false"
        },
        {
            "id": 214,
            "form": "fantasiose",
            "pos": "ADJ",
            "lemma": "fantasioso",
            "has_context": "true",
            "is_title": "false"
        },
        {
            "id": 215,
            "form": "storielle",
            "pos": "NOM",
            "lemma": "storiella",
            "has_context": "true",
            "is_title": "false"
        },
        {
            "id": 216,
            "form": "!",
            "pos": "SENT",
            "lemma": "!",
            "has_context": "false",
            "is_title": "false"
        }
    ]
