    [
        {
            "id": 1,
            "form": "Università",
            "pos": "NOM",
            "lemma": "università",
            "has_context": "false",
            "is_title": "true"
        },
        {
            "id": 2,
            "form": "e",
            "pos": "CON",
            "lemma": "e",
            "has_context": "false",
            "is_title": "true"
        },
        {
            "id": 3,
            "form": "scelte",
            "pos": "NOM",
            "lemma": "scelta",
            "has_context": "true",
            "is_title": "true"
        },
        {
            "id": 4,
            "form": "importanti",
            "pos": "ADJ",
            "lemma": "importante",
            "has_context": "false",
            "is_title": "true"
        },
        {
            "id": 5,
            "form": "Mi",
            "pos": "PRO",
            "lemma": "mi",
            "has_context": "false",
            "is_title": "false"
        },
        {
            "id": 6,
            "form": "chiamo",
            "pos": "VER",
            "lemma": "chiamare",
            "has_context": "false",
            "is_title": "false"
        },
        {
            "id": 7,
            "form": "Luca",
            "pos": "NPR",
            "lemma": "Luca",
            "has_context": "false",
            "is_title": "false"
        },
        {
            "id": 8,
            "form": "e",
            "pos": "CON",
            "lemma": "e",
            "has_context": "false",
            "is_title": "false"
        },
        {
            "id": 9,
            "form": "ho",
            "pos": "VER",
            "lemma": "avere",
            "has_context": "false",
            "is_title": "false"
        },
        {
            "id": 10,
            "form": "appena",
            "pos": "ADV",
            "lemma": "appena",
            "has_context": "false",
            "is_title": "false"
        },
        {
            "id": 11,
            "form": "finito",
            "pos": "VER",
            "lemma": "finire",
            "has_context": "false",
            "is_title": "false"
        },
        {
            "id": 12,
            "form": "gli",
            "pos": "DET",
            "lemma": "il",
            "has_context": "false",
            "is_title": "false"
        },
        {
            "id": 13,
            "form": "esami",
            "pos": "NOM",
            "lemma": "esame",
            "has_context": "false",
            "is_title": "false"
        },
        {
            "id": 14,
            "form": "di",
            "pos": "PRE",
            "lemma": "di",
            "has_context": "false",
            "is_title": "false"
        },
        {
            "id": 15,
            "form": "maturità",
            "pos": "NOM",
            "lemma": "maturità",
            "has_context": "true",
            "is_title": "false"
        },
        {
            "id": 16,
            "form": ".",
            "pos": "SENT",
            "lemma": ".",
            "has_context": "false",
            "is_title": "false"
        },
        {
            "id": 17,
            "form": "Adesso",
            "pos": "ADV",
            "lemma": "adesso",
            "has_context": "false",
            "is_title": "false"
        },
        {
            "id": 18,
            "form": ",",
            "pos": "PON",
            "lemma": ",",
            "has_context": "false",
            "is_title": "false"
        },
        {
            "id": 19,
            "form": "però",
            "pos": "CON",
            "lemma": "però",
            "has_context": "false",
            "is_title": "false"
        },
        {
            "id": 20,
            "form": ",",
            "pos": "PON",
            "lemma": ",",
            "has_context": "false",
            "is_title": "false"
        },
        {
            "id": 21,
            "form": "devo",
            "pos": "VER",
            "lemma": "dovere",
            "has_context": "false",
            "is_title": "false"
        },
        {
            "id": 22,
            "form": "scegliere",
            "pos": "VER",
            "lemma": "scegliere",
            "has_context": "false",
            "is_title": "false"
        },
        {
            "id": 23,
            "form": "a",
            "pos": "PRE",
            "lemma": "a",
            "has_context": "false",
            "is_title": "false"
        },
        {
            "id": 24,
            "form": "quale",
            "pos": "ADJ",
            "lemma": "quale",
            "has_context": "false",
            "is_title": "false"
        },
        {
            "id": 25,
            "form": "facoltà",
            "pos": "NOM",
            "lemma": "facoltà",
            "has_context": "false",
            "is_title": "false"
        },
        {
            "id": 26,
            "form": "iscrivermi",
            "pos": "VER",
            "lemma": "iscrivere",
            "has_context": "true",
            "is_title": "false"
        },
        {
            "id": 27,
            "form": "all’",
            "pos": "PRE",
            "lemma": "al",
            "has_context": "false",
            "is_title": "false"
        },
        {
            "id": 28,
            "form": "università",
            "pos": "NOM",
            "lemma": "università",
            "has_context": "false",
            "is_title": "false"
        },
        {
            "id": 29,
            "form": "e",
            "pos": "CON",
            "lemma": "e",
            "has_context": "false",
            "is_title": "false"
        },
        {
            "id": 30,
            "form": "quindi",
            "pos": "CON",
            "lemma": "quindi",
            "has_context": "false",
            "is_title": "false"
        },
        {
            "id": 31,
            "form": "che",
            "pos": "PRO",
            "lemma": "che",
            "has_context": "false",
            "is_title": "false"
        },
        {
            "id": 32,
            "form": "lavoro",
            "pos": "NOM",
            "lemma": "lavoro",
            "has_context": "false",
            "is_title": "false"
        },
        {
            "id": 33,
            "form": "vorrei",
            "pos": "VER",
            "lemma": "volere",
            "has_context": "false",
            "is_title": "false"
        },
        {
            "id": 34,
            "form": "fare",
            "pos": "VER",
            "lemma": "fare",
            "has_context": "false",
            "is_title": "false"
        },
        {
            "id": 35,
            "form": "in",
            "pos": "PRE",
            "lemma": "in",
            "has_context": "false",
            "is_title": "false"
        },
        {
            "id": 36,
            "form": "futuro",
            "pos": "NOM",
            "lemma": "futuro",
            "has_context": "true",
            "is_title": "false"
        },
        {
            "id": 37,
            "form": ".",
            "pos": "SENT",
            "lemma": ".",
            "has_context": "false",
            "is_title": "false"
        },
        {
            "id": 38,
            "form": "Ma",
            "pos": "CON",
            "lemma": "ma",
            "has_context": "false",
            "is_title": "false"
        },
        {
            "id": 39,
            "form": "ci",
            "pos": "ADV",
            "lemma": "ci",
            "has_context": "false",
            "is_title": "false"
        },
        {
            "id": 40,
            "form": "sono",
            "pos": "VER",
            "lemma": "essere",
            "has_context": "false",
            "is_title": "false"
        },
        {
            "id": 41,
            "form": "molte",
            "pos": "ADJ",
            "lemma": "molto",
            "has_context": "false",
            "is_title": "false"
        },
        {
            "id": 42,
            "form": "cose",
            "pos": "NOM",
            "lemma": "cosa",
            "has_context": "false",
            "is_title": "false"
        },
        {
            "id": 43,
            "form": "da",
            "pos": "PRE",
            "lemma": "da",
            "has_context": "false",
            "is_title": "false"
        },
        {
            "id": 44,
            "form": "considerare",
            "pos": "VER",
            "lemma": "considerare",
            "has_context": "true",
            "is_title": "false"
        },
        {
            "id": 45,
            "form": ".",
            "pos": "SENT",
            "lemma": ".",
            "has_context": "false",
            "is_title": "false"
        },
        {
            "id": 46,
            "form": "Se",
            "pos": "CON",
            "lemma": "se",
            "has_context": "false",
            "is_title": "false"
        },
        {
            "id": 47,
            "form": "mi",
            "pos": "PRO",
            "lemma": "mi",
            "has_context": "false",
            "is_title": "false"
        },
        {
            "id": 48,
            "form": "piacesse",
            "pos": "VER",
            "lemma": "piacere",
            "has_context": "false",
            "is_title": "false"
        },
        {
            "id": 49,
            "form": "studiare",
            "pos": "VER",
            "lemma": "studiare",
            "has_context": "false",
            "is_title": "false"
        },
        {
            "id": 50,
            "form": "storia",
            "pos": "NOM",
            "lemma": "storia",
            "has_context": "false",
            "is_title": "false"
        },
        {
            "id": 51,
            "form": ",",
            "pos": "PON",
            "lemma": ",",
            "has_context": "false",
            "is_title": "false"
        },
        {
            "id": 52,
            "form": "potrei",
            "pos": "VER",
            "lemma": "potere",
            "has_context": "false",
            "is_title": "false"
        },
        {
            "id": 53,
            "form": "studiare",
            "pos": "VER",
            "lemma": "studiare",
            "has_context": "false",
            "is_title": "false"
        },
        {
            "id": 54,
            "form": "archeologia",
            "pos": "NOM",
            "lemma": "archeologia",
            "has_context": "true",
            "is_title": "false"
        },
        {
            "id": 55,
            "form": ".",
            "pos": "SENT",
            "lemma": ".",
            "has_context": "false",
            "is_title": "false"
        },
        {
            "id": 56,
            "form": "Se",
            "pos": "CON",
            "lemma": "se",
            "has_context": "false",
            "is_title": "false"
        },
        {
            "id": 57,
            "form": "studiassi",
            "pos": "VER",
            "lemma": "studiare",
            "has_context": "false",
            "is_title": "false"
        },
        {
            "id": 58,
            "form": "archeologia",
            "pos": "NOM",
            "lemma": "archeologia",
            "has_context": "true",
            "is_title": "false"
        },
        {
            "id": 59,
            "form": "poi",
            "pos": "ADV",
            "lemma": "poi",
            "has_context": "false",
            "is_title": "false"
        },
        {
            "id": 60,
            "form": "potrei",
            "pos": "VER",
            "lemma": "potere",
            "has_context": "false",
            "is_title": "false"
        },
        {
            "id": 61,
            "form": "fare",
            "pos": "VER",
            "lemma": "fare",
            "has_context": "false",
            "is_title": "false"
        },
        {
            "id": 62,
            "form": "l’",
            "pos": "DET",
            "lemma": "il",
            "has_context": "false",
            "is_title": "false"
        },
        {
            "id": 63,
            "form": "archeologo",
            "pos": "NOM",
            "lemma": "archeologo",
            "has_context": "true",
            "is_title": "false"
        },
        {
            "id": 64,
            "form": ".",
            "pos": "SENT",
            "lemma": ".",
            "has_context": "false",
            "is_title": "false"
        },
        {
            "id": 65,
            "form": "E",
            "pos": "CON",
            "lemma": "e",
            "has_context": "false",
            "is_title": "false"
        },
        {
            "id": 66,
            "form": ",",
            "pos": "PON",
            "lemma": ",",
            "has_context": "false",
            "is_title": "false"
        },
        {
            "id": 67,
            "form": "se",
            "pos": "CON",
            "lemma": "se",
            "has_context": "false",
            "is_title": "false"
        },
        {
            "id": 68,
            "form": "diventassi",
            "pos": "VER",
            "lemma": "diventare",
            "has_context": "true",
            "is_title": "false"
        },
        {
            "id": 69,
            "form": "archeologo",
            "pos": "NOM",
            "lemma": "archeologo",
            "has_context": "true",
            "is_title": "false"
        },
        {
            "id": 70,
            "form": "vivrei",
            "pos": "VER",
            "lemma": "vivere",
            "has_context": "false",
            "is_title": "false"
        },
        {
            "id": 71,
            "form": "emozionanti",
            "pos": "ADJ",
            "lemma": "emozionante",
            "has_context": "true",
            "is_title": "false"
        },
        {
            "id": 72,
            "form": "avventure",
            "pos": "NOM",
            "lemma": "avventura",
            "has_context": "true",
            "is_title": "false"
        },
        {
            "id": 73,
            "form": "come",
            "pos": "PRE",
            "lemma": "come",
            "has_context": "false",
            "is_title": "false"
        },
        {
            "id": 74,
            "form": "quelle",
            "pos": "PRO",
            "lemma": "quello",
            "has_context": "false",
            "is_title": "false"
        },
        {
            "id": 75,
            "form": "di",
            "pos": "PRE",
            "lemma": "di",
            "has_context": "false",
            "is_title": "false"
        },
        {
            "id": 76,
            "form": "Indiana",
            "pos": "NPR",
            "lemma": "Indiana",
            "has_context": "false",
            "is_title": "false"
        },
        {
            "id": 77,
            "form": "Jones",
            "pos": "NPR",
            "lemma": "Jones",
            "has_context": "false",
            "is_title": "false"
        },
        {
            "id": 78,
            "form": ".",
            "pos": "SENT",
            "lemma": ".",
            "has_context": "false",
            "is_title": "false"
        },
        {
            "id": 79,
            "form": "Invece",
            "pos": "CON",
            "lemma": "invece",
            "has_context": "false",
            "is_title": "false"
        },
        {
            "id": 80,
            "form": "se",
            "pos": "CON",
            "lemma": "se",
            "has_context": "false",
            "is_title": "false"
        },
        {
            "id": 81,
            "form": "mi",
            "pos": "PRO",
            "lemma": "mi",
            "has_context": "false",
            "is_title": "false"
        },
        {
            "id": 82,
            "form": "piacesse",
            "pos": "VER",
            "lemma": "piacere",
            "has_context": "false",
            "is_title": "false"
        },
        {
            "id": 83,
            "form": "la",
            "pos": "DET",
            "lemma": "il",
            "has_context": "false",
            "is_title": "false"
        },
        {
            "id": 84,
            "form": "scienza",
            "pos": "NOM",
            "lemma": "scienza",
            "has_context": "false",
            "is_title": "false"
        },
        {
            "id": 85,
            "form": "potrei",
            "pos": "VER",
            "lemma": "potere",
            "has_context": "false",
            "is_title": "false"
        },
        {
            "id": 86,
            "form": "studiare",
            "pos": "VER",
            "lemma": "studiare",
            "has_context": "false",
            "is_title": "false"
        },
        {
            "id": 87,
            "form": "ingegneria",
            "pos": "NOM",
            "lemma": "ingegneria",
            "has_context": "true",
            "is_title": "false"
        },
        {
            "id": 88,
            "form": ".",
            "pos": "SENT",
            "lemma": ".",
            "has_context": "false",
            "is_title": "false"
        },
        {
            "id": 89,
            "form": "Se",
            "pos": "CON",
            "lemma": "se",
            "has_context": "false",
            "is_title": "false"
        },
        {
            "id": 90,
            "form": "studiassi",
            "pos": "VER",
            "lemma": "studiare",
            "has_context": "false",
            "is_title": "false"
        },
        {
            "id": 91,
            "form": "ingegneria",
            "pos": "NOM",
            "lemma": "ingegneria",
            "has_context": "true",
            "is_title": "false"
        },
        {
            "id": 92,
            "form": "potrei",
            "pos": "VER",
            "lemma": "potere",
            "has_context": "false",
            "is_title": "false"
        },
        {
            "id": 93,
            "form": "lavorare",
            "pos": "VER",
            "lemma": "lavorare",
            "has_context": "false",
            "is_title": "false"
        },
        {
            "id": 94,
            "form": "in",
            "pos": "PRE",
            "lemma": "in",
            "has_context": "false",
            "is_title": "false"
        },
        {
            "id": 95,
            "form": "qualche",
            "pos": "ADJ",
            "lemma": "qualche",
            "has_context": "false",
            "is_title": "false"
        },
        {
            "id": 96,
            "form": "laboratorio",
            "pos": "NOM",
            "lemma": "laboratorio",
            "has_context": "true",
            "is_title": "false"
        },
        {
            "id": 97,
            "form": ".",
            "pos": "SENT",
            "lemma": ".",
            "has_context": "false",
            "is_title": "false"
        },
        {
            "id": 98,
            "form": "Di",
            "pos": "PRE",
            "lemma": "di",
            "has_context": "false",
            "is_title": "false"
        },
        {
            "id": 99,
            "form": "sicuro",
            "pos": "ADV",
            "lemma": "sicuro",
            "has_context": "false",
            "is_title": "false"
        },
        {
            "id": 100,
            "form": "mi",
            "pos": "PRO",
            "lemma": "mi",
            "has_context": "false",
            "is_title": "false"
        },
        {
            "id": 101,
            "form": "interesserei",
            "pos": "VER",
            "lemma": "interessare",
            "has_context": "true",
            "is_title": "false"
        },
        {
            "id": 102,
            "form": "di",
            "pos": "PRE",
            "lemma": "di",
            "has_context": "false",
            "is_title": "false"
        },
        {
            "id": 103,
            "form": "robot",
            "pos": "NOM",
            "lemma": "robot",
            "has_context": "false",
            "is_title": "false"
        },
        {
            "id": 104,
            "form": "e",
            "pos": "CON",
            "lemma": "e",
            "has_context": "false",
            "is_title": "false"
        },
        {
            "id": 105,
            "form": "ne",
            "pos": "PRO",
            "lemma": "ne",
            "has_context": "false",
            "is_title": "false"
        },
        {
            "id": 106,
            "form": "costruirei",
            "pos": "VER",
            "lemma": "costruire",
            "has_context": "true",
            "is_title": "false"
        },
        {
            "id": 107,
            "form": "uno",
            "pos": "ADJ",
            "lemma": "uno",
            "has_context": "false",
            "is_title": "false"
        },
        {
            "id": 108,
            "form": ".",
            "pos": "SENT",
            "lemma": ".",
            "has_context": "false",
            "is_title": "false"
        },
        {
            "id": 109,
            "form": "Se",
            "pos": "CON",
            "lemma": "se",
            "has_context": "false",
            "is_title": "false"
        },
        {
            "id": 110,
            "form": "non",
            "pos": "ADV",
            "lemma": "non",
            "has_context": "false",
            "is_title": "false"
        },
        {
            "id": 111,
            "form": "fosse",
            "pos": "VER",
            "lemma": "essere",
            "has_context": "false",
            "is_title": "false"
        },
        {
            "id": 112,
            "form": "così",
            "pos": "ADV",
            "lemma": "così",
            "has_context": "false",
            "is_title": "false"
        },
        {
            "id": 113,
            "form": "difficile",
            "pos": "ADJ",
            "lemma": "difficile",
            "has_context": "false",
            "is_title": "false"
        },
        {
            "id": 114,
            "form": ",",
            "pos": "PON",
            "lemma": ",",
            "has_context": "false",
            "is_title": "false"
        },
        {
            "id": 115,
            "form": "mi",
            "pos": "PRO",
            "lemma": "mi",
            "has_context": "false",
            "is_title": "false"
        },
        {
            "id": 116,
            "form": "piacerebbe",
            "pos": "VER",
            "lemma": "piacere",
            "has_context": "false",
            "is_title": "false"
        },
        {
            "id": 117,
            "form": "diventare",
            "pos": "VER",
            "lemma": "diventare",
            "has_context": "true",
            "is_title": "false"
        },
        {
            "id": 118,
            "form": "uno",
            "pos": "DET",
            "lemma": "uno",
            "has_context": "false",
            "is_title": "false"
        },
        {
            "id": 119,
            "form": "scienziato",
            "pos": "NOM",
            "lemma": "scienziato",
            "has_context": "true",
            "is_title": "false"
        },
        {
            "id": 120,
            "form": ".",
            "pos": "SENT",
            "lemma": ".",
            "has_context": "false",
            "is_title": "false"
        },
        {
            "id": 121,
            "form": "Tuttavia",
            "pos": "CON",
            "lemma": "tuttavia",
            "has_context": "false",
            "is_title": "false"
        },
        {
            "id": 122,
            "form": "la",
            "pos": "DET",
            "lemma": "il",
            "has_context": "false",
            "is_title": "false"
        },
        {
            "id": 123,
            "form": "scelta",
            "pos": "NOM",
            "lemma": "scelta",
            "has_context": "true",
            "is_title": "false"
        },
        {
            "id": 124,
            "form": "dell’",
            "pos": "PRE",
            "lemma": "del",
            "has_context": "false",
            "is_title": "false"
        },
        {
            "id": 125,
            "form": "università",
            "pos": "NOM",
            "lemma": "università",
            "has_context": "false",
            "is_title": "false"
        },
        {
            "id": 126,
            "form": "è",
            "pos": "VER",
            "lemma": "essere",
            "has_context": "false",
            "is_title": "false"
        },
        {
            "id": 127,
            "form": "un",
            "pos": "DET",
            "lemma": "un",
            "has_context": "false",
            "is_title": "false"
        },
        {
            "id": 128,
            "form": "passo",
            "pos": "NOM",
            "lemma": "passo",
            "has_context": "true",
            "is_title": "false"
        },
        {
            "id": 129,
            "form": "importante",
            "pos": "ADJ",
            "lemma": "importante",
            "has_context": "false",
            "is_title": "false"
        },
        {
            "id": 130,
            "form": "e",
            "pos": "CON",
            "lemma": "e",
            "has_context": "false",
            "is_title": "false"
        },
        {
            "id": 131,
            "form": "se",
            "pos": "CON",
            "lemma": "se",
            "has_context": "false",
            "is_title": "false"
        },
        {
            "id": 132,
            "form": "non",
            "pos": "ADV",
            "lemma": "non",
            "has_context": "false",
            "is_title": "false"
        },
        {
            "id": 133,
            "form": "ci",
            "pos": "PRO",
            "lemma": "ci",
            "has_context": "false",
            "is_title": "false"
        },
        {
            "id": 134,
            "form": "riflettessi",
            "pos": "VER",
            "lemma": "riflettere",
            "has_context": "true",
            "is_title": "false"
        },
        {
            "id": 135,
            "form": "su",
            "pos": "PRE",
            "lemma": "su",
            "has_context": "false",
            "is_title": "false"
        },
        {
            "id": 136,
            "form": "bene",
            "pos": "NOM",
            "lemma": "bene",
            "has_context": "false",
            "is_title": "false"
        },
        {
            "id": 137,
            "form": ",",
            "pos": "PON",
            "lemma": ",",
            "has_context": "false",
            "is_title": "false"
        },
        {
            "id": 138,
            "form": "sarei",
            "pos": "VER",
            "lemma": "essere",
            "has_context": "false",
            "is_title": "false"
        },
        {
            "id": 139,
            "form": "uno",
            "pos": "DET",
            "lemma": "uno",
            "has_context": "false",
            "is_title": "false"
        },
        {
            "id": 140,
            "form": "sciocco",
            "pos": "NOM",
            "lemma": "sciocco",
            "has_context": "true",
            "is_title": "false"
        },
        {
            "id": 141,
            "form": ".",
            "pos": "SENT",
            "lemma": ".",
            "has_context": "false",
            "is_title": "false"
        },
        {
            "id": 142,
            "form": "Se",
            "pos": "CON",
            "lemma": "se",
            "has_context": "false",
            "is_title": "false"
        },
        {
            "id": 143,
            "form": "scegliessi",
            "pos": "VER",
            "lemma": "scegliere",
            "has_context": "false",
            "is_title": "false"
        },
        {
            "id": 144,
            "form": "la",
            "pos": "DET",
            "lemma": "il",
            "has_context": "false",
            "is_title": "false"
        },
        {
            "id": 145,
            "form": "facoltà",
            "pos": "NOM",
            "lemma": "facoltà",
            "has_context": "false",
            "is_title": "false"
        },
        {
            "id": 146,
            "form": "senza",
            "pos": "PRE",
            "lemma": "senza",
            "has_context": "false",
            "is_title": "false"
        },
        {
            "id": 147,
            "form": "averci",
            "pos": "VER",
            "lemma": "avere",
            "has_context": "false",
            "is_title": "false"
        },
        {
            "id": 148,
            "form": "pensato",
            "pos": "VER",
            "lemma": "pensare",
            "has_context": "false",
            "is_title": "false"
        },
        {
            "id": 149,
            "form": "bene",
            "pos": "ADV",
            "lemma": "bene",
            "has_context": "false",
            "is_title": "false"
        },
        {
            "id": 150,
            "form": ",",
            "pos": "PON",
            "lemma": ",",
            "has_context": "false",
            "is_title": "false"
        },
        {
            "id": 151,
            "form": "di",
            "pos": "PRE",
            "lemma": "di",
            "has_context": "false",
            "is_title": "false"
        },
        {
            "id": 152,
            "form": "sicuro",
            "pos": "ADV",
            "lemma": "sicuro",
            "has_context": "false",
            "is_title": "false"
        },
        {
            "id": 153,
            "form": "mi",
            "pos": "PRO",
            "lemma": "mi",
            "has_context": "false",
            "is_title": "false"
        },
        {
            "id": 154,
            "form": "pentirei",
            "pos": "VER",
            "lemma": "pentire",
            "has_context": "true",
            "is_title": "false"
        },
        {
            "id": 155,
            "form": ".",
            "pos": "SENT",
            "lemma": ".",
            "has_context": "false",
            "is_title": "false"
        },
        {
            "id": 156,
            "form": "Ma",
            "pos": "CON",
            "lemma": "ma",
            "has_context": "false",
            "is_title": "false"
        },
        {
            "id": 157,
            "form": "soprattutto",
            "pos": "ADV",
            "lemma": "soprattutto",
            "has_context": "true",
            "is_title": "false"
        },
        {
            "id": 158,
            "form": "non",
            "pos": "ADV",
            "lemma": "non",
            "has_context": "false",
            "is_title": "false"
        },
        {
            "id": 159,
            "form": "riuscirei",
            "pos": "VER",
            "lemma": "riuscire",
            "has_context": "true",
            "is_title": "false"
        },
        {
            "id": 160,
            "form": "a",
            "pos": "PRE",
            "lemma": "a",
            "has_context": "false",
            "is_title": "false"
        },
        {
            "id": 161,
            "form": "finire",
            "pos": "VER",
            "lemma": "finire",
            "has_context": "false",
            "is_title": "false"
        },
        {
            "id": 162,
            "form": "gli",
            "pos": "DET",
            "lemma": "il",
            "has_context": "false",
            "is_title": "false"
        },
        {
            "id": 163,
            "form": "studi",
            "pos": "NOM",
            "lemma": "studio",
            "has_context": "false",
            "is_title": "false"
        },
        {
            "id": 164,
            "form": ".",
            "pos": "SENT",
            "lemma": ".",
            "has_context": "false",
            "is_title": "false"
        },
        {
            "id": 165,
            "form": "I",
            "pos": "DET",
            "lemma": "il",
            "has_context": "false",
            "is_title": "false"
        },
        {
            "id": 166,
            "form": "miei",
            "pos": "ADJ",
            "lemma": "mio",
            "has_context": "false",
            "is_title": "false"
        },
        {
            "id": 167,
            "form": "genitori",
            "pos": "NOM",
            "lemma": "genitore",
            "has_context": "false",
            "is_title": "false"
        },
        {
            "id": 168,
            "form": "sarebbero",
            "pos": "VER",
            "lemma": "essere",
            "has_context": "false",
            "is_title": "false"
        },
        {
            "id": 169,
            "form": "fieri",
            "pos": "ADJ",
            "lemma": "fiero",
            "has_context": "true",
            "is_title": "false"
        },
        {
            "id": 170,
            "form": "di",
            "pos": "PRE",
            "lemma": "di",
            "has_context": "false",
            "is_title": "false"
        },
        {
            "id": 171,
            "form": "me",
            "pos": "PRO",
            "lemma": "me",
            "has_context": "false",
            "is_title": "false"
        },
        {
            "id": 172,
            "form": "se",
            "pos": "CON",
            "lemma": "se",
            "has_context": "false",
            "is_title": "false"
        },
        {
            "id": 173,
            "form": "mi",
            "pos": "PRO",
            "lemma": "mi",
            "has_context": "false",
            "is_title": "false"
        },
        {
            "id": 174,
            "form": "laureassi",
            "pos": "VER",
            "lemma": "laureare",
            "has_context": "true",
            "is_title": "false"
        },
        {
            "id": 175,
            "form": "velocemente",
            "pos": "ADV",
            "lemma": "velocemente",
            "has_context": "true",
            "is_title": "false"
        },
        {
            "id": 176,
            "form": "e",
            "pos": "CON",
            "lemma": "e",
            "has_context": "false",
            "is_title": "false"
        },
        {
            "id": 177,
            "form": "trovassi",
            "pos": "VER",
            "lemma": "trovare",
            "has_context": "false",
            "is_title": "false"
        },
        {
            "id": 178,
            "form": "un",
            "pos": "DET",
            "lemma": "un",
            "has_context": "false",
            "is_title": "false"
        },
        {
            "id": 179,
            "form": "lavoro",
            "pos": "NOM",
            "lemma": "lavoro",
            "has_context": "false",
            "is_title": "false"
        },
        {
            "id": 180,
            "form": ".",
            "pos": "SENT",
            "lemma": ".",
            "has_context": "false",
            "is_title": "false"
        },
        {
            "id": 181,
            "form": "Io",
            "pos": "PRO",
            "lemma": "io",
            "has_context": "false",
            "is_title": "false"
        },
        {
            "id": 182,
            "form": "non",
            "pos": "ADV",
            "lemma": "non",
            "has_context": "false",
            "is_title": "false"
        },
        {
            "id": 183,
            "form": "so",
            "pos": "VER",
            "lemma": "sapere",
            "has_context": "false",
            "is_title": "false"
        },
        {
            "id": 184,
            "form": "ancora",
            "pos": "ADV",
            "lemma": "ancora",
            "has_context": "false",
            "is_title": "false"
        },
        {
            "id": 185,
            "form": "bene",
            "pos": "ADV",
            "lemma": "bene",
            "has_context": "false",
            "is_title": "false"
        },
        {
            "id": 186,
            "form": "cosa",
            "pos": "NOM",
            "lemma": "cosa",
            "has_context": "false",
            "is_title": "false"
        },
        {
            "id": 187,
            "form": "voglio",
            "pos": "VER",
            "lemma": "volere",
            "has_context": "false",
            "is_title": "false"
        },
        {
            "id": 188,
            "form": "fare",
            "pos": "VER",
            "lemma": "fare",
            "has_context": "false",
            "is_title": "false"
        },
        {
            "id": 189,
            "form": ",",
            "pos": "PON",
            "lemma": ",",
            "has_context": "false",
            "is_title": "false"
        },
        {
            "id": 190,
            "form": "ma",
            "pos": "CON",
            "lemma": "ma",
            "has_context": "false",
            "is_title": "false"
        },
        {
            "id": 191,
            "form": "so",
            "pos": "VER",
            "lemma": "sapere",
            "has_context": "false",
            "is_title": "false"
        },
        {
            "id": 192,
            "form": "che",
            "pos": "CON",
            "lemma": "che",
            "has_context": "false",
            "is_title": "false"
        },
        {
            "id": 193,
            "form": "se",
            "pos": "CON",
            "lemma": "se",
            "has_context": "false",
            "is_title": "false"
        },
        {
            "id": 194,
            "form": "non",
            "pos": "ADV",
            "lemma": "non",
            "has_context": "false",
            "is_title": "false"
        },
        {
            "id": 195,
            "form": "scegliessi",
            "pos": "VER",
            "lemma": "scegliere",
            "has_context": "false",
            "is_title": "false"
        },
        {
            "id": 196,
            "form": "entro",
            "pos": "PRE",
            "lemma": "entro",
            "has_context": "false",
            "is_title": "false"
        },
        {
            "id": 197,
            "form": "l’",
            "pos": "DET",
            "lemma": "il",
            "has_context": "false",
            "is_title": "false"
        },
        {
            "id": 198,
            "form": "estate",
            "pos": "NOM",
            "lemma": "estate",
            "has_context": "false",
            "is_title": "false"
        },
        {
            "id": 199,
            "form": "sarebbe",
            "pos": "VER",
            "lemma": "essere",
            "has_context": "false",
            "is_title": "false"
        },
        {
            "id": 200,
            "form": "un",
            "pos": "DET",
            "lemma": "un",
            "has_context": "false",
            "is_title": "false"
        },
        {
            "id": 201,
            "form": "problema",
            "pos": "NOM",
            "lemma": "problema",
            "has_context": "false",
            "is_title": "false"
        },
        {
            "id": 202,
            "form": ".",
            "pos": "SENT",
            "lemma": ".",
            "has_context": "false",
            "is_title": "false"
        }
    ]
