    [
        {
            "id": 1,
            "form": "Viaggiare",
            "pos": "VER",
            "lemma": "viaggiare",
            "has_context": "false",
            "is_title": "true"
        },
        {
            "id": 2,
            "form": "a",
            "pos": "PRE",
            "lemma": "a",
            "has_context": "false",
            "is_title": "true"
        },
        {
            "id": 3,
            "form": "basso",
            "pos": "ADJ",
            "lemma": "basso",
            "has_context": "false",
            "is_title": "true"
        },
        {
            "id": 4,
            "form": "costo",
            "pos": "NOM",
            "lemma": "costo",
            "has_context": "false",
            "is_title": "true"
        },
        {
            "id": 5,
            "form": "Tutti",
            "pos": "PRO",
            "lemma": "tutto",
            "has_context": "false",
            "is_title": "false"
        },
        {
            "id": 6,
            "form": "vorrebbero",
            "pos": "VER",
            "lemma": "volere",
            "has_context": "false",
            "is_title": "false"
        },
        {
            "id": 7,
            "form": "avere",
            "pos": "VER",
            "lemma": "avere",
            "has_context": "false",
            "is_title": "false"
        },
        {
            "id": 8,
            "form": "a",
            "pos": "PRE",
            "lemma": "a",
            "has_context": "false",
            "is_title": "false"
        },
        {
            "id": 9,
            "form": "disposizione",
            "pos": "NOM",
            "lemma": "disposizione",
            "has_context": "true",
            "is_title": "false"
        },
        {
            "id": 10,
            "form": "del",
            "pos": "PRE",
            "lemma": "del",
            "has_context": "false",
            "is_title": "false"
        },
        {
            "id": 11,
            "form": "tempo",
            "pos": "NOM",
            "lemma": "tempo",
            "has_context": "false",
            "is_title": "false"
        },
        {
            "id": 12,
            "form": "e",
            "pos": "CON",
            "lemma": "e",
            "has_context": "false",
            "is_title": "false"
        },
        {
            "id": 13,
            "form": "un",
            "pos": "DET",
            "lemma": "un",
            "has_context": "false",
            "is_title": "false"
        },
        {
            "id": 14,
            "form": "po’",
            "pos": "PRO",
            "lemma": "po’",
            "has_context": "false",
            "is_title": "false"
        },
        {
            "id": 15,
            "form": "di",
            "pos": "PRE",
            "lemma": "di",
            "has_context": "false",
            "is_title": "false"
        },
        {
            "id": 16,
            "form": "soldi",
            "pos": "NOM",
            "lemma": "soldo",
            "has_context": "false",
            "is_title": "false"
        },
        {
            "id": 17,
            "form": "per",
            "pos": "PRE",
            "lemma": "per",
            "has_context": "false",
            "is_title": "false"
        },
        {
            "id": 18,
            "form": "poter",
            "pos": "VER",
            "lemma": "potere",
            "has_context": "false",
            "is_title": "false"
        },
        {
            "id": 19,
            "form": "fare",
            "pos": "VER",
            "lemma": "fare",
            "has_context": "false",
            "is_title": "false"
        },
        {
            "id": 20,
            "form": "il",
            "pos": "DET",
            "lemma": "il",
            "has_context": "false",
            "is_title": "false"
        },
        {
            "id": 21,
            "form": "viaggio",
            "pos": "NOM",
            "lemma": "viaggio",
            "has_context": "false",
            "is_title": "false"
        },
        {
            "id": 22,
            "form": "dei",
            "pos": "PRE",
            "lemma": "del",
            "has_context": "false",
            "is_title": "false"
        },
        {
            "id": 23,
            "form": "propri",
            "pos": "ADJ",
            "lemma": "proprio",
            "has_context": "true",
            "is_title": "false"
        },
        {
            "id": 24,
            "form": "sogni",
            "pos": "NOM",
            "lemma": "sogno",
            "has_context": "true",
            "is_title": "false"
        },
        {
            "id": 25,
            "form": ".",
            "pos": "SENT",
            "lemma": ".",
            "has_context": "false",
            "is_title": "false"
        },
        {
            "id": 26,
            "form": "Tuttavia",
            "pos": "CON",
            "lemma": "tuttavia",
            "has_context": "false",
            "is_title": "false"
        },
        {
            "id": 27,
            "form": "adesso",
            "pos": "ADV",
            "lemma": "adesso",
            "has_context": "false",
            "is_title": "false"
        },
        {
            "id": 28,
            "form": "viaggiare",
            "pos": "VER",
            "lemma": "viaggiare",
            "has_context": "false",
            "is_title": "false"
        },
        {
            "id": 29,
            "form": "non",
            "pos": "ADV",
            "lemma": "non",
            "has_context": "false",
            "is_title": "false"
        },
        {
            "id": 30,
            "form": "è",
            "pos": "VER",
            "lemma": "essere",
            "has_context": "false",
            "is_title": "false"
        },
        {
            "id": 31,
            "form": "così",
            "pos": "ADV",
            "lemma": "così",
            "has_context": "false",
            "is_title": "false"
        },
        {
            "id": 32,
            "form": "costoso",
            "pos": "ADJ",
            "lemma": "costoso",
            "has_context": "true",
            "is_title": "false"
        },
        {
            "id": 33,
            "form": "come",
            "pos": "CON",
            "lemma": "come",
            "has_context": "false",
            "is_title": "false"
        },
        {
            "id": 34,
            "form": "si",
            "pos": "PRO",
            "lemma": "si",
            "has_context": "false",
            "is_title": "false"
        },
        {
            "id": 35,
            "form": "potrebbe",
            "pos": "VER",
            "lemma": "potere",
            "has_context": "false",
            "is_title": "false"
        },
        {
            "id": 36,
            "form": "pensare",
            "pos": "VER",
            "lemma": "pensare",
            "has_context": "false",
            "is_title": "false"
        },
        {
            "id": 37,
            "form": ".",
            "pos": "SENT",
            "lemma": ".",
            "has_context": "false",
            "is_title": "false"
        },
        {
            "id": 38,
            "form": "È",
            "pos": "VER",
            "lemma": "essere",
            "has_context": "false",
            "is_title": "false"
        },
        {
            "id": 39,
            "form": "sufficiente",
            "pos": "ADJ",
            "lemma": "sufficiente",
            "has_context": "true",
            "is_title": "false"
        },
        {
            "id": 40,
            "form": "avere",
            "pos": "VER",
            "lemma": "avere",
            "has_context": "false",
            "is_title": "false"
        },
        {
            "id": 41,
            "form": "un",
            "pos": "DET",
            "lemma": "un",
            "has_context": "false",
            "is_title": "false"
        },
        {
            "id": 42,
            "form": "po’",
            "pos": "PRO",
            "lemma": "po’",
            "has_context": "false",
            "is_title": "false"
        },
        {
            "id": 43,
            "form": "di",
            "pos": "PRE",
            "lemma": "di",
            "has_context": "false",
            "is_title": "false"
        },
        {
            "id": 44,
            "form": "pazienza",
            "pos": "NOM",
            "lemma": "pazienza",
            "has_context": "true",
            "is_title": "false"
        },
        {
            "id": 45,
            "form": "e",
            "pos": "CON",
            "lemma": "e",
            "has_context": "false",
            "is_title": "false"
        },
        {
            "id": 46,
            "form": "in",
            "pos": "PRE",
            "lemma": "in",
            "has_context": "false",
            "is_title": "false"
        },
        {
            "id": 47,
            "form": "poco",
            "pos": "ADJ",
            "lemma": "poco",
            "has_context": "false",
            "is_title": "false"
        },
        {
            "id": 48,
            "form": "tempo",
            "pos": "NOM",
            "lemma": "tempo",
            "has_context": "false",
            "is_title": "false"
        },
        {
            "id": 49,
            "form": "si",
            "pos": "PRO",
            "lemma": "si",
            "has_context": "false",
            "is_title": "false"
        },
        {
            "id": 50,
            "form": "può",
            "pos": "VER",
            "lemma": "potere",
            "has_context": "false",
            "is_title": "false"
        },
        {
            "id": 51,
            "form": "organizzare",
            "pos": "VER",
            "lemma": "organizzare",
            "has_context": "false",
            "is_title": "false"
        },
        {
            "id": 52,
            "form": "un",
            "pos": "DET",
            "lemma": "un",
            "has_context": "false",
            "is_title": "false"
        },
        {
            "id": 53,
            "form": "viaggio",
            "pos": "NOM",
            "lemma": "viaggio",
            "has_context": "false",
            "is_title": "false"
        },
        {
            "id": 54,
            "form": "indimenticabile",
            "pos": "ADJ",
            "lemma": "indimenticabile",
            "has_context": "true",
            "is_title": "false"
        },
        {
            "id": 55,
            "form": "!",
            "pos": "SENT",
            "lemma": "!",
            "has_context": "false",
            "is_title": "false"
        },
        {
            "id": 56,
            "form": "Infatti",
            "pos": "CON",
            "lemma": "infatti",
            "has_context": "false",
            "is_title": "false"
        },
        {
            "id": 57,
            "form": "ultimamente",
            "pos": "ADV",
            "lemma": "ultimamente",
            "has_context": "true",
            "is_title": "false"
        },
        {
            "id": 58,
            "form": "si",
            "pos": "PRO",
            "lemma": "si",
            "has_context": "false",
            "is_title": "false"
        },
        {
            "id": 59,
            "form": "sono",
            "pos": "VER",
            "lemma": "essere",
            "has_context": "false",
            "is_title": "false"
        },
        {
            "id": 60,
            "form": "molto",
            "pos": "ADV",
            "lemma": "molto",
            "has_context": "false",
            "is_title": "false"
        },
        {
            "id": 61,
            "form": "diffusi",
            "pos": "VER",
            "lemma": "diffondere",
            "has_context": "true",
            "is_title": "false"
        },
        {
            "id": 62,
            "form": "i",
            "pos": "DET",
            "lemma": "il",
            "has_context": "false",
            "is_title": "false"
        },
        {
            "id": 63,
            "form": "cosiddetti",
            "pos": "ADJ",
            "lemma": "cosiddetto",
            "has_context": "true",
            "is_title": "false"
        },
        {
            "id": 64,
            "form": "‘",
            "pos": "PON",
            "lemma": "‘",
            "has_context": "false",
            "is_title": "false"
        },
        {
            "id": 65,
            "form": "viaggi",
            "pos": "NOM",
            "lemma": "viaggio",
            "has_context": "false",
            "is_title": "false"
        },
        {
            "id": 66,
            "form": "lowcost",
            "pos": "FW",
            "lemma": "lowcost",
            "has_context": "false",
            "is_title": "false"
        },
        {
            "id": 67,
            "form": "’",
            "pos": "PON",
            "lemma": "’",
            "has_context": "false",
            "is_title": "false"
        },
        {
            "id": 68,
            "form": ",",
            "pos": "PON",
            "lemma": ",",
            "has_context": "false",
            "is_title": "false"
        },
        {
            "id": 69,
            "form": "ovvero",
            "pos": "CON",
            "lemma": "ovvero",
            "has_context": "false",
            "is_title": "false"
        },
        {
            "id": 70,
            "form": "viaggi",
            "pos": "NOM",
            "lemma": "viaggio",
            "has_context": "false",
            "is_title": "false"
        },
        {
            "id": 71,
            "form": "ad",
            "pos": "PRE",
            "lemma": "ad",
            "has_context": "false",
            "is_title": "false"
        },
        {
            "id": 72,
            "form": "un",
            "pos": "DET",
            "lemma": "un",
            "has_context": "false",
            "is_title": "false"
        },
        {
            "id": 73,
            "form": "prezzo",
            "pos": "NOM",
            "lemma": "prezzo",
            "has_context": "false",
            "is_title": "false"
        },
        {
            "id": 74,
            "form": "molto",
            "pos": "ADV",
            "lemma": "molto",
            "has_context": "false",
            "is_title": "false"
        },
        {
            "id": 75,
            "form": "vantaggioso",
            "pos": "ADJ",
            "lemma": "vantaggioso",
            "has_context": "true",
            "is_title": "false"
        },
        {
            "id": 76,
            "form": ".",
            "pos": "SENT",
            "lemma": ".",
            "has_context": "false",
            "is_title": "false"
        },
        {
            "id": 77,
            "form": "La",
            "pos": "DET",
            "lemma": "il",
            "has_context": "false",
            "is_title": "false"
        },
        {
            "id": 78,
            "form": "prima",
            "pos": "ADJ",
            "lemma": "primo",
            "has_context": "false",
            "is_title": "false"
        },
        {
            "id": 79,
            "form": "regola",
            "pos": "NOM",
            "lemma": "regola",
            "has_context": "true",
            "is_title": "false"
        },
        {
            "id": 80,
            "form": "del",
            "pos": "PRE",
            "lemma": "del",
            "has_context": "false",
            "is_title": "false"
        },
        {
            "id": 81,
            "form": "viaggio",
            "pos": "NOM",
            "lemma": "viaggio",
            "has_context": "false",
            "is_title": "false"
        },
        {
            "id": 82,
            "form": "lowcost",
            "pos": "FW",
            "lemma": "lowcost",
            "has_context": "false",
            "is_title": "false"
        },
        {
            "id": 83,
            "form": "è",
            "pos": "VER",
            "lemma": "essere",
            "has_context": "false",
            "is_title": "false"
        },
        {
            "id": 84,
            "form": "quella",
            "pos": "PRO",
            "lemma": "quello",
            "has_context": "false",
            "is_title": "false"
        },
        {
            "id": 85,
            "form": "di",
            "pos": "PRE",
            "lemma": "di",
            "has_context": "false",
            "is_title": "false"
        },
        {
            "id": 86,
            "form": "organizzarsi",
            "pos": "VER",
            "lemma": "organizzare",
            "has_context": "false",
            "is_title": "false"
        },
        {
            "id": 87,
            "form": "il",
            "pos": "DET",
            "lemma": "il",
            "has_context": "false",
            "is_title": "false"
        },
        {
            "id": 88,
            "form": "viaggio",
            "pos": "NOM",
            "lemma": "viaggio",
            "has_context": "false",
            "is_title": "false"
        },
        {
            "id": 89,
            "form": "da",
            "pos": "PRE",
            "lemma": "da",
            "has_context": "false",
            "is_title": "false"
        },
        {
            "id": 90,
            "form": "soli",
            "pos": "ADJ",
            "lemma": "solo",
            "has_context": "false",
            "is_title": "false"
        },
        {
            "id": 91,
            "form": ".",
            "pos": "SENT",
            "lemma": ".",
            "has_context": "false",
            "is_title": "false"
        },
        {
            "id": 92,
            "form": "Questo",
            "pos": "PRO",
            "lemma": "questo",
            "has_context": "false",
            "is_title": "false"
        },
        {
            "id": 93,
            "form": "significa",
            "pos": "VER",
            "lemma": "significare",
            "has_context": "false",
            "is_title": "false"
        },
        {
            "id": 94,
            "form": "che",
            "pos": "CON",
            "lemma": "che",
            "has_context": "false",
            "is_title": "false"
        },
        {
            "id": 95,
            "form": "molte",
            "pos": "ADJ",
            "lemma": "molto",
            "has_context": "false",
            "is_title": "false"
        },
        {
            "id": 96,
            "form": "persone",
            "pos": "NOM",
            "lemma": "persona",
            "has_context": "false",
            "is_title": "false"
        },
        {
            "id": 97,
            "form": "non",
            "pos": "ADV",
            "lemma": "non",
            "has_context": "false",
            "is_title": "false"
        },
        {
            "id": 98,
            "form": "si",
            "pos": "PRO",
            "lemma": "si",
            "has_context": "false",
            "is_title": "false"
        },
        {
            "id": 99,
            "form": "affidano",
            "pos": "VER",
            "lemma": "affidare",
            "has_context": "true",
            "is_title": "false"
        },
        {
            "id": 100,
            "form": "più",
            "pos": "ADV",
            "lemma": "più",
            "has_context": "false",
            "is_title": "false"
        },
        {
            "id": 101,
            "form": "alle",
            "pos": "PRE",
            "lemma": "al",
            "has_context": "false",
            "is_title": "false"
        },
        {
            "id": 102,
            "form": "agenzie",
            "pos": "NOM",
            "lemma": "agenzia",
            "has_context": "false",
            "is_title": "false"
        },
        {
            "id": 103,
            "form": "di",
            "pos": "PRE",
            "lemma": "di",
            "has_context": "false",
            "is_title": "false"
        },
        {
            "id": 104,
            "form": "viaggio",
            "pos": "NOM",
            "lemma": "viaggio",
            "has_context": "false",
            "is_title": "false"
        },
        {
            "id": 105,
            "form": ",",
            "pos": "PON",
            "lemma": ",",
            "has_context": "false",
            "is_title": "false"
        },
        {
            "id": 106,
            "form": "ma",
            "pos": "CON",
            "lemma": "ma",
            "has_context": "false",
            "is_title": "false"
        },
        {
            "id": 107,
            "form": "cominciano",
            "pos": "VER",
            "lemma": "cominciare",
            "has_context": "false",
            "is_title": "false"
        },
        {
            "id": 108,
            "form": "a",
            "pos": "PRE",
            "lemma": "a",
            "has_context": "false",
            "is_title": "false"
        },
        {
            "id": 109,
            "form": "navigare",
            "pos": "VER",
            "lemma": "navigare",
            "has_context": "true",
            "is_title": "false"
        },
        {
            "id": 110,
            "form": "in",
            "pos": "PRE",
            "lemma": "in",
            "has_context": "false",
            "is_title": "false"
        },
        {
            "id": 111,
            "form": "rete",
            "pos": "NOM",
            "lemma": "rete",
            "has_context": "true",
            "is_title": "false"
        },
        {
            "id": 112,
            "form": "in",
            "pos": "PRE",
            "lemma": "in",
            "has_context": "false",
            "is_title": "false"
        },
        {
            "id": 113,
            "form": "cerca",
            "pos": "NOM",
            "lemma": "cerca",
            "has_context": "true",
            "is_title": "false"
        },
        {
            "id": 114,
            "form": "di",
            "pos": "PRE",
            "lemma": "di",
            "has_context": "false",
            "is_title": "false"
        },
        {
            "id": 115,
            "form": "offerte",
            "pos": "NOM",
            "lemma": "offerta",
            "has_context": "true",
            "is_title": "false"
        },
        {
            "id": 116,
            "form": ".",
            "pos": "SENT",
            "lemma": ".",
            "has_context": "false",
            "is_title": "false"
        },
        {
            "id": 117,
            "form": "E",
            "pos": "CON",
            "lemma": "e",
            "has_context": "false",
            "is_title": "false"
        },
        {
            "id": 118,
            "form": "non",
            "pos": "ADV",
            "lemma": "non",
            "has_context": "false",
            "is_title": "false"
        },
        {
            "id": 119,
            "form": "è",
            "pos": "VER",
            "lemma": "essere",
            "has_context": "false",
            "is_title": "false"
        },
        {
            "id": 120,
            "form": "difficile",
            "pos": "ADJ",
            "lemma": "difficile",
            "has_context": "false",
            "is_title": "false"
        },
        {
            "id": 121,
            "form": "trovarne",
            "pos": "VER",
            "lemma": "trovare",
            "has_context": "false",
            "is_title": "false"
        },
        {
            "id": 122,
            "form": "per",
            "pos": "PRE",
            "lemma": "per",
            "has_context": "false",
            "is_title": "false"
        },
        {
            "id": 123,
            "form": "voli",
            "pos": "NOM",
            "lemma": "volo",
            "has_context": "true",
            "is_title": "false"
        },
        {
            "id": 124,
            "form": "aerei",
            "pos": "ADJ",
            "lemma": "aereo",
            "has_context": "true",
            "is_title": "false"
        },
        {
            "id": 125,
            "form": "o",
            "pos": "CON",
            "lemma": "o",
            "has_context": "false",
            "is_title": "false"
        },
        {
            "id": 126,
            "form": "per",
            "pos": "PRE",
            "lemma": "per",
            "has_context": "false",
            "is_title": "false"
        },
        {
            "id": 127,
            "form": "viaggi",
            "pos": "NOM",
            "lemma": "viaggio",
            "has_context": "false",
            "is_title": "false"
        },
        {
            "id": 128,
            "form": "in",
            "pos": "PRE",
            "lemma": "in",
            "has_context": "false",
            "is_title": "false"
        },
        {
            "id": 129,
            "form": "treno",
            "pos": "NOM",
            "lemma": "treno",
            "has_context": "false",
            "is_title": "false"
        },
        {
            "id": 130,
            "form": ".",
            "pos": "SENT",
            "lemma": ".",
            "has_context": "false",
            "is_title": "false"
        },
        {
            "id": 131,
            "form": "Infatti",
            "pos": "CON",
            "lemma": "infatti",
            "has_context": "false",
            "is_title": "false"
        },
        {
            "id": 132,
            "form": "anche",
            "pos": "CON",
            "lemma": "anche",
            "has_context": "false",
            "is_title": "false"
        },
        {
            "id": 133,
            "form": "da",
            "pos": "PRE",
            "lemma": "da",
            "has_context": "false",
            "is_title": "false"
        },
        {
            "id": 134,
            "form": "questo",
            "pos": "ADJ",
            "lemma": "questo",
            "has_context": "false",
            "is_title": "false"
        },
        {
            "id": 135,
            "form": "punto",
            "pos": "NOM",
            "lemma": "punto",
            "has_context": "false",
            "is_title": "false"
        },
        {
            "id": 136,
            "form": "di",
            "pos": "PRE",
            "lemma": "di",
            "has_context": "false",
            "is_title": "false"
        },
        {
            "id": 137,
            "form": "vista",
            "pos": "NOM",
            "lemma": "vista",
            "has_context": "true",
            "is_title": "false"
        },
        {
            "id": 138,
            "form": "ci",
            "pos": "PRO",
            "lemma": "ci",
            "has_context": "false",
            "is_title": "false"
        },
        {
            "id": 139,
            "form": "sono",
            "pos": "VER",
            "lemma": "essere",
            "has_context": "false",
            "is_title": "false"
        },
        {
            "id": 140,
            "form": "numerose",
            "pos": "ADJ",
            "lemma": "numeroso",
            "has_context": "true",
            "is_title": "false"
        },
        {
            "id": 141,
            "form": "compagnie",
            "pos": "NOM",
            "lemma": "compagnia",
            "has_context": "true",
            "is_title": "false"
        },
        {
            "id": 142,
            "form": "aeree",
            "pos": "ADJ",
            "lemma": "aereo",
            "has_context": "true",
            "is_title": "false"
        },
        {
            "id": 143,
            "form": "lowcost",
            "pos": "FW",
            "lemma": "lowcost",
            "has_context": "false",
            "is_title": "false"
        },
        {
            "id": 144,
            "form": "che",
            "pos": "PRO",
            "lemma": "che",
            "has_context": "false",
            "is_title": "false"
        },
        {
            "id": 145,
            "form": "permettono",
            "pos": "VER",
            "lemma": "permettere",
            "has_context": "true",
            "is_title": "false"
        },
        {
            "id": 146,
            "form": "di",
            "pos": "PRE",
            "lemma": "di",
            "has_context": "false",
            "is_title": "false"
        },
        {
            "id": 147,
            "form": "prenotare",
            "pos": "VER",
            "lemma": "prenotare",
            "has_context": "false",
            "is_title": "false"
        },
        {
            "id": 148,
            "form": "un",
            "pos": "DET",
            "lemma": "un",
            "has_context": "false",
            "is_title": "false"
        },
        {
            "id": 149,
            "form": "volo",
            "pos": "NOM",
            "lemma": "volo",
            "has_context": "true",
            "is_title": "false"
        },
        {
            "id": 150,
            "form": "all’",
            "pos": "PRE",
            "lemma": "al",
            "has_context": "false",
            "is_title": "false"
        },
        {
            "id": 151,
            "form": "ultimo",
            "pos": "ADJ",
            "lemma": "ultimo",
            "has_context": "false",
            "is_title": "false"
        },
        {
            "id": 152,
            "form": "minuto",
            "pos": "ADJ",
            "lemma": "minuto",
            "has_context": "false",
            "is_title": "false"
        },
        {
            "id": 153,
            "form": "a",
            "pos": "PRE",
            "lemma": "a",
            "has_context": "false",
            "is_title": "false"
        },
        {
            "id": 154,
            "form": "minor",
            "pos": "ADJ",
            "lemma": "minore",
            "has_context": "true",
            "is_title": "false"
        },
        {
            "id": 155,
            "form": "prezzo",
            "pos": "NOM",
            "lemma": "prezzo",
            "has_context": "false",
            "is_title": "false"
        },
        {
            "id": 156,
            "form": ".",
            "pos": "SENT",
            "lemma": ".",
            "has_context": "false",
            "is_title": "false"
        },
        {
            "id": 157,
            "form": "La",
            "pos": "DET",
            "lemma": "il",
            "has_context": "false",
            "is_title": "false"
        },
        {
            "id": 158,
            "form": "seconda",
            "pos": "ADJ",
            "lemma": "secondo",
            "has_context": "false",
            "is_title": "false"
        },
        {
            "id": 159,
            "form": "regola",
            "pos": "NOM",
            "lemma": "regola",
            "has_context": "true",
            "is_title": "false"
        },
        {
            "id": 160,
            "form": "è",
            "pos": "VER",
            "lemma": "essere",
            "has_context": "false",
            "is_title": "false"
        },
        {
            "id": 161,
            "form": "quella",
            "pos": "PRO",
            "lemma": "quello",
            "has_context": "false",
            "is_title": "false"
        },
        {
            "id": 162,
            "form": "di",
            "pos": "PRE",
            "lemma": "di",
            "has_context": "false",
            "is_title": "false"
        },
        {
            "id": 163,
            "form": "cercare",
            "pos": "VER",
            "lemma": "cercare",
            "has_context": "false",
            "is_title": "false"
        },
        {
            "id": 164,
            "form": "su",
            "pos": "PRE",
            "lemma": "su",
            "has_context": "false",
            "is_title": "false"
        },
        {
            "id": 165,
            "form": "internet",
            "pos": "NOM",
            "lemma": "internet",
            "has_context": "false",
            "is_title": "false"
        },
        {
            "id": 166,
            "form": "le",
            "pos": "DET",
            "lemma": "il",
            "has_context": "false",
            "is_title": "false"
        },
        {
            "id": 167,
            "form": "tariffe",
            "pos": "NOM",
            "lemma": "tariffa",
            "has_context": "true",
            "is_title": "false"
        },
        {
            "id": 168,
            "form": "dei",
            "pos": "PRE",
            "lemma": "del",
            "has_context": "false",
            "is_title": "false"
        },
        {
            "id": 169,
            "form": "vari",
            "pos": "ADJ",
            "lemma": "vario",
            "has_context": "true",
            "is_title": "false"
        },
        {
            "id": 170,
            "form": "alberghi",
            "pos": "NOM",
            "lemma": "albergo",
            "has_context": "false",
            "is_title": "false"
        },
        {
            "id": 171,
            "form": "e",
            "pos": "CON",
            "lemma": "e",
            "has_context": "false",
            "is_title": "false"
        },
        {
            "id": 172,
            "form": "scegliere",
            "pos": "VER",
            "lemma": "scegliere",
            "has_context": "false",
            "is_title": "false"
        },
        {
            "id": 173,
            "form": "quella",
            "pos": "PRO",
            "lemma": "quello",
            "has_context": "false",
            "is_title": "false"
        },
        {
            "id": 174,
            "form": "più",
            "pos": "ADV",
            "lemma": "più",
            "has_context": "false",
            "is_title": "false"
        },
        {
            "id": 175,
            "form": "conveniente",
            "pos": "ADJ",
            "lemma": "conveniente",
            "has_context": "true",
            "is_title": "false"
        },
        {
            "id": 176,
            "form": ".",
            "pos": "SENT",
            "lemma": ".",
            "has_context": "false",
            "is_title": "false"
        },
        {
            "id": 177,
            "form": "Adesso",
            "pos": "ADV",
            "lemma": "adesso",
            "has_context": "false",
            "is_title": "false"
        },
        {
            "id": 178,
            "form": "ci",
            "pos": "ADV",
            "lemma": "ci",
            "has_context": "false",
            "is_title": "false"
        },
        {
            "id": 179,
            "form": "sono",
            "pos": "VER",
            "lemma": "essere",
            "has_context": "false",
            "is_title": "false"
        },
        {
            "id": 180,
            "form": "molti",
            "pos": "ADJ",
            "lemma": "molto",
            "has_context": "false",
            "is_title": "false"
        },
        {
            "id": 181,
            "form": "siti",
            "pos": "NOM",
            "lemma": "sito",
            "has_context": "true",
            "is_title": "false"
        },
        {
            "id": 182,
            "form": "in",
            "pos": "PRE",
            "lemma": "in",
            "has_context": "false",
            "is_title": "false"
        },
        {
            "id": 183,
            "form": "cui",
            "pos": "PRO",
            "lemma": "cui",
            "has_context": "false",
            "is_title": "false"
        },
        {
            "id": 184,
            "form": "è",
            "pos": "VER",
            "lemma": "essere",
            "has_context": "false",
            "is_title": "false"
        },
        {
            "id": 185,
            "form": "possibile",
            "pos": "ADJ",
            "lemma": "possibile",
            "has_context": "false",
            "is_title": "false"
        },
        {
            "id": 186,
            "form": "comparare",
            "pos": "VER",
            "lemma": "comparare",
            "has_context": "true",
            "is_title": "false"
        },
        {
            "id": 187,
            "form": "i",
            "pos": "DET",
            "lemma": "il",
            "has_context": "false",
            "is_title": "false"
        },
        {
            "id": 188,
            "form": "prezzi",
            "pos": "NOM",
            "lemma": "prezzo",
            "has_context": "false",
            "is_title": "false"
        },
        {
            "id": 189,
            "form": "e",
            "pos": "CON",
            "lemma": "e",
            "has_context": "false",
            "is_title": "false"
        },
        {
            "id": 190,
            "form": "prenotare",
            "pos": "VER",
            "lemma": "prenotare",
            "has_context": "false",
            "is_title": "false"
        },
        {
            "id": 191,
            "form": "la",
            "pos": "DET",
            "lemma": "il",
            "has_context": "false",
            "is_title": "false"
        },
        {
            "id": 192,
            "form": "camera",
            "pos": "NOM",
            "lemma": "camera",
            "has_context": "false",
            "is_title": "false"
        },
        {
            "id": 193,
            "form": "che",
            "pos": "PRO",
            "lemma": "che",
            "has_context": "false",
            "is_title": "false"
        },
        {
            "id": 194,
            "form": "si",
            "pos": "PRO",
            "lemma": "si",
            "has_context": "false",
            "is_title": "false"
        },
        {
            "id": 195,
            "form": "preferisce",
            "pos": "VER",
            "lemma": "preferire",
            "has_context": "false",
            "is_title": "false"
        },
        {
            "id": 196,
            "form": ".",
            "pos": "SENT",
            "lemma": ".",
            "has_context": "false",
            "is_title": "false"
        },
        {
            "id": 197,
            "form": "Inoltre",
            "pos": "CON",
            "lemma": "inoltre",
            "has_context": "false",
            "is_title": "false"
        },
        {
            "id": 198,
            "form": "si",
            "pos": "PRO",
            "lemma": "si",
            "has_context": "false",
            "is_title": "false"
        },
        {
            "id": 199,
            "form": "può",
            "pos": "VER",
            "lemma": "potere",
            "has_context": "false",
            "is_title": "false"
        },
        {
            "id": 200,
            "form": "comodamente",
            "pos": "ADV",
            "lemma": "comodamente",
            "has_context": "true",
            "is_title": "false"
        },
        {
            "id": 201,
            "form": "prenotare",
            "pos": "VER",
            "lemma": "prenotare",
            "has_context": "false",
            "is_title": "false"
        },
        {
            "id": 202,
            "form": "via",
            "pos": "PRE",
            "lemma": "via",
            "has_context": "false",
            "is_title": "false"
        },
        {
            "id": 203,
            "form": "internet",
            "pos": "NOM",
            "lemma": "internet",
            "has_context": "false",
            "is_title": "false"
        },
        {
            "id": 204,
            "form": "e",
            "pos": "CON",
            "lemma": "e",
            "has_context": "false",
            "is_title": "false"
        },
        {
            "id": 205,
            "form": "pagare",
            "pos": "VER",
            "lemma": "pagare",
            "has_context": "false",
            "is_title": "false"
        },
        {
            "id": 206,
            "form": "usando",
            "pos": "VER",
            "lemma": "usare",
            "has_context": "false",
            "is_title": "false"
        },
        {
            "id": 207,
            "form": "la",
            "pos": "DET",
            "lemma": "il",
            "has_context": "false",
            "is_title": "false"
        },
        {
            "id": 208,
            "form": "carta",
            "pos": "NOM",
            "lemma": "carta",
            "has_context": "false",
            "is_title": "false"
        },
        {
            "id": 209,
            "form": "di",
            "pos": "PRE",
            "lemma": "di",
            "has_context": "false",
            "is_title": "false"
        },
        {
            "id": 210,
            "form": "credito",
            "pos": "NOM",
            "lemma": "credito",
            "has_context": "false",
            "is_title": "false"
        },
        {
            "id": 211,
            "form": ".",
            "pos": "SENT",
            "lemma": ".",
            "has_context": "false",
            "is_title": "false"
        },
        {
            "id": 212,
            "form": "Le",
            "pos": "DET",
            "lemma": "il",
            "has_context": "false",
            "is_title": "false"
        },
        {
            "id": 213,
            "form": "ricevute",
            "pos": "NOM",
            "lemma": "ricevuta",
            "has_context": "true",
            "is_title": "false"
        },
        {
            "id": 214,
            "form": "di",
            "pos": "PRE",
            "lemma": "di",
            "has_context": "false",
            "is_title": "false"
        },
        {
            "id": 215,
            "form": "prenotazione",
            "pos": "NOM",
            "lemma": "prenotazione",
            "has_context": "true",
            "is_title": "false"
        },
        {
            "id": 216,
            "form": "vengono",
            "pos": "VER",
            "lemma": "venire",
            "has_context": "false",
            "is_title": "false"
        },
        {
            "id": 217,
            "form": "inviate",
            "pos": "VER",
            "lemma": "inviare",
            "has_context": "true",
            "is_title": "false"
        },
        {
            "id": 218,
            "form": "per",
            "pos": "PRE",
            "lemma": "per",
            "has_context": "false",
            "is_title": "false"
        },
        {
            "id": 219,
            "form": "e-mail",
            "pos": "FW",
            "lemma": "e-mail",
            "has_context": "false",
            "is_title": "false"
        },
        {
            "id": 220,
            "form": "senza",
            "pos": "PRE",
            "lemma": "senza",
            "has_context": "false",
            "is_title": "false"
        },
        {
            "id": 221,
            "form": "bisogno",
            "pos": "NOM",
            "lemma": "bisogno",
            "has_context": "false",
            "is_title": "false"
        },
        {
            "id": 222,
            "form": "di",
            "pos": "PRE",
            "lemma": "di",
            "has_context": "false",
            "is_title": "false"
        },
        {
            "id": 223,
            "form": "recarsi",
            "pos": "VER",
            "lemma": "recare",
            "has_context": "true",
            "is_title": "false"
        },
        {
            "id": 224,
            "form": "di",
            "pos": "PRE",
            "lemma": "di",
            "has_context": "false",
            "is_title": "false"
        },
        {
            "id": 225,
            "form": "persona",
            "pos": "NOM",
            "lemma": "persona",
            "has_context": "false",
            "is_title": "false"
        },
        {
            "id": 226,
            "form": "a",
            "pos": "PRE",
            "lemma": "a",
            "has_context": "false",
            "is_title": "false"
        },
        {
            "id": 227,
            "form": "ritirarle",
            "pos": "VER",
            "lemma": "ritirare",
            "has_context": "true",
            "is_title": "false"
        },
        {
            "id": 228,
            "form": ".",
            "pos": "SENT",
            "lemma": ".",
            "has_context": "false",
            "is_title": "false"
        },
        {
            "id": 229,
            "form": "Si",
            "pos": "PRO",
            "lemma": "si",
            "has_context": "false",
            "is_title": "false"
        },
        {
            "id": 230,
            "form": "potrebbe",
            "pos": "VER",
            "lemma": "potere",
            "has_context": "false",
            "is_title": "false"
        },
        {
            "id": 231,
            "form": "pensare",
            "pos": "VER",
            "lemma": "pensare",
            "has_context": "false",
            "is_title": "false"
        },
        {
            "id": 232,
            "form": "che",
            "pos": "CON",
            "lemma": "che",
            "has_context": "false",
            "is_title": "false"
        },
        {
            "id": 233,
            "form": "siano",
            "pos": "VER",
            "lemma": "essere",
            "has_context": "false",
            "is_title": "false"
        },
        {
            "id": 234,
            "form": "solo",
            "pos": "ADV",
            "lemma": "solo",
            "has_context": "false",
            "is_title": "false"
        },
        {
            "id": 235,
            "form": "i",
            "pos": "DET",
            "lemma": "il",
            "has_context": "false",
            "is_title": "false"
        },
        {
            "id": 236,
            "form": "giovani",
            "pos": "NOM",
            "lemma": "giovane",
            "has_context": "false",
            "is_title": "false"
        },
        {
            "id": 237,
            "form": "a",
            "pos": "PRE",
            "lemma": "a",
            "has_context": "false",
            "is_title": "false"
        },
        {
            "id": 238,
            "form": "preferire",
            "pos": "VER",
            "lemma": "preferire",
            "has_context": "false",
            "is_title": "false"
        },
        {
            "id": 239,
            "form": "i",
            "pos": "DET",
            "lemma": "il",
            "has_context": "false",
            "is_title": "false"
        },
        {
            "id": 240,
            "form": "viaggi",
            "pos": "NOM",
            "lemma": "viaggio",
            "has_context": "false",
            "is_title": "false"
        },
        {
            "id": 241,
            "form": "lowcost",
            "pos": "FW",
            "lemma": "lowcost",
            "has_context": "false",
            "is_title": "false"
        },
        {
            "id": 242,
            "form": ",",
            "pos": "PON",
            "lemma": ",",
            "has_context": "false",
            "is_title": "false"
        },
        {
            "id": 243,
            "form": "ma",
            "pos": "CON",
            "lemma": "ma",
            "has_context": "false",
            "is_title": "false"
        },
        {
            "id": 244,
            "form": "non",
            "pos": "ADV",
            "lemma": "non",
            "has_context": "false",
            "is_title": "false"
        },
        {
            "id": 245,
            "form": "è",
            "pos": "VER",
            "lemma": "essere",
            "has_context": "false",
            "is_title": "false"
        },
        {
            "id": 246,
            "form": "così",
            "pos": "ADV",
            "lemma": "così",
            "has_context": "false",
            "is_title": "false"
        },
        {
            "id": 247,
            "form": ".",
            "pos": "SENT",
            "lemma": ".",
            "has_context": "false",
            "is_title": "false"
        },
        {
            "id": 248,
            "form": "Anche",
            "pos": "CON",
            "lemma": "anche",
            "has_context": "false",
            "is_title": "false"
        },
        {
            "id": 249,
            "form": "gli",
            "pos": "DET",
            "lemma": "il",
            "has_context": "false",
            "is_title": "false"
        },
        {
            "id": 250,
            "form": "adulti",
            "pos": "NOM",
            "lemma": "adulto",
            "has_context": "false",
            "is_title": "false"
        },
        {
            "id": 251,
            "form": "hanno",
            "pos": "VER",
            "lemma": "avere",
            "has_context": "false",
            "is_title": "false"
        },
        {
            "id": 252,
            "form": "cominciato",
            "pos": "VER",
            "lemma": "cominciare",
            "has_context": "false",
            "is_title": "false"
        },
        {
            "id": 253,
            "form": "ad",
            "pos": "PRE",
            "lemma": "ad",
            "has_context": "false",
            "is_title": "false"
        },
        {
            "id": 254,
            "form": "apprezzare",
            "pos": "VER",
            "lemma": "apprezzare",
            "has_context": "true",
            "is_title": "false"
        },
        {
            "id": 255,
            "form": "questa",
            "pos": "ADJ",
            "lemma": "questo",
            "has_context": "false",
            "is_title": "false"
        },
        {
            "id": 256,
            "form": "pratica",
            "pos": "NOM",
            "lemma": "pratica",
            "has_context": "true",
            "is_title": "false"
        },
        {
            "id": 257,
            "form": "e",
            "pos": "CON",
            "lemma": "e",
            "has_context": "false",
            "is_title": "false"
        },
        {
            "id": 258,
            "form": "a",
            "pos": "PRE",
            "lemma": "a",
            "has_context": "false",
            "is_title": "false"
        },
        {
            "id": 259,
            "form": "organizzarsi",
            "pos": "VER",
            "lemma": "organizzare",
            "has_context": "false",
            "is_title": "false"
        },
        {
            "id": 260,
            "form": "i",
            "pos": "DET",
            "lemma": "il",
            "has_context": "false",
            "is_title": "false"
        },
        {
            "id": 261,
            "form": "viaggi",
            "pos": "NOM",
            "lemma": "viaggio",
            "has_context": "false",
            "is_title": "false"
        },
        {
            "id": 262,
            "form": "da",
            "pos": "PRE",
            "lemma": "da",
            "has_context": "false",
            "is_title": "false"
        },
        {
            "id": 263,
            "form": "soli",
            "pos": "ADJ",
            "lemma": "solo",
            "has_context": "false",
            "is_title": "false"
        },
        {
            "id": 264,
            "form": ".",
            "pos": "SENT",
            "lemma": ".",
            "has_context": "false",
            "is_title": "false"
        },
        {
            "id": 265,
            "form": "Molte",
            "pos": "ADJ",
            "lemma": "molto",
            "has_context": "false",
            "is_title": "false"
        },
        {
            "id": 266,
            "form": "persone",
            "pos": "NOM",
            "lemma": "persona",
            "has_context": "false",
            "is_title": "false"
        },
        {
            "id": 267,
            "form": "trovano",
            "pos": "VER",
            "lemma": "trovare",
            "has_context": "false",
            "is_title": "false"
        },
        {
            "id": 268,
            "form": "addirittura",
            "pos": "ADV",
            "lemma": "addirittura",
            "has_context": "true",
            "is_title": "false"
        },
        {
            "id": 269,
            "form": "che",
            "pos": "CON",
            "lemma": "che",
            "has_context": "false",
            "is_title": "false"
        },
        {
            "id": 270,
            "form": "questo",
            "pos": "PRO",
            "lemma": "questo",
            "has_context": "false",
            "is_title": "false"
        },
        {
            "id": 271,
            "form": "sia",
            "pos": "CON",
            "lemma": "sia",
            "has_context": "false",
            "is_title": "false"
        },
        {
            "id": 272,
            "form": "il",
            "pos": "DET",
            "lemma": "il",
            "has_context": "false",
            "is_title": "false"
        },
        {
            "id": 273,
            "form": "modo",
            "pos": "NOM",
            "lemma": "modo",
            "has_context": "true",
            "is_title": "false"
        },
        {
            "id": 274,
            "form": "per",
            "pos": "PRE",
            "lemma": "per",
            "has_context": "false",
            "is_title": "false"
        },
        {
            "id": 275,
            "form": "fare",
            "pos": "VER",
            "lemma": "fare",
            "has_context": "false",
            "is_title": "false"
        },
        {
            "id": 276,
            "form": "un",
            "pos": "DET",
            "lemma": "un",
            "has_context": "false",
            "is_title": "false"
        },
        {
            "id": 277,
            "form": "viaggio",
            "pos": "NOM",
            "lemma": "viaggio",
            "has_context": "false",
            "is_title": "false"
        },
        {
            "id": 278,
            "form": "che",
            "pos": "PRO",
            "lemma": "che",
            "has_context": "false",
            "is_title": "false"
        },
        {
            "id": 279,
            "form": "sia",
            "pos": "VER",
            "lemma": "essere",
            "has_context": "false",
            "is_title": "false"
        },
        {
            "id": 280,
            "form": "davvero",
            "pos": "ADV",
            "lemma": "davvero",
            "has_context": "true",
            "is_title": "false"
        },
        {
            "id": 281,
            "form": "come",
            "pos": "CON",
            "lemma": "come",
            "has_context": "false",
            "is_title": "false"
        },
        {
            "id": 282,
            "form": "lo",
            "pos": "PRO",
            "lemma": "lo",
            "has_context": "false",
            "is_title": "false"
        },
        {
            "id": 283,
            "form": "si",
            "pos": "PRO",
            "lemma": "si",
            "has_context": "false",
            "is_title": "false"
        },
        {
            "id": 284,
            "form": "vuole",
            "pos": "VER",
            "lemma": "volere",
            "has_context": "false",
            "is_title": "false"
        },
        {
            "id": 285,
            "form": ".",
            "pos": "SENT",
            "lemma": ".",
            "has_context": "false",
            "is_title": "false"
        },
        {
            "id": 286,
            "form": "In",
            "pos": "PRE",
            "lemma": "in",
            "has_context": "false",
            "is_title": "false"
        },
        {
            "id": 287,
            "form": "fondo",
            "pos": "NOM",
            "lemma": "fondo",
            "has_context": "true",
            "is_title": "false"
        },
        {
            "id": 288,
            "form": "bastano",
            "pos": "VER",
            "lemma": "bastare",
            "has_context": "true",
            "is_title": "false"
        },
        {
            "id": 289,
            "form": "piccoli",
            "pos": "ADJ",
            "lemma": "piccolo",
            "has_context": "false",
            "is_title": "false"
        },
        {
            "id": 290,
            "form": "gesti",
            "pos": "NOM",
            "lemma": "gesto",
            "has_context": "true",
            "is_title": "false"
        },
        {
            "id": 291,
            "form": "per",
            "pos": "PRE",
            "lemma": "per",
            "has_context": "false",
            "is_title": "false"
        },
        {
            "id": 292,
            "form": "risparmiare",
            "pos": "VER",
            "lemma": "risparmiare",
            "has_context": "true",
            "is_title": "false"
        },
        {
            "id": 293,
            "form": "un",
            "pos": "DET",
            "lemma": "un",
            "has_context": "false",
            "is_title": "false"
        },
        {
            "id": 294,
            "form": "po’",
            "pos": "PRO",
            "lemma": "po’",
            "has_context": "false",
            "is_title": "false"
        },
        {
            "id": 295,
            "form": "e",
            "pos": "CON",
            "lemma": "e",
            "has_context": "false",
            "is_title": "false"
        },
        {
            "id": 296,
            "form": "poter",
            "pos": "VER",
            "lemma": "potere",
            "has_context": "false",
            "is_title": "false"
        },
        {
            "id": 297,
            "form": "viaggiare",
            "pos": "VER",
            "lemma": "viaggiare",
            "has_context": "false",
            "is_title": "false"
        },
        {
            "id": 298,
            "form": "dove",
            "pos": "ADV",
            "lemma": "dove",
            "has_context": "false",
            "is_title": "false"
        },
        {
            "id": 299,
            "form": "si",
            "pos": "PRO",
            "lemma": "si",
            "has_context": "false",
            "is_title": "false"
        },
        {
            "id": 300,
            "form": "desidera",
            "pos": "VER",
            "lemma": "desiderare",
            "has_context": "true",
            "is_title": "false"
        },
        {
            "id": 301,
            "form": ".",
            "pos": "SENT",
            "lemma": ".",
            "has_context": "false",
            "is_title": "false"
        }
    ]
