    [
        {
            "id": 1,
            "form": "L’",
            "pos": "DET",
            "lemma": "il",
            "has_context": "false",
            "is_title": "true"
        },
        {
            "id": 2,
            "form": "esame",
            "pos": "NOM",
            "lemma": "esame",
            "has_context": "false",
            "is_title": "true"
        },
        {
            "id": 3,
            "form": "di",
            "pos": "PRE",
            "lemma": "di",
            "has_context": "false",
            "is_title": "true"
        },
        {
            "id": 4,
            "form": "maturità",
            "pos": "NOM",
            "lemma": "maturità",
            "has_context": "true",
            "is_title": "true"
        },
        {
            "id": 5,
            "form": "Gli",
            "pos": "DET",
            "lemma": "il",
            "has_context": "false",
            "is_title": "false"
        },
        {
            "id": 6,
            "form": "esami",
            "pos": "NOM",
            "lemma": "esame",
            "has_context": "false",
            "is_title": "false"
        },
        {
            "id": 7,
            "form": "di",
            "pos": "PRE",
            "lemma": "di",
            "has_context": "false",
            "is_title": "false"
        },
        {
            "id": 8,
            "form": "maturità",
            "pos": "NOM",
            "lemma": "maturità",
            "has_context": "true",
            "is_title": "false"
        },
        {
            "id": 9,
            "form": "furono",
            "pos": "VER",
            "lemma": "essere",
            "has_context": "false",
            "is_title": "false"
        },
        {
            "id": 10,
            "form": "per",
            "pos": "PRE",
            "lemma": "per",
            "has_context": "false",
            "is_title": "false"
        },
        {
            "id": 11,
            "form": "me",
            "pos": "PRO",
            "lemma": "me",
            "has_context": "false",
            "is_title": "false"
        },
        {
            "id": 12,
            "form": "un",
            "pos": "DET",
            "lemma": "un",
            "has_context": "false",
            "is_title": "false"
        },
        {
            "id": 13,
            "form": "incubo",
            "pos": "NOM",
            "lemma": "incubo",
            "has_context": "true",
            "is_title": "false"
        },
        {
            "id": 14,
            "form": ".",
            "pos": "SENT",
            "lemma": ".",
            "has_context": "false",
            "is_title": "false"
        },
        {
            "id": 15,
            "form": "Mi",
            "pos": "PRO",
            "lemma": "mi",
            "has_context": "false",
            "is_title": "false"
        },
        {
            "id": 16,
            "form": "ricordo",
            "pos": "VER",
            "lemma": "ricordare",
            "has_context": "false",
            "is_title": "false"
        },
        {
            "id": 17,
            "form": "che",
            "pos": "CON",
            "lemma": "che",
            "has_context": "false",
            "is_title": "false"
        },
        {
            "id": 18,
            "form": "dovetti",
            "pos": "VER",
            "lemma": "dovere",
            "has_context": "false",
            "is_title": "false"
        },
        {
            "id": 19,
            "form": "studiare",
            "pos": "VER",
            "lemma": "studiare",
            "has_context": "false",
            "is_title": "false"
        },
        {
            "id": 20,
            "form": "notte",
            "pos": "NOM",
            "lemma": "notte",
            "has_context": "false",
            "is_title": "false"
        },
        {
            "id": 21,
            "form": "e",
            "pos": "CON",
            "lemma": "e",
            "has_context": "false",
            "is_title": "false"
        },
        {
            "id": 22,
            "form": "giorno",
            "pos": "NOM",
            "lemma": "giorno",
            "has_context": "false",
            "is_title": "false"
        },
        {
            "id": 23,
            "form": "per",
            "pos": "PRE",
            "lemma": "per",
            "has_context": "false",
            "is_title": "false"
        },
        {
            "id": 24,
            "form": "arrivare",
            "pos": "VER",
            "lemma": "arrivare",
            "has_context": "false",
            "is_title": "false"
        },
        {
            "id": 25,
            "form": "preparata",
            "pos": "ADJ",
            "lemma": "preparato",
            "has_context": "true",
            "is_title": "false"
        },
        {
            "id": 26,
            "form": "all’",
            "pos": "PRE",
            "lemma": "al",
            "has_context": "false",
            "is_title": "false"
        },
        {
            "id": 27,
            "form": "esame",
            "pos": "NOM",
            "lemma": "esame",
            "has_context": "false",
            "is_title": "false"
        },
        {
            "id": 28,
            "form": "più",
            "pos": "ADV",
            "lemma": "più",
            "has_context": "false",
            "is_title": "false"
        },
        {
            "id": 29,
            "form": "difficile",
            "pos": "ADJ",
            "lemma": "difficile",
            "has_context": "false",
            "is_title": "false"
        },
        {
            "id": 30,
            "form": "della",
            "pos": "PRE",
            "lemma": "del",
            "has_context": "false",
            "is_title": "false"
        },
        {
            "id": 31,
            "form": "mia",
            "pos": "ADJ",
            "lemma": "mio",
            "has_context": "false",
            "is_title": "false"
        },
        {
            "id": 32,
            "form": "vita",
            "pos": "NOM",
            "lemma": "vita",
            "has_context": "true",
            "is_title": "false"
        },
        {
            "id": 33,
            "form": ".",
            "pos": "SENT",
            "lemma": ".",
            "has_context": "false",
            "is_title": "false"
        },
        {
            "id": 34,
            "form": "Il",
            "pos": "DET",
            "lemma": "il",
            "has_context": "false",
            "is_title": "false"
        },
        {
            "id": 35,
            "form": "primo",
            "pos": "ADJ",
            "lemma": "primo",
            "has_context": "false",
            "is_title": "false"
        },
        {
            "id": 36,
            "form": "giorno",
            "pos": "NOM",
            "lemma": "giorno",
            "has_context": "false",
            "is_title": "false"
        },
        {
            "id": 37,
            "form": "di",
            "pos": "PRE",
            "lemma": "di",
            "has_context": "false",
            "is_title": "false"
        },
        {
            "id": 38,
            "form": "esami",
            "pos": "NOM",
            "lemma": "esame",
            "has_context": "false",
            "is_title": "false"
        },
        {
            "id": 39,
            "form": "ci",
            "pos": "ADV",
            "lemma": "ci",
            "has_context": "false",
            "is_title": "false"
        },
        {
            "id": 40,
            "form": "fu",
            "pos": "VER",
            "lemma": "essere",
            "has_context": "false",
            "is_title": "false"
        },
        {
            "id": 41,
            "form": "la",
            "pos": "DET",
            "lemma": "il",
            "has_context": "false",
            "is_title": "false"
        },
        {
            "id": 42,
            "form": "prova",
            "pos": "NOM",
            "lemma": "prova",
            "has_context": "true",
            "is_title": "false"
        },
        {
            "id": 43,
            "form": "di",
            "pos": "PRE",
            "lemma": "di",
            "has_context": "false",
            "is_title": "false"
        },
        {
            "id": 44,
            "form": "lingua",
            "pos": "NOM",
            "lemma": "lingua",
            "has_context": "false",
            "is_title": "false"
        },
        {
            "id": 45,
            "form": "italiana",
            "pos": "ADJ",
            "lemma": "italiano",
            "has_context": "false",
            "is_title": "false"
        },
        {
            "id": 46,
            "form": ".",
            "pos": "SENT",
            "lemma": ".",
            "has_context": "false",
            "is_title": "false"
        },
        {
            "id": 47,
            "form": "I",
            "pos": "DET",
            "lemma": "il",
            "has_context": "false",
            "is_title": "false"
        },
        {
            "id": 48,
            "form": "professori",
            "pos": "NOM",
            "lemma": "professore",
            "has_context": "false",
            "is_title": "false"
        },
        {
            "id": 49,
            "form": "ci",
            "pos": "PRO",
            "lemma": "ci",
            "has_context": "false",
            "is_title": "false"
        },
        {
            "id": 50,
            "form": "chiesero",
            "pos": "VER",
            "lemma": "chiedere",
            "has_context": "false",
            "is_title": "false"
        },
        {
            "id": 51,
            "form": "di",
            "pos": "PRE",
            "lemma": "di",
            "has_context": "false",
            "is_title": "false"
        },
        {
            "id": 52,
            "form": "scrivere",
            "pos": "VER",
            "lemma": "scrivere",
            "has_context": "false",
            "is_title": "false"
        },
        {
            "id": 53,
            "form": "un",
            "pos": "DET",
            "lemma": "un",
            "has_context": "false",
            "is_title": "false"
        },
        {
            "id": 54,
            "form": "tema",
            "pos": "NOM",
            "lemma": "tema",
            "has_context": "true",
            "is_title": "false"
        },
        {
            "id": 55,
            "form": "e",
            "pos": "CON",
            "lemma": "e",
            "has_context": "false",
            "is_title": "false"
        },
        {
            "id": 56,
            "form": "di",
            "pos": "PRE",
            "lemma": "di",
            "has_context": "false",
            "is_title": "false"
        },
        {
            "id": 57,
            "form": "dire",
            "pos": "VER",
            "lemma": "dire",
            "has_context": "false",
            "is_title": "false"
        },
        {
            "id": 58,
            "form": "cosa",
            "pos": "PRO",
            "lemma": "cosa",
            "has_context": "false",
            "is_title": "false"
        },
        {
            "id": 59,
            "form": "pensavamo",
            "pos": "VER",
            "lemma": "pensare",
            "has_context": "false",
            "is_title": "false"
        },
        {
            "id": 60,
            "form": "del",
            "pos": "PRE",
            "lemma": "del",
            "has_context": "false",
            "is_title": "false"
        },
        {
            "id": 61,
            "form": "problema",
            "pos": "NOM",
            "lemma": "problema",
            "has_context": "false",
            "is_title": "false"
        },
        {
            "id": 62,
            "form": "dell’",
            "pos": "PRE",
            "lemma": "del",
            "has_context": "false",
            "is_title": "false"
        },
        {
            "id": 63,
            "form": "inquinamento",
            "pos": "NOM",
            "lemma": "inquinamento",
            "has_context": "true",
            "is_title": "false"
        },
        {
            "id": 64,
            "form": ".",
            "pos": "SENT",
            "lemma": ".",
            "has_context": "false",
            "is_title": "false"
        },
        {
            "id": 65,
            "form": "Il",
            "pos": "DET",
            "lemma": "il",
            "has_context": "false",
            "is_title": "false"
        },
        {
            "id": 66,
            "form": "secondo",
            "pos": "ADJ",
            "lemma": "secondo",
            "has_context": "false",
            "is_title": "false"
        },
        {
            "id": 67,
            "form": "giorno",
            "pos": "NOM",
            "lemma": "giorno",
            "has_context": "false",
            "is_title": "false"
        },
        {
            "id": 68,
            "form": "invece",
            "pos": "CON",
            "lemma": "invece",
            "has_context": "false",
            "is_title": "false"
        },
        {
            "id": 69,
            "form": "ci",
            "pos": "ADV",
            "lemma": "ci",
            "has_context": "false",
            "is_title": "false"
        },
        {
            "id": 70,
            "form": "fu",
            "pos": "VER",
            "lemma": "essere",
            "has_context": "false",
            "is_title": "false"
        },
        {
            "id": 71,
            "form": "la",
            "pos": "DET",
            "lemma": "il",
            "has_context": "false",
            "is_title": "false"
        },
        {
            "id": 72,
            "form": "prova",
            "pos": "NOM",
            "lemma": "prova",
            "has_context": "true",
            "is_title": "false"
        },
        {
            "id": 73,
            "form": "di",
            "pos": "PRE",
            "lemma": "di",
            "has_context": "false",
            "is_title": "false"
        },
        {
            "id": 74,
            "form": "matematica",
            "pos": "NOM",
            "lemma": "matematica",
            "has_context": "false",
            "is_title": "false"
        },
        {
            "id": 75,
            "form": ".",
            "pos": "SENT",
            "lemma": ".",
            "has_context": "false",
            "is_title": "false"
        },
        {
            "id": 76,
            "form": "Mi",
            "pos": "PRO",
            "lemma": "mi",
            "has_context": "false",
            "is_title": "false"
        },
        {
            "id": 77,
            "form": "ricordo",
            "pos": "VER",
            "lemma": "ricordare",
            "has_context": "false",
            "is_title": "false"
        },
        {
            "id": 78,
            "form": "che",
            "pos": "CON",
            "lemma": "che",
            "has_context": "false",
            "is_title": "false"
        },
        {
            "id": 79,
            "form": "l’",
            "pos": "DET",
            "lemma": "il",
            "has_context": "false",
            "is_title": "false"
        },
        {
            "id": 80,
            "form": "esame",
            "pos": "NOM",
            "lemma": "esame",
            "has_context": "false",
            "is_title": "false"
        },
        {
            "id": 81,
            "form": "fu",
            "pos": "VER",
            "lemma": "essere",
            "has_context": "false",
            "is_title": "false"
        },
        {
            "id": 82,
            "form": "molto",
            "pos": "ADV",
            "lemma": "molto",
            "has_context": "false",
            "is_title": "false"
        },
        {
            "id": 83,
            "form": "complicato",
            "pos": "VER",
            "lemma": "complicare",
            "has_context": "true",
            "is_title": "false"
        },
        {
            "id": 84,
            "form": ".",
            "pos": "SENT",
            "lemma": ".",
            "has_context": "false",
            "is_title": "false"
        },
        {
            "id": 85,
            "form": "Ci",
            "pos": "PRO",
            "lemma": "ci",
            "has_context": "false",
            "is_title": "false"
        },
        {
            "id": 86,
            "form": "diedero",
            "pos": "VER",
            "lemma": "dare",
            "has_context": "false",
            "is_title": "false"
        },
        {
            "id": 87,
            "form": "tre",
            "pos": "ADJ",
            "lemma": "tre",
            "has_context": "false",
            "is_title": "false"
        },
        {
            "id": 88,
            "form": "ore",
            "pos": "NOM",
            "lemma": "ora",
            "has_context": "false",
            "is_title": "false"
        },
        {
            "id": 89,
            "form": "di",
            "pos": "PRE",
            "lemma": "di",
            "has_context": "false",
            "is_title": "false"
        },
        {
            "id": 90,
            "form": "tempo",
            "pos": "NOM",
            "lemma": "tempo",
            "has_context": "false",
            "is_title": "false"
        },
        {
            "id": 91,
            "form": "per",
            "pos": "PRE",
            "lemma": "per",
            "has_context": "false",
            "is_title": "false"
        },
        {
            "id": 92,
            "form": "finire",
            "pos": "VER",
            "lemma": "finire",
            "has_context": "false",
            "is_title": "false"
        },
        {
            "id": 93,
            "form": "la",
            "pos": "DET",
            "lemma": "il",
            "has_context": "false",
            "is_title": "false"
        },
        {
            "id": 94,
            "form": "prova",
            "pos": "NOM",
            "lemma": "prova",
            "has_context": "true",
            "is_title": "false"
        },
        {
            "id": 95,
            "form": ".",
            "pos": "SENT",
            "lemma": ".",
            "has_context": "false",
            "is_title": "false"
        },
        {
            "id": 96,
            "form": "Il",
            "pos": "DET",
            "lemma": "il",
            "has_context": "false",
            "is_title": "false"
        },
        {
            "id": 97,
            "form": "terzo",
            "pos": "ADJ",
            "lemma": "terzo",
            "has_context": "false",
            "is_title": "false"
        },
        {
            "id": 98,
            "form": "giorno",
            "pos": "NOM",
            "lemma": "giorno",
            "has_context": "false",
            "is_title": "false"
        },
        {
            "id": 99,
            "form": "invece",
            "pos": "CON",
            "lemma": "invece",
            "has_context": "false",
            "is_title": "false"
        },
        {
            "id": 100,
            "form": "ci",
            "pos": "PRO",
            "lemma": "ci",
            "has_context": "false",
            "is_title": "false"
        },
        {
            "id": 101,
            "form": "fu",
            "pos": "VER",
            "lemma": "essere",
            "has_context": "false",
            "is_title": "false"
        },
        {
            "id": 102,
            "form": "la",
            "pos": "DET",
            "lemma": "il",
            "has_context": "false",
            "is_title": "false"
        },
        {
            "id": 103,
            "form": "prova",
            "pos": "NOM",
            "lemma": "prova",
            "has_context": "true",
            "is_title": "false"
        },
        {
            "id": 104,
            "form": "di",
            "pos": "PRE",
            "lemma": "di",
            "has_context": "false",
            "is_title": "false"
        },
        {
            "id": 105,
            "form": "inglese",
            "pos": "NOM",
            "lemma": "inglese",
            "has_context": "false",
            "is_title": "false"
        },
        {
            "id": 106,
            "form": ".",
            "pos": "SENT",
            "lemma": ".",
            "has_context": "false",
            "is_title": "false"
        },
        {
            "id": 107,
            "form": "La",
            "pos": "DET",
            "lemma": "il",
            "has_context": "false",
            "is_title": "false"
        },
        {
            "id": 108,
            "form": "professoressa",
            "pos": "NOM",
            "lemma": "professoressa",
            "has_context": "false",
            "is_title": "false"
        },
        {
            "id": 109,
            "form": "decise",
            "pos": "VER",
            "lemma": "decidere",
            "has_context": "true",
            "is_title": "false"
        },
        {
            "id": 110,
            "form": "che",
            "pos": "CON",
            "lemma": "che",
            "has_context": "false",
            "is_title": "false"
        },
        {
            "id": 111,
            "form": "dovevamo",
            "pos": "VER",
            "lemma": "dovere",
            "has_context": "false",
            "is_title": "false"
        },
        {
            "id": 112,
            "form": "scrivere",
            "pos": "VER",
            "lemma": "scrivere",
            "has_context": "false",
            "is_title": "false"
        },
        {
            "id": 113,
            "form": "una",
            "pos": "DET",
            "lemma": "una",
            "has_context": "false",
            "is_title": "false"
        },
        {
            "id": 114,
            "form": "storia",
            "pos": "NOM",
            "lemma": "storia",
            "has_context": "false",
            "is_title": "false"
        },
        {
            "id": 115,
            "form": "inventata",
            "pos": "ADJ",
            "lemma": "inventato",
            "has_context": "true",
            "is_title": "false"
        },
        {
            "id": 116,
            "form": "in",
            "pos": "PRE",
            "lemma": "in",
            "has_context": "false",
            "is_title": "false"
        },
        {
            "id": 117,
            "form": "inglese",
            "pos": "NOM",
            "lemma": "inglese",
            "has_context": "false",
            "is_title": "false"
        },
        {
            "id": 118,
            "form": ".",
            "pos": "SENT",
            "lemma": ".",
            "has_context": "false",
            "is_title": "false"
        },
        {
            "id": 119,
            "form": "Dopo",
            "pos": "PRE",
            "lemma": "dopo",
            "has_context": "false",
            "is_title": "false"
        },
        {
            "id": 120,
            "form": "gli",
            "pos": "DET",
            "lemma": "il",
            "has_context": "false",
            "is_title": "false"
        },
        {
            "id": 121,
            "form": "esami",
            "pos": "NOM",
            "lemma": "esame",
            "has_context": "false",
            "is_title": "false"
        },
        {
            "id": 122,
            "form": "scritti",
            "pos": "ADJ",
            "lemma": "scritto",
            "has_context": "true",
            "is_title": "false"
        },
        {
            "id": 123,
            "form": "dovevamo",
            "pos": "VER",
            "lemma": "dovere",
            "has_context": "false",
            "is_title": "false"
        },
        {
            "id": 124,
            "form": "fare",
            "pos": "VER",
            "lemma": "fare",
            "has_context": "false",
            "is_title": "false"
        },
        {
            "id": 125,
            "form": "anche",
            "pos": "CON",
            "lemma": "anche",
            "has_context": "false",
            "is_title": "false"
        },
        {
            "id": 126,
            "form": "l’",
            "pos": "DET",
            "lemma": "il",
            "has_context": "false",
            "is_title": "false"
        },
        {
            "id": 127,
            "form": "esame",
            "pos": "NOM",
            "lemma": "esame",
            "has_context": "false",
            "is_title": "false"
        },
        {
            "id": 128,
            "form": "orale",
            "pos": "ADJ",
            "lemma": "orale",
            "has_context": "true",
            "is_title": "false"
        },
        {
            "id": 129,
            "form": ".",
            "pos": "SENT",
            "lemma": ".",
            "has_context": "false",
            "is_title": "false"
        },
        {
            "id": 130,
            "form": "L’",
            "pos": "DET",
            "lemma": "il",
            "has_context": "false",
            "is_title": "false"
        },
        {
            "id": 131,
            "form": "esame",
            "pos": "NOM",
            "lemma": "esame",
            "has_context": "false",
            "is_title": "false"
        },
        {
            "id": 132,
            "form": "orale",
            "pos": "ADJ",
            "lemma": "orale",
            "has_context": "true",
            "is_title": "false"
        },
        {
            "id": 133,
            "form": "era",
            "pos": "VER",
            "lemma": "essere",
            "has_context": "false",
            "is_title": "false"
        },
        {
            "id": 134,
            "form": "un’",
            "pos": "DET",
            "lemma": "un",
            "has_context": "false",
            "is_title": "false"
        },
        {
            "id": 135,
            "form": "interrogazione",
            "pos": "NOM",
            "lemma": "interrogazione",
            "has_context": "true",
            "is_title": "false"
        },
        {
            "id": 136,
            "form": "su",
            "pos": "PRE",
            "lemma": "su",
            "has_context": "false",
            "is_title": "false"
        },
        {
            "id": 137,
            "form": "tutte",
            "pos": "ADJ",
            "lemma": "tutto",
            "has_context": "false",
            "is_title": "false"
        },
        {
            "id": 138,
            "form": "le",
            "pos": "DET",
            "lemma": "il",
            "has_context": "false",
            "is_title": "false"
        },
        {
            "id": 139,
            "form": "materie",
            "pos": "NOM",
            "lemma": "materia",
            "has_context": "false",
            "is_title": "false"
        },
        {
            "id": 140,
            "form": "che",
            "pos": "PRO",
            "lemma": "che",
            "has_context": "false",
            "is_title": "false"
        },
        {
            "id": 141,
            "form": "avevamo",
            "pos": "VER",
            "lemma": "avere",
            "has_context": "false",
            "is_title": "false"
        },
        {
            "id": 142,
            "form": "fatto",
            "pos": "VER",
            "lemma": "fare",
            "has_context": "false",
            "is_title": "false"
        },
        {
            "id": 143,
            "form": "al",
            "pos": "PRE",
            "lemma": "al",
            "has_context": "false",
            "is_title": "false"
        },
        {
            "id": 144,
            "form": "liceo",
            "pos": "NOM",
            "lemma": "liceo",
            "has_context": "true",
            "is_title": "false"
        },
        {
            "id": 145,
            "form": ".",
            "pos": "SENT",
            "lemma": ".",
            "has_context": "false",
            "is_title": "false"
        },
        {
            "id": 146,
            "form": "Dovetti",
            "pos": "VER",
            "lemma": "dovere",
            "has_context": "false",
            "is_title": "false"
        },
        {
            "id": 147,
            "form": "ripassare",
            "pos": "VER",
            "lemma": "ripassare",
            "has_context": "true",
            "is_title": "false"
        },
        {
            "id": 148,
            "form": "tutto",
            "pos": "ADJ",
            "lemma": "tutto",
            "has_context": "false",
            "is_title": "false"
        },
        {
            "id": 149,
            "form": "il",
            "pos": "DET",
            "lemma": "il",
            "has_context": "false",
            "is_title": "false"
        },
        {
            "id": 150,
            "form": "programma",
            "pos": "NOM",
            "lemma": "programma",
            "has_context": "false",
            "is_title": "false"
        },
        {
            "id": 151,
            "form": "e",
            "pos": "CON",
            "lemma": "e",
            "has_context": "false",
            "is_title": "false"
        },
        {
            "id": 152,
            "form": "fu",
            "pos": "VER",
            "lemma": "essere",
            "has_context": "false",
            "is_title": "false"
        },
        {
            "id": 153,
            "form": "molto",
            "pos": "ADV",
            "lemma": "molto",
            "has_context": "false",
            "is_title": "false"
        },
        {
            "id": 154,
            "form": "stressante",
            "pos": "ADJ",
            "lemma": "stressante",
            "has_context": "true",
            "is_title": "false"
        },
        {
            "id": 155,
            "form": ".",
            "pos": "SENT",
            "lemma": ".",
            "has_context": "false",
            "is_title": "false"
        },
        {
            "id": 156,
            "form": "Mi",
            "pos": "PRO",
            "lemma": "mi",
            "has_context": "false",
            "is_title": "false"
        },
        {
            "id": 157,
            "form": "ricordo",
            "pos": "VER",
            "lemma": "ricordare",
            "has_context": "false",
            "is_title": "false"
        },
        {
            "id": 158,
            "form": "anche",
            "pos": "CON",
            "lemma": "anche",
            "has_context": "false",
            "is_title": "false"
        },
        {
            "id": 159,
            "form": "che",
            "pos": "CON",
            "lemma": "che",
            "has_context": "false",
            "is_title": "false"
        },
        {
            "id": 160,
            "form": "prima",
            "pos": "ADV",
            "lemma": "prima",
            "has_context": "false",
            "is_title": "false"
        },
        {
            "id": 161,
            "form": "dell’",
            "pos": "PRE",
            "lemma": "del",
            "has_context": "false",
            "is_title": "false"
        },
        {
            "id": 162,
            "form": "esame",
            "pos": "NOM",
            "lemma": "esame",
            "has_context": "false",
            "is_title": "false"
        },
        {
            "id": 163,
            "form": "piansi",
            "pos": "VER",
            "lemma": "piangere",
            "has_context": "false",
            "is_title": "false"
        },
        {
            "id": 164,
            "form": "per",
            "pos": "PRE",
            "lemma": "per",
            "has_context": "false",
            "is_title": "false"
        },
        {
            "id": 165,
            "form": "l’",
            "pos": "DET",
            "lemma": "il",
            "has_context": "false",
            "is_title": "false"
        },
        {
            "id": 166,
            "form": "agitazione",
            "pos": "NOM",
            "lemma": "agitazione",
            "has_context": "true",
            "is_title": "false"
        },
        {
            "id": 167,
            "form": ".",
            "pos": "SENT",
            "lemma": ".",
            "has_context": "false",
            "is_title": "false"
        },
        {
            "id": 168,
            "form": "Quando",
            "pos": "CON",
            "lemma": "quando",
            "has_context": "false",
            "is_title": "false"
        },
        {
            "id": 169,
            "form": "venne",
            "pos": "VER",
            "lemma": "venire",
            "has_context": "false",
            "is_title": "false"
        },
        {
            "id": 170,
            "form": "il",
            "pos": "DET",
            "lemma": "il",
            "has_context": "false",
            "is_title": "false"
        },
        {
            "id": 171,
            "form": "mio",
            "pos": "ADJ",
            "lemma": "mio",
            "has_context": "false",
            "is_title": "false"
        },
        {
            "id": 172,
            "form": "turno",
            "pos": "NOM",
            "lemma": "turno",
            "has_context": "true",
            "is_title": "false"
        },
        {
            "id": 173,
            "form": "ebbi",
            "pos": "VER",
            "lemma": "avere",
            "has_context": "false",
            "is_title": "false"
        },
        {
            "id": 174,
            "form": "così",
            "pos": "ADV",
            "lemma": "così",
            "has_context": "false",
            "is_title": "false"
        },
        {
            "id": 175,
            "form": "paura",
            "pos": "NOM",
            "lemma": "paura",
            "has_context": "false",
            "is_title": "false"
        },
        {
            "id": 176,
            "form": "che",
            "pos": "CON",
            "lemma": "che",
            "has_context": "false",
            "is_title": "false"
        },
        {
            "id": 177,
            "form": "non",
            "pos": "ADV",
            "lemma": "non",
            "has_context": "false",
            "is_title": "false"
        },
        {
            "id": 178,
            "form": "riuscii",
            "pos": "VER",
            "lemma": "riuscire",
            "has_context": "true",
            "is_title": "false"
        },
        {
            "id": 179,
            "form": "a",
            "pos": "PRE",
            "lemma": "a",
            "has_context": "false",
            "is_title": "false"
        },
        {
            "id": 180,
            "form": "dire",
            "pos": "VER",
            "lemma": "dire",
            "has_context": "false",
            "is_title": "false"
        },
        {
            "id": 181,
            "form": "una",
            "pos": "DET",
            "lemma": "una",
            "has_context": "false",
            "is_title": "false"
        },
        {
            "id": 182,
            "form": "parola",
            "pos": "NOM",
            "lemma": "parola",
            "has_context": "false",
            "is_title": "false"
        },
        {
            "id": 183,
            "form": ".",
            "pos": "SENT",
            "lemma": ".",
            "has_context": "false",
            "is_title": "false"
        },
        {
            "id": 184,
            "form": "Alla",
            "pos": "PRE",
            "lemma": "al",
            "has_context": "false",
            "is_title": "false"
        },
        {
            "id": 185,
            "form": "fine",
            "pos": "NOM",
            "lemma": "fine",
            "has_context": "false",
            "is_title": "false"
        },
        {
            "id": 186,
            "form": "però",
            "pos": "CON",
            "lemma": "però",
            "has_context": "false",
            "is_title": "false"
        },
        {
            "id": 187,
            "form": "i",
            "pos": "DET",
            "lemma": "il",
            "has_context": "false",
            "is_title": "false"
        },
        {
            "id": 188,
            "form": "miei",
            "pos": "ADJ",
            "lemma": "mio",
            "has_context": "false",
            "is_title": "false"
        },
        {
            "id": 189,
            "form": "compagni",
            "pos": "NOM",
            "lemma": "compagno",
            "has_context": "false",
            "is_title": "false"
        },
        {
            "id": 190,
            "form": "mi",
            "pos": "PRO",
            "lemma": "mi",
            "has_context": "false",
            "is_title": "false"
        },
        {
            "id": 191,
            "form": "fecero",
            "pos": "VER",
            "lemma": "fare",
            "has_context": "false",
            "is_title": "false"
        },
        {
            "id": 192,
            "form": "capire",
            "pos": "VER",
            "lemma": "capire",
            "has_context": "false",
            "is_title": "false"
        },
        {
            "id": 193,
            "form": "che",
            "pos": "CON",
            "lemma": "che",
            "has_context": "false",
            "is_title": "false"
        },
        {
            "id": 194,
            "form": "l’",
            "pos": "DET",
            "lemma": "il",
            "has_context": "false",
            "is_title": "false"
        },
        {
            "id": 195,
            "form": "esame",
            "pos": "NOM",
            "lemma": "esame",
            "has_context": "false",
            "is_title": "false"
        },
        {
            "id": 196,
            "form": "non",
            "pos": "ADV",
            "lemma": "non",
            "has_context": "false",
            "is_title": "false"
        },
        {
            "id": 197,
            "form": "era",
            "pos": "VER",
            "lemma": "essere",
            "has_context": "false",
            "is_title": "false"
        },
        {
            "id": 198,
            "form": "poi",
            "pos": "ADV",
            "lemma": "poi",
            "has_context": "false",
            "is_title": "false"
        },
        {
            "id": 199,
            "form": "così",
            "pos": "ADV",
            "lemma": "così",
            "has_context": "false",
            "is_title": "false"
        },
        {
            "id": 200,
            "form": "difficile",
            "pos": "ADJ",
            "lemma": "difficile",
            "has_context": "false",
            "is_title": "false"
        },
        {
            "id": 201,
            "form": ",",
            "pos": "PON",
            "lemma": ",",
            "has_context": "false",
            "is_title": "false"
        },
        {
            "id": 202,
            "form": "così",
            "pos": "ADV",
            "lemma": "così",
            "has_context": "false",
            "is_title": "false"
        },
        {
            "id": 203,
            "form": "feci",
            "pos": "VER",
            "lemma": "fare",
            "has_context": "false",
            "is_title": "false"
        },
        {
            "id": 204,
            "form": "l’",
            "pos": "DET",
            "lemma": "il",
            "has_context": "false",
            "is_title": "false"
        },
        {
            "id": 205,
            "form": "esame",
            "pos": "NOM",
            "lemma": "esame",
            "has_context": "false",
            "is_title": "false"
        },
        {
            "id": 206,
            "form": "e",
            "pos": "CON",
            "lemma": "e",
            "has_context": "false",
            "is_title": "false"
        },
        {
            "id": 207,
            "form": "lo",
            "pos": "PRO",
            "lemma": "lo",
            "has_context": "false",
            "is_title": "false"
        },
        {
            "id": 208,
            "form": "superai",
            "pos": "VER",
            "lemma": "superare",
            "has_context": "true",
            "is_title": "false"
        },
        {
            "id": 209,
            "form": "con",
            "pos": "PRE",
            "lemma": "con",
            "has_context": "false",
            "is_title": "false"
        },
        {
            "id": 210,
            "form": "ottimi",
            "pos": "ADJ",
            "lemma": "ottimo",
            "has_context": "true",
            "is_title": "false"
        },
        {
            "id": 211,
            "form": "voti",
            "pos": "NOM",
            "lemma": "voto",
            "has_context": "true",
            "is_title": "false"
        },
        {
            "id": 212,
            "form": ".",
            "pos": "SENT",
            "lemma": ".",
            "has_context": "false",
            "is_title": "false"
        }
    ]
