    [
        {
            "id": 1,
            "form": "Beethoven",
            "pos": "NPR",
            "lemma": "Beethoven",
            "has_context": "false",
            "is_title": "true"
        },
        {
            "id": 2,
            "form": "Ludwig",
            "pos": "NPR",
            "lemma": "Ludwig",
            "has_context": "false",
            "is_title": "false"
        },
        {
            "id": 3,
            "form": "van",
            "pos": "NPR",
            "lemma": "van",
            "has_context": "false",
            "is_title": "false"
        },
        {
            "id": 4,
            "form": "Beethoven",
            "pos": "NPR",
            "lemma": "Beethoven",
            "has_context": "false",
            "is_title": "false"
        },
        {
            "id": 5,
            "form": ",",
            "pos": "PON",
            "lemma": ",",
            "has_context": "false",
            "is_title": "false"
        },
        {
            "id": 6,
            "form": "conosciuto",
            "pos": "VER",
            "lemma": "conoscere",
            "has_context": "false",
            "is_title": "false"
        },
        {
            "id": 7,
            "form": "come",
            "pos": "PRE",
            "lemma": "come",
            "has_context": "false",
            "is_title": "false"
        },
        {
            "id": 8,
            "form": "Beethoven",
            "pos": "NPR",
            "lemma": "Beethoven",
            "has_context": "false",
            "is_title": "false"
        },
        {
            "id": 9,
            "form": ",",
            "pos": "PON",
            "lemma": ",",
            "has_context": "false",
            "is_title": "false"
        },
        {
            "id": 10,
            "form": "fu",
            "pos": "VER",
            "lemma": "essere",
            "has_context": "false",
            "is_title": "false"
        },
        {
            "id": 11,
            "form": "un",
            "pos": "DET",
            "lemma": "un",
            "has_context": "false",
            "is_title": "false"
        },
        {
            "id": 12,
            "form": "celebre",
            "pos": "ADJ",
            "lemma": "celebre",
            "has_context": "true",
            "is_title": "false"
        },
        {
            "id": 13,
            "form": "compositore",
            "pos": "NOM",
            "lemma": "compositore",
            "has_context": "true",
            "is_title": "false"
        },
        {
            "id": 14,
            "form": "tedesco",
            "pos": "ADJ",
            "lemma": "tedesco",
            "has_context": "false",
            "is_title": "false"
        },
        {
            "id": 15,
            "form": ".",
            "pos": "SENT",
            "lemma": ".",
            "has_context": "false",
            "is_title": "false"
        },
        {
            "id": 16,
            "form": "Prima",
            "pos": "ADV",
            "lemma": "prima",
            "has_context": "false",
            "is_title": "false"
        },
        {
            "id": 17,
            "form": "di",
            "pos": "PRE",
            "lemma": "di",
            "has_context": "false",
            "is_title": "false"
        },
        {
            "id": 18,
            "form": "diventare",
            "pos": "VER",
            "lemma": "diventare",
            "has_context": "true",
            "is_title": "false"
        },
        {
            "id": 19,
            "form": "il",
            "pos": "DET",
            "lemma": "il",
            "has_context": "false",
            "is_title": "false"
        },
        {
            "id": 20,
            "form": "famoso",
            "pos": "ADJ",
            "lemma": "famoso",
            "has_context": "true",
            "is_title": "false"
        },
        {
            "id": 21,
            "form": "pianista",
            "pos": "NOM",
            "lemma": "pianista",
            "has_context": "true",
            "is_title": "false"
        },
        {
            "id": 22,
            "form": "e",
            "pos": "CON",
            "lemma": "e",
            "has_context": "false",
            "is_title": "false"
        },
        {
            "id": 23,
            "form": "compositore",
            "pos": "NOM",
            "lemma": "compositore",
            "has_context": "true",
            "is_title": "false"
        },
        {
            "id": 24,
            "form": "che",
            "pos": "PRO",
            "lemma": "che",
            "has_context": "false",
            "is_title": "false"
        },
        {
            "id": 25,
            "form": "tutti",
            "pos": "PRO",
            "lemma": "tutto",
            "has_context": "false",
            "is_title": "false"
        },
        {
            "id": 26,
            "form": "conosciamo",
            "pos": "VER",
            "lemma": "conoscere",
            "has_context": "false",
            "is_title": "false"
        },
        {
            "id": 27,
            "form": ",",
            "pos": "PON",
            "lemma": ",",
            "has_context": "false",
            "is_title": "false"
        },
        {
            "id": 28,
            "form": "Beethoven",
            "pos": "NPR",
            "lemma": "Beethoven",
            "has_context": "false",
            "is_title": "false"
        },
        {
            "id": 29,
            "form": "ebbe",
            "pos": "VER",
            "lemma": "avere",
            "has_context": "false",
            "is_title": "false"
        },
        {
            "id": 30,
            "form": "un’",
            "pos": "DET",
            "lemma": "un",
            "has_context": "false",
            "is_title": "false"
        },
        {
            "id": 31,
            "form": "infanzia",
            "pos": "NOM",
            "lemma": "infanzia",
            "has_context": "true",
            "is_title": "false"
        },
        {
            "id": 32,
            "form": "molto",
            "pos": "ADV",
            "lemma": "molto",
            "has_context": "false",
            "is_title": "false"
        },
        {
            "id": 33,
            "form": "infelice",
            "pos": "ADJ",
            "lemma": "infelice",
            "has_context": "true",
            "is_title": "false"
        },
        {
            "id": 34,
            "form": "e",
            "pos": "CON",
            "lemma": "e",
            "has_context": "false",
            "is_title": "false"
        },
        {
            "id": 35,
            "form": "difficile",
            "pos": "ADJ",
            "lemma": "difficile",
            "has_context": "false",
            "is_title": "false"
        },
        {
            "id": 36,
            "form": ".",
            "pos": "SENT",
            "lemma": ".",
            "has_context": "false",
            "is_title": "false"
        },
        {
            "id": 37,
            "form": "Infatti",
            "pos": "CON",
            "lemma": "infatti",
            "has_context": "false",
            "is_title": "false"
        },
        {
            "id": 38,
            "form": "era",
            "pos": "VER",
            "lemma": "essere",
            "has_context": "false",
            "is_title": "false"
        },
        {
            "id": 39,
            "form": "stato",
            "pos": "VER",
            "lemma": "essere",
            "has_context": "false",
            "is_title": "false"
        },
        {
            "id": 40,
            "form": "suo",
            "pos": "ADJ",
            "lemma": "suo",
            "has_context": "false",
            "is_title": "false"
        },
        {
            "id": 41,
            "form": "padre",
            "pos": "NOM",
            "lemma": "padre",
            "has_context": "false",
            "is_title": "false"
        },
        {
            "id": 42,
            "form": "a",
            "pos": "PRE",
            "lemma": "a",
            "has_context": "false",
            "is_title": "false"
        },
        {
            "id": 43,
            "form": "decidere",
            "pos": "VER",
            "lemma": "decidere",
            "has_context": "true",
            "is_title": "false"
        },
        {
            "id": 44,
            "form": "di",
            "pos": "PRE",
            "lemma": "di",
            "has_context": "false",
            "is_title": "false"
        },
        {
            "id": 45,
            "form": "fargli",
            "pos": "VER",
            "lemma": "fare",
            "has_context": "false",
            "is_title": "false"
        },
        {
            "id": 46,
            "form": "studiare",
            "pos": "VER",
            "lemma": "studiare",
            "has_context": "false",
            "is_title": "false"
        },
        {
            "id": 47,
            "form": "la",
            "pos": "DET",
            "lemma": "il",
            "has_context": "false",
            "is_title": "false"
        },
        {
            "id": 48,
            "form": "musica",
            "pos": "NOM",
            "lemma": "musica",
            "has_context": "false",
            "is_title": "false"
        },
        {
            "id": 49,
            "form": "e",
            "pos": "CON",
            "lemma": "e",
            "has_context": "false",
            "is_title": "false"
        },
        {
            "id": 50,
            "form": "gli",
            "pos": "PRO",
            "lemma": "gli",
            "has_context": "false",
            "is_title": "false"
        },
        {
            "id": 51,
            "form": "aveva",
            "pos": "VER",
            "lemma": "avere",
            "has_context": "false",
            "is_title": "false"
        },
        {
            "id": 52,
            "form": "trovato",
            "pos": "VER",
            "lemma": "trovare",
            "has_context": "false",
            "is_title": "false"
        },
        {
            "id": 53,
            "form": "un",
            "pos": "DET",
            "lemma": "un",
            "has_context": "false",
            "is_title": "false"
        },
        {
            "id": 54,
            "form": "insegnante",
            "pos": "NOM",
            "lemma": "insegnante",
            "has_context": "false",
            "is_title": "false"
        },
        {
            "id": 55,
            "form": "privato",
            "pos": "ADJ",
            "lemma": "privato",
            "has_context": "true",
            "is_title": "false"
        },
        {
            "id": 56,
            "form": ".",
            "pos": "SENT",
            "lemma": ".",
            "has_context": "false",
            "is_title": "false"
        },
        {
            "id": 57,
            "form": "Il",
            "pos": "DET",
            "lemma": "il",
            "has_context": "false",
            "is_title": "false"
        },
        {
            "id": 58,
            "form": "padre",
            "pos": "NOM",
            "lemma": "padre",
            "has_context": "false",
            "is_title": "false"
        },
        {
            "id": 59,
            "form": "aveva",
            "pos": "VER",
            "lemma": "avere",
            "has_context": "false",
            "is_title": "false"
        },
        {
            "id": 60,
            "form": "pensato",
            "pos": "VER",
            "lemma": "pensare",
            "has_context": "false",
            "is_title": "false"
        },
        {
            "id": 61,
            "form": "di",
            "pos": "PRE",
            "lemma": "di",
            "has_context": "false",
            "is_title": "false"
        },
        {
            "id": 62,
            "form": "sfruttare",
            "pos": "VER",
            "lemma": "sfruttare",
            "has_context": "true",
            "is_title": "false"
        },
        {
            "id": 63,
            "form": "il",
            "pos": "DET",
            "lemma": "il",
            "has_context": "false",
            "is_title": "false"
        },
        {
            "id": 64,
            "form": "talento",
            "pos": "NOM",
            "lemma": "talento",
            "has_context": "true",
            "is_title": "false"
        },
        {
            "id": 65,
            "form": "musicale",
            "pos": "ADJ",
            "lemma": "musicale",
            "has_context": "true",
            "is_title": "false"
        },
        {
            "id": 66,
            "form": "del",
            "pos": "PRE",
            "lemma": "del",
            "has_context": "false",
            "is_title": "false"
        },
        {
            "id": 67,
            "form": "figlio",
            "pos": "NOM",
            "lemma": "figlio",
            "has_context": "false",
            "is_title": "false"
        },
        {
            "id": 68,
            "form": "per",
            "pos": "PRE",
            "lemma": "per",
            "has_context": "false",
            "is_title": "false"
        },
        {
            "id": 69,
            "form": "il",
            "pos": "DET",
            "lemma": "il",
            "has_context": "false",
            "is_title": "false"
        },
        {
            "id": 70,
            "form": "proprio",
            "pos": "ADJ",
            "lemma": "proprio",
            "has_context": "true",
            "is_title": "false"
        },
        {
            "id": 71,
            "form": "guadagno",
            "pos": "NOM",
            "lemma": "guadagno",
            "has_context": "true",
            "is_title": "false"
        },
        {
            "id": 72,
            "form": ".",
            "pos": "SENT",
            "lemma": ".",
            "has_context": "false",
            "is_title": "false"
        },
        {
            "id": 73,
            "form": "Beethoven",
            "pos": "NPR",
            "lemma": "Beethoven",
            "has_context": "false",
            "is_title": "false"
        },
        {
            "id": 74,
            "form": "si",
            "pos": "PRO",
            "lemma": "si",
            "has_context": "false",
            "is_title": "false"
        },
        {
            "id": 75,
            "form": "era",
            "pos": "VER",
            "lemma": "essere",
            "has_context": "false",
            "is_title": "false"
        },
        {
            "id": 76,
            "form": "impegnato",
            "pos": "VER",
            "lemma": "impegnare",
            "has_context": "true",
            "is_title": "false"
        },
        {
            "id": 77,
            "form": "a",
            "pos": "PRE",
            "lemma": "a",
            "has_context": "false",
            "is_title": "false"
        },
        {
            "id": 78,
            "form": "studiare",
            "pos": "VER",
            "lemma": "studiare",
            "has_context": "false",
            "is_title": "false"
        },
        {
            "id": 79,
            "form": "come",
            "pos": "CON",
            "lemma": "come",
            "has_context": "false",
            "is_title": "false"
        },
        {
            "id": 80,
            "form": "voleva",
            "pos": "VER",
            "lemma": "volere",
            "has_context": "false",
            "is_title": "false"
        },
        {
            "id": 81,
            "form": "il",
            "pos": "DET",
            "lemma": "il",
            "has_context": "false",
            "is_title": "false"
        },
        {
            "id": 82,
            "form": "padre",
            "pos": "NOM",
            "lemma": "padre",
            "has_context": "false",
            "is_title": "false"
        },
        {
            "id": 83,
            "form": "e",
            "pos": "CON",
            "lemma": "e",
            "has_context": "false",
            "is_title": "false"
        },
        {
            "id": 84,
            "form": "aveva",
            "pos": "VER",
            "lemma": "avere",
            "has_context": "false",
            "is_title": "false"
        },
        {
            "id": 85,
            "form": "imparato",
            "pos": "VER",
            "lemma": "imparare",
            "has_context": "false",
            "is_title": "false"
        },
        {
            "id": 86,
            "form": "a",
            "pos": "PRE",
            "lemma": "a",
            "has_context": "false",
            "is_title": "false"
        },
        {
            "id": 87,
            "form": "suonare",
            "pos": "VER",
            "lemma": "suonare",
            "has_context": "false",
            "is_title": "false"
        },
        {
            "id": 88,
            "form": "il",
            "pos": "DET",
            "lemma": "il",
            "has_context": "false",
            "is_title": "false"
        },
        {
            "id": 89,
            "form": "piano",
            "pos": "NOM",
            "lemma": "piano",
            "has_context": "false",
            "is_title": "false"
        },
        {
            "id": 90,
            "form": "e",
            "pos": "CON",
            "lemma": "e",
            "has_context": "false",
            "is_title": "false"
        },
        {
            "id": 91,
            "form": "il",
            "pos": "DET",
            "lemma": "il",
            "has_context": "false",
            "is_title": "false"
        },
        {
            "id": 92,
            "form": "violino",
            "pos": "NOM",
            "lemma": "violino",
            "has_context": "true",
            "is_title": "false"
        },
        {
            "id": 93,
            "form": ".",
            "pos": "SENT",
            "lemma": ".",
            "has_context": "false",
            "is_title": "false"
        },
        {
            "id": 94,
            "form": "Successivamente",
            "pos": "ADV",
            "lemma": "successivamente",
            "has_context": "true",
            "is_title": "false"
        },
        {
            "id": 95,
            "form": "aveva",
            "pos": "VER",
            "lemma": "avere",
            "has_context": "false",
            "is_title": "false"
        },
        {
            "id": 96,
            "form": "cominciato",
            "pos": "VER",
            "lemma": "cominciare",
            "has_context": "false",
            "is_title": "false"
        },
        {
            "id": 97,
            "form": "ad",
            "pos": "PRE",
            "lemma": "ad",
            "has_context": "false",
            "is_title": "false"
        },
        {
            "id": 98,
            "form": "insegnare",
            "pos": "VER",
            "lemma": "insegnare",
            "has_context": "false",
            "is_title": "false"
        },
        {
            "id": 99,
            "form": "lui",
            "pos": "PRO",
            "lemma": "lui",
            "has_context": "false",
            "is_title": "false"
        },
        {
            "id": 100,
            "form": "stesso",
            "pos": "ADJ",
            "lemma": "stesso",
            "has_context": "false",
            "is_title": "false"
        },
        {
            "id": 101,
            "form": "musica",
            "pos": "NOM",
            "lemma": "musica",
            "has_context": "false",
            "is_title": "false"
        },
        {
            "id": 102,
            "form": "ai",
            "pos": "PRE",
            "lemma": "al",
            "has_context": "false",
            "is_title": "false"
        },
        {
            "id": 103,
            "form": "figli",
            "pos": "NOM",
            "lemma": "figlio",
            "has_context": "false",
            "is_title": "false"
        },
        {
            "id": 104,
            "form": "di",
            "pos": "PRE",
            "lemma": "di",
            "has_context": "false",
            "is_title": "false"
        },
        {
            "id": 105,
            "form": "una",
            "pos": "DET",
            "lemma": "una",
            "has_context": "false",
            "is_title": "false"
        },
        {
            "id": 106,
            "form": "ricca",
            "pos": "ADJ",
            "lemma": "ricco",
            "has_context": "false",
            "is_title": "false"
        },
        {
            "id": 107,
            "form": "vedova",
            "pos": "NOM",
            "lemma": "vedova",
            "has_context": "true",
            "is_title": "false"
        },
        {
            "id": 108,
            "form": ".",
            "pos": "SENT",
            "lemma": ".",
            "has_context": "false",
            "is_title": "false"
        },
        {
            "id": 109,
            "form": "Beethoven",
            "pos": "NPR",
            "lemma": "Beethoven",
            "has_context": "false",
            "is_title": "false"
        },
        {
            "id": 110,
            "form": "allora",
            "pos": "ADV",
            "lemma": "allora",
            "has_context": "false",
            "is_title": "false"
        },
        {
            "id": 111,
            "form": "aveva",
            "pos": "VER",
            "lemma": "avere",
            "has_context": "false",
            "is_title": "false"
        },
        {
            "id": 112,
            "form": "deciso",
            "pos": "VER",
            "lemma": "decidere",
            "has_context": "true",
            "is_title": "false"
        },
        {
            "id": 113,
            "form": "di",
            "pos": "PRE",
            "lemma": "di",
            "has_context": "false",
            "is_title": "false"
        },
        {
            "id": 114,
            "form": "lasciare",
            "pos": "VER",
            "lemma": "lasciare",
            "has_context": "false",
            "is_title": "false"
        },
        {
            "id": 115,
            "form": "la",
            "pos": "DET",
            "lemma": "il",
            "has_context": "false",
            "is_title": "false"
        },
        {
            "id": 116,
            "form": "casa",
            "pos": "NOM",
            "lemma": "casa",
            "has_context": "false",
            "is_title": "false"
        },
        {
            "id": 117,
            "form": "dove",
            "pos": "PRO",
            "lemma": "dove",
            "has_context": "false",
            "is_title": "false"
        },
        {
            "id": 118,
            "form": "era",
            "pos": "VER",
            "lemma": "essere",
            "has_context": "false",
            "is_title": "false"
        },
        {
            "id": 119,
            "form": "nato",
            "pos": "VER",
            "lemma": "nascere",
            "has_context": "false",
            "is_title": "false"
        },
        {
            "id": 120,
            "form": "e",
            "pos": "CON",
            "lemma": "e",
            "has_context": "false",
            "is_title": "false"
        },
        {
            "id": 121,
            "form": "cresciuto",
            "pos": "VER",
            "lemma": "crescere",
            "has_context": "true",
            "is_title": "false"
        },
        {
            "id": 122,
            "form": "per",
            "pos": "PRE",
            "lemma": "per",
            "has_context": "false",
            "is_title": "false"
        },
        {
            "id": 123,
            "form": "stabilirsi",
            "pos": "VER",
            "lemma": "stabilire",
            "has_context": "true",
            "is_title": "false"
        },
        {
            "id": 124,
            "form": "presso",
            "pos": "PRE",
            "lemma": "presso",
            "has_context": "false",
            "is_title": "false"
        },
        {
            "id": 125,
            "form": "la",
            "pos": "DET",
            "lemma": "il",
            "has_context": "false",
            "is_title": "false"
        },
        {
            "id": 126,
            "form": "famiglia",
            "pos": "NOM",
            "lemma": "famiglia",
            "has_context": "false",
            "is_title": "false"
        },
        {
            "id": 127,
            "form": "della",
            "pos": "PRE",
            "lemma": "del",
            "has_context": "false",
            "is_title": "false"
        },
        {
            "id": 128,
            "form": "ricca",
            "pos": "ADJ",
            "lemma": "ricco",
            "has_context": "false",
            "is_title": "false"
        },
        {
            "id": 129,
            "form": "vedova",
            "pos": "NOM",
            "lemma": "vedova",
            "has_context": "true",
            "is_title": "false"
        },
        {
            "id": 130,
            "form": ".",
            "pos": "SENT",
            "lemma": ".",
            "has_context": "false",
            "is_title": "false"
        },
        {
            "id": 131,
            "form": "Lì",
            "pos": "ADV",
            "lemma": "lì",
            "has_context": "false",
            "is_title": "false"
        },
        {
            "id": 132,
            "form": "aveva",
            "pos": "VER",
            "lemma": "avere",
            "has_context": "false",
            "is_title": "false"
        },
        {
            "id": 133,
            "form": "conosciuto",
            "pos": "VER",
            "lemma": "conoscere",
            "has_context": "false",
            "is_title": "false"
        },
        {
            "id": 134,
            "form": "il",
            "pos": "DET",
            "lemma": "il",
            "has_context": "false",
            "is_title": "false"
        },
        {
            "id": 135,
            "form": "grande",
            "pos": "ADJ",
            "lemma": "grande",
            "has_context": "false",
            "is_title": "false"
        },
        {
            "id": 136,
            "form": "compositore",
            "pos": "NOM",
            "lemma": "compositore",
            "has_context": "true",
            "is_title": "false"
        },
        {
            "id": 137,
            "form": "di",
            "pos": "PRE",
            "lemma": "di",
            "has_context": "false",
            "is_title": "false"
        },
        {
            "id": 138,
            "form": "corte",
            "pos": "NOM",
            "lemma": "corte",
            "has_context": "true",
            "is_title": "false"
        },
        {
            "id": 139,
            "form": "Christian",
            "pos": "NPR",
            "lemma": "Christian",
            "has_context": "false",
            "is_title": "false"
        },
        {
            "id": 140,
            "form": "Gottlob",
            "pos": "NPR",
            "lemma": "Gottlob",
            "has_context": "false",
            "is_title": "false"
        },
        {
            "id": 141,
            "form": "Neefe",
            "pos": "NPR",
            "lemma": "Neefe",
            "has_context": "false",
            "is_title": "false"
        },
        {
            "id": 142,
            "form": ",",
            "pos": "PON",
            "lemma": ",",
            "has_context": "false",
            "is_title": "false"
        },
        {
            "id": 143,
            "form": "e",
            "pos": "CON",
            "lemma": "e",
            "has_context": "false",
            "is_title": "false"
        },
        {
            "id": 144,
            "form": "aveva",
            "pos": "VER",
            "lemma": "avere",
            "has_context": "false",
            "is_title": "false"
        },
        {
            "id": 145,
            "form": "preso",
            "pos": "VER",
            "lemma": "prendere",
            "has_context": "false",
            "is_title": "false"
        },
        {
            "id": 146,
            "form": "da",
            "pos": "PRE",
            "lemma": "da",
            "has_context": "false",
            "is_title": "false"
        },
        {
            "id": 147,
            "form": "lui",
            "pos": "PRO",
            "lemma": "lui",
            "has_context": "false",
            "is_title": "false"
        },
        {
            "id": 148,
            "form": "lezioni",
            "pos": "NOM",
            "lemma": "lezione",
            "has_context": "false",
            "is_title": "false"
        },
        {
            "id": 149,
            "form": "di",
            "pos": "PRE",
            "lemma": "di",
            "has_context": "false",
            "is_title": "false"
        },
        {
            "id": 150,
            "form": "composizione",
            "pos": "NOM",
            "lemma": "composizione",
            "has_context": "true",
            "is_title": "false"
        },
        {
            "id": 151,
            "form": "musicale",
            "pos": "ADJ",
            "lemma": "musicale",
            "has_context": "true",
            "is_title": "false"
        },
        {
            "id": 152,
            "form": ".",
            "pos": "SENT",
            "lemma": ".",
            "has_context": "false",
            "is_title": "false"
        },
        {
            "id": 153,
            "form": "A",
            "pos": "PRE",
            "lemma": "a",
            "has_context": "false",
            "is_title": "false"
        },
        {
            "id": 154,
            "form": "questo",
            "pos": "ADJ",
            "lemma": "questo",
            "has_context": "false",
            "is_title": "false"
        },
        {
            "id": 155,
            "form": "punto",
            "pos": "NOM",
            "lemma": "punto",
            "has_context": "false",
            "is_title": "false"
        },
        {
            "id": 156,
            "form": "Beethoven",
            "pos": "NPR",
            "lemma": "Beethoven",
            "has_context": "false",
            "is_title": "false"
        },
        {
            "id": 157,
            "form": ",",
            "pos": "PON",
            "lemma": ",",
            "has_context": "false",
            "is_title": "false"
        },
        {
            "id": 158,
            "form": "che",
            "pos": "PRO",
            "lemma": "che",
            "has_context": "false",
            "is_title": "false"
        },
        {
            "id": 159,
            "form": "aveva",
            "pos": "VER",
            "lemma": "avere",
            "has_context": "false",
            "is_title": "false"
        },
        {
            "id": 160,
            "form": "cominciato",
            "pos": "VER",
            "lemma": "cominciare",
            "has_context": "false",
            "is_title": "false"
        },
        {
            "id": 161,
            "form": "a",
            "pos": "PRE",
            "lemma": "a",
            "has_context": "false",
            "is_title": "false"
        },
        {
            "id": 162,
            "form": "comporre",
            "pos": "VER",
            "lemma": "comporre",
            "has_context": "true",
            "is_title": "false"
        },
        {
            "id": 163,
            "form": "le",
            "pos": "DET",
            "lemma": "il",
            "has_context": "false",
            "is_title": "false"
        },
        {
            "id": 164,
            "form": "sue",
            "pos": "ADJ",
            "lemma": "suo",
            "has_context": "false",
            "is_title": "false"
        },
        {
            "id": 165,
            "form": "prime",
            "pos": "ADJ",
            "lemma": "primo",
            "has_context": "false",
            "is_title": "false"
        },
        {
            "id": 166,
            "form": "opere",
            "pos": "NOM",
            "lemma": "opera",
            "has_context": "true",
            "is_title": "false"
        },
        {
            "id": 167,
            "form": ",",
            "pos": "PON",
            "lemma": ",",
            "has_context": "false",
            "is_title": "false"
        },
        {
            "id": 168,
            "form": "divenne",
            "pos": "VER",
            "lemma": "divenire",
            "has_context": "true",
            "is_title": "false"
        },
        {
            "id": 169,
            "form": "famoso",
            "pos": "ADJ",
            "lemma": "famoso",
            "has_context": "true",
            "is_title": "false"
        },
        {
            "id": 170,
            "form": ".",
            "pos": "SENT",
            "lemma": ".",
            "has_context": "false",
            "is_title": "false"
        }
    ]
