    [
        {
            "id": 1,
            "form": "Ritrovamento",
            "pos": "NOM",
            "lemma": "ritrovamento",
            "has_context": "true",
            "is_title": "true"
        },
        {
            "id": 2,
            "form": "artistico",
            "pos": "ADJ",
            "lemma": "artistico",
            "has_context": "true",
            "is_title": "true"
        },
        {
            "id": 3,
            "form": "Era",
            "pos": "VER",
            "lemma": "essere",
            "has_context": "false",
            "is_title": "false"
        },
        {
            "id": 4,
            "form": "l’",
            "pos": "DET",
            "lemma": "il",
            "has_context": "false",
            "is_title": "false"
        },
        {
            "id": 5,
            "form": "estate",
            "pos": "NOM",
            "lemma": "estate",
            "has_context": "false",
            "is_title": "false"
        },
        {
            "id": 6,
            "form": "del",
            "pos": "PRE",
            "lemma": "del",
            "has_context": "false",
            "is_title": "false"
        },
        {
            "id": 7,
            "form": "1984",
            "pos": "NUM",
            "lemma": "@card@",
            "has_context": "false",
            "is_title": "false"
        },
        {
            "id": 8,
            "form": "quando",
            "pos": "CON",
            "lemma": "quando",
            "has_context": "false",
            "is_title": "false"
        },
        {
            "id": 9,
            "form": "ci",
            "pos": "ADV",
            "lemma": "ci",
            "has_context": "false",
            "is_title": "false"
        },
        {
            "id": 10,
            "form": "fu",
            "pos": "VER",
            "lemma": "essere",
            "has_context": "false",
            "is_title": "false"
        },
        {
            "id": 11,
            "form": "il",
            "pos": "DET",
            "lemma": "il",
            "has_context": "false",
            "is_title": "false"
        },
        {
            "id": 12,
            "form": "più",
            "pos": "ADV",
            "lemma": "più",
            "has_context": "false",
            "is_title": "false"
        },
        {
            "id": 13,
            "form": "famoso",
            "pos": "ADJ",
            "lemma": "famoso",
            "has_context": "true",
            "is_title": "false"
        },
        {
            "id": 14,
            "form": "ritrovamento",
            "pos": "NOM",
            "lemma": "ritrovamento",
            "has_context": "true",
            "is_title": "false"
        },
        {
            "id": 15,
            "form": "artistico",
            "pos": "ADJ",
            "lemma": "artistico",
            "has_context": "true",
            "is_title": "false"
        },
        {
            "id": 16,
            "form": "della",
            "pos": "PRE",
            "lemma": "del",
            "has_context": "false",
            "is_title": "false"
        },
        {
            "id": 17,
            "form": "storia",
            "pos": "NOM",
            "lemma": "storia",
            "has_context": "false",
            "is_title": "false"
        },
        {
            "id": 18,
            "form": ".",
            "pos": "SENT",
            "lemma": ".",
            "has_context": "false",
            "is_title": "false"
        },
        {
            "id": 19,
            "form": "Scavando",
            "pos": "VER",
            "lemma": "scavare",
            "has_context": "true",
            "is_title": "false"
        },
        {
            "id": 20,
            "form": "un",
            "pos": "DET",
            "lemma": "un",
            "has_context": "false",
            "is_title": "false"
        },
        {
            "id": 21,
            "form": "fosso",
            "pos": "NOM",
            "lemma": "fosso",
            "has_context": "true",
            "is_title": "false"
        },
        {
            "id": 22,
            "form": "nelle",
            "pos": "PRE",
            "lemma": "nel",
            "has_context": "false",
            "is_title": "false"
        },
        {
            "id": 23,
            "form": "vicinanze",
            "pos": "NOM",
            "lemma": "vicinanza",
            "has_context": "true",
            "is_title": "false"
        },
        {
            "id": 24,
            "form": "di",
            "pos": "PRE",
            "lemma": "di",
            "has_context": "false",
            "is_title": "false"
        },
        {
            "id": 25,
            "form": "Livorno",
            "pos": "NPR",
            "lemma": "Livorno",
            "has_context": "false",
            "is_title": "false"
        },
        {
            "id": 26,
            "form": "furono",
            "pos": "VER",
            "lemma": "essere",
            "has_context": "false",
            "is_title": "false"
        },
        {
            "id": 27,
            "form": "ritrovate",
            "pos": "VER",
            "lemma": "ritrovare",
            "has_context": "false",
            "is_title": "false"
        },
        {
            "id": 28,
            "form": "tre",
            "pos": "ADJ",
            "lemma": "tre",
            "has_context": "false",
            "is_title": "false"
        },
        {
            "id": 29,
            "form": "teste",
            "pos": "NOM",
            "lemma": "testa",
            "has_context": "false",
            "is_title": "false"
        },
        {
            "id": 30,
            "form": "di",
            "pos": "PRE",
            "lemma": "di",
            "has_context": "false",
            "is_title": "false"
        },
        {
            "id": 31,
            "form": "pietra",
            "pos": "NOM",
            "lemma": "pietra",
            "has_context": "true",
            "is_title": "false"
        },
        {
            "id": 32,
            "form": "scolpita",
            "pos": "ADJ",
            "lemma": "scolpito",
            "has_context": "true",
            "is_title": "false"
        },
        {
            "id": 33,
            "form": ".",
            "pos": "SENT",
            "lemma": ".",
            "has_context": "false",
            "is_title": "false"
        },
        {
            "id": 34,
            "form": "Il",
            "pos": "DET",
            "lemma": "il",
            "has_context": "false",
            "is_title": "false"
        },
        {
            "id": 35,
            "form": "ritrovamento",
            "pos": "NOM",
            "lemma": "ritrovamento",
            "has_context": "true",
            "is_title": "false"
        },
        {
            "id": 36,
            "form": "fu",
            "pos": "VER",
            "lemma": "essere",
            "has_context": "false",
            "is_title": "false"
        },
        {
            "id": 37,
            "form": "sensazionale",
            "pos": "ADJ",
            "lemma": "sensazionale",
            "has_context": "true",
            "is_title": "false"
        },
        {
            "id": 38,
            "form": ".",
            "pos": "SENT",
            "lemma": ".",
            "has_context": "false",
            "is_title": "false"
        },
        {
            "id": 39,
            "form": "Infatti",
            "pos": "CON",
            "lemma": "infatti",
            "has_context": "false",
            "is_title": "false"
        },
        {
            "id": 40,
            "form": "i",
            "pos": "DET",
            "lemma": "il",
            "has_context": "false",
            "is_title": "false"
        },
        {
            "id": 41,
            "form": "più",
            "pos": "ADV",
            "lemma": "più",
            "has_context": "false",
            "is_title": "false"
        },
        {
            "id": 42,
            "form": "famosi",
            "pos": "ADJ",
            "lemma": "famoso",
            "has_context": "true",
            "is_title": "false"
        },
        {
            "id": 43,
            "form": "critici",
            "pos": "NOM",
            "lemma": "critico",
            "has_context": "true",
            "is_title": "false"
        },
        {
            "id": 44,
            "form": "d’",
            "pos": "PRE",
            "lemma": "di",
            "has_context": "false",
            "is_title": "false"
        },
        {
            "id": 45,
            "form": "arte",
            "pos": "NOM",
            "lemma": "arte",
            "has_context": "false",
            "is_title": "false"
        },
        {
            "id": 46,
            "form": "attribuirono",
            "pos": "VER",
            "lemma": "attribuire",
            "has_context": "true",
            "is_title": "false"
        },
        {
            "id": 47,
            "form": "le",
            "pos": "DET",
            "lemma": "il",
            "has_context": "false",
            "is_title": "false"
        },
        {
            "id": 48,
            "form": "opere",
            "pos": "NOM",
            "lemma": "opera",
            "has_context": "true",
            "is_title": "false"
        },
        {
            "id": 49,
            "form": "ad",
            "pos": "PRE",
            "lemma": "ad",
            "has_context": "false",
            "is_title": "false"
        },
        {
            "id": 50,
            "form": "Amedeo",
            "pos": "NPR",
            "lemma": "Amedeo",
            "has_context": "false",
            "is_title": "false"
        },
        {
            "id": 51,
            "form": "Modigliani",
            "pos": "NPR",
            "lemma": "Modigliani",
            "has_context": "false",
            "is_title": "false"
        },
        {
            "id": 52,
            "form": ",",
            "pos": "PON",
            "lemma": ",",
            "has_context": "false",
            "is_title": "false"
        },
        {
            "id": 53,
            "form": "famosissimo",
            "pos": "ADJ",
            "lemma": "famoso",
            "has_context": "true",
            "is_title": "false"
        },
        {
            "id": 54,
            "form": "artista",
            "pos": "NOM",
            "lemma": "artista",
            "has_context": "true",
            "is_title": "false"
        },
        {
            "id": 55,
            "form": "italiano",
            "pos": "ADJ",
            "lemma": "italiano",
            "has_context": "false",
            "is_title": "false"
        },
        {
            "id": 56,
            "form": ".",
            "pos": "SENT",
            "lemma": ".",
            "has_context": "false",
            "is_title": "false"
        },
        {
            "id": 57,
            "form": "L’",
            "pos": "DET",
            "lemma": "il",
            "has_context": "false",
            "is_title": "false"
        },
        {
            "id": 58,
            "form": "allora",
            "pos": "ADV",
            "lemma": "allora",
            "has_context": "false",
            "is_title": "false"
        },
        {
            "id": 59,
            "form": "direttrice",
            "pos": "ADJ",
            "lemma": "direttore",
            "has_context": "false",
            "is_title": "false"
        },
        {
            "id": 60,
            "form": "dei",
            "pos": "PRE",
            "lemma": "del",
            "has_context": "false",
            "is_title": "false"
        },
        {
            "id": 61,
            "form": "musei",
            "pos": "NOM",
            "lemma": "museo",
            "has_context": "false",
            "is_title": "false"
        },
        {
            "id": 62,
            "form": "civici",
            "pos": "ADJ",
            "lemma": "civico",
            "has_context": "true",
            "is_title": "false"
        },
        {
            "id": 63,
            "form": "per",
            "pos": "PRE",
            "lemma": "per",
            "has_context": "false",
            "is_title": "false"
        },
        {
            "id": 64,
            "form": "poco",
            "pos": "ADV",
            "lemma": "poco",
            "has_context": "false",
            "is_title": "false"
        },
        {
            "id": 65,
            "form": "non",
            "pos": "ADV",
            "lemma": "non",
            "has_context": "false",
            "is_title": "false"
        },
        {
            "id": 66,
            "form": "svenne",
            "pos": "VER",
            "lemma": "svenire",
            "has_context": "true",
            "is_title": "false"
        },
        {
            "id": 67,
            "form": "alla",
            "pos": "PRE",
            "lemma": "al",
            "has_context": "false",
            "is_title": "false"
        },
        {
            "id": 68,
            "form": "notizia",
            "pos": "NOM",
            "lemma": "notizia",
            "has_context": "true",
            "is_title": "false"
        },
        {
            "id": 69,
            "form": "dell’",
            "pos": "PRE",
            "lemma": "del",
            "has_context": "false",
            "is_title": "false"
        },
        {
            "id": 70,
            "form": "eccezionale",
            "pos": "ADJ",
            "lemma": "eccezionale",
            "has_context": "true",
            "is_title": "false"
        },
        {
            "id": 71,
            "form": "ritrovamento",
            "pos": "NOM",
            "lemma": "ritrovamento",
            "has_context": "true",
            "is_title": "false"
        },
        {
            "id": 72,
            "form": ".",
            "pos": "SENT",
            "lemma": ".",
            "has_context": "false",
            "is_title": "false"
        },
        {
            "id": 73,
            "form": "Era",
            "pos": "VER",
            "lemma": "essere",
            "has_context": "false",
            "is_title": "false"
        },
        {
            "id": 74,
            "form": "stata",
            "pos": "VER",
            "lemma": "essere",
            "has_context": "false",
            "is_title": "false"
        },
        {
            "id": 75,
            "form": "lei",
            "pos": "PRO",
            "lemma": "lei",
            "has_context": "false",
            "is_title": "false"
        },
        {
            "id": 76,
            "form": ",",
            "pos": "PON",
            "lemma": ",",
            "has_context": "false",
            "is_title": "false"
        },
        {
            "id": 77,
            "form": "infatti",
            "pos": "CON",
            "lemma": "infatti",
            "has_context": "false",
            "is_title": "false"
        },
        {
            "id": 78,
            "form": ",",
            "pos": "PON",
            "lemma": ",",
            "has_context": "false",
            "is_title": "false"
        },
        {
            "id": 79,
            "form": "a",
            "pos": "PRE",
            "lemma": "a",
            "has_context": "false",
            "is_title": "false"
        },
        {
            "id": 80,
            "form": "commissionare",
            "pos": "VER",
            "lemma": "commissionare",
            "has_context": "true",
            "is_title": "false"
        },
        {
            "id": 81,
            "form": "le",
            "pos": "DET",
            "lemma": "il",
            "has_context": "false",
            "is_title": "false"
        },
        {
            "id": 82,
            "form": "ricerche",
            "pos": "NOM",
            "lemma": "ricerca",
            "has_context": "true",
            "is_title": "false"
        },
        {
            "id": 83,
            "form": "delle",
            "pos": "PRE",
            "lemma": "del",
            "has_context": "false",
            "is_title": "false"
        },
        {
            "id": 84,
            "form": "preziose",
            "pos": "ADJ",
            "lemma": "prezioso",
            "has_context": "true",
            "is_title": "false"
        },
        {
            "id": 85,
            "form": "teste",
            "pos": "NOM",
            "lemma": "testa",
            "has_context": "false",
            "is_title": "false"
        },
        {
            "id": 86,
            "form": "scomparse",
            "pos": "ADJ",
            "lemma": "scomparso",
            "has_context": "true",
            "is_title": "false"
        },
        {
            "id": 87,
            "form": ".",
            "pos": "SENT",
            "lemma": ".",
            "has_context": "false",
            "is_title": "false"
        },
        {
            "id": 88,
            "form": "Secondo",
            "pos": "PRE",
            "lemma": "secondo",
            "has_context": "false",
            "is_title": "false"
        },
        {
            "id": 89,
            "form": "gli",
            "pos": "DET",
            "lemma": "il",
            "has_context": "false",
            "is_title": "false"
        },
        {
            "id": 90,
            "form": "esperti",
            "pos": "NOM",
            "lemma": "esperto",
            "has_context": "true",
            "is_title": "false"
        },
        {
            "id": 91,
            "form": "le",
            "pos": "DET",
            "lemma": "il",
            "has_context": "false",
            "is_title": "false"
        },
        {
            "id": 92,
            "form": "teste",
            "pos": "NOM",
            "lemma": "testa",
            "has_context": "false",
            "is_title": "false"
        },
        {
            "id": 93,
            "form": "infatti",
            "pos": "CON",
            "lemma": "infatti",
            "has_context": "false",
            "is_title": "false"
        },
        {
            "id": 94,
            "form": "erano",
            "pos": "VER",
            "lemma": "essere",
            "has_context": "false",
            "is_title": "false"
        },
        {
            "id": 95,
            "form": "state",
            "pos": "VER",
            "lemma": "stare",
            "has_context": "false",
            "is_title": "false"
        },
        {
            "id": 96,
            "form": "gettate",
            "pos": "VER",
            "lemma": "gettare",
            "has_context": "true",
            "is_title": "false"
        },
        {
            "id": 97,
            "form": "nel",
            "pos": "PRE",
            "lemma": "nel",
            "has_context": "false",
            "is_title": "false"
        },
        {
            "id": 98,
            "form": "fosso",
            "pos": "NOM",
            "lemma": "fosso",
            "has_context": "true",
            "is_title": "false"
        },
        {
            "id": 99,
            "form": "dallo",
            "pos": "PRE",
            "lemma": "dal",
            "has_context": "false",
            "is_title": "false"
        },
        {
            "id": 100,
            "form": "stesso",
            "pos": "ADJ",
            "lemma": "stesso",
            "has_context": "false",
            "is_title": "false"
        },
        {
            "id": 101,
            "form": "Modigliani",
            "pos": "NPR",
            "lemma": "Modigliani",
            "has_context": "false",
            "is_title": "false"
        },
        {
            "id": 102,
            "form": "nel",
            "pos": "PRE",
            "lemma": "nel",
            "has_context": "false",
            "is_title": "false"
        },
        {
            "id": 103,
            "form": "1909",
            "pos": "NUM",
            "lemma": "@card@",
            "has_context": "false",
            "is_title": "false"
        },
        {
            "id": 104,
            "form": "prima",
            "pos": "ADV",
            "lemma": "prima",
            "has_context": "false",
            "is_title": "false"
        },
        {
            "id": 105,
            "form": "di",
            "pos": "PRE",
            "lemma": "di",
            "has_context": "false",
            "is_title": "false"
        },
        {
            "id": 106,
            "form": "lasciare",
            "pos": "VER",
            "lemma": "lasciare",
            "has_context": "false",
            "is_title": "false"
        },
        {
            "id": 107,
            "form": "Livorno",
            "pos": "NPR",
            "lemma": "Livorno",
            "has_context": "false",
            "is_title": "false"
        },
        {
            "id": 108,
            "form": ".",
            "pos": "SENT",
            "lemma": ".",
            "has_context": "false",
            "is_title": "false"
        },
        {
            "id": 109,
            "form": "Questa",
            "pos": "ADJ",
            "lemma": "questo",
            "has_context": "false",
            "is_title": "false"
        },
        {
            "id": 110,
            "form": "notizia",
            "pos": "NOM",
            "lemma": "notizia",
            "has_context": "true",
            "is_title": "false"
        },
        {
            "id": 111,
            "form": "fece",
            "pos": "VER",
            "lemma": "fare",
            "has_context": "false",
            "is_title": "false"
        },
        {
            "id": 112,
            "form": "il",
            "pos": "DET",
            "lemma": "il",
            "has_context": "false",
            "is_title": "false"
        },
        {
            "id": 113,
            "form": "giro",
            "pos": "NOM",
            "lemma": "giro",
            "has_context": "false",
            "is_title": "false"
        },
        {
            "id": 114,
            "form": "del",
            "pos": "PRE",
            "lemma": "del",
            "has_context": "false",
            "is_title": "false"
        },
        {
            "id": 115,
            "form": "mondo",
            "pos": "NOM",
            "lemma": "mondo",
            "has_context": "false",
            "is_title": "false"
        },
        {
            "id": 116,
            "form": ",",
            "pos": "PON",
            "lemma": ",",
            "has_context": "false",
            "is_title": "false"
        },
        {
            "id": 117,
            "form": "tutti",
            "pos": "ADJ",
            "lemma": "tutto",
            "has_context": "false",
            "is_title": "false"
        },
        {
            "id": 118,
            "form": "i",
            "pos": "DET",
            "lemma": "il",
            "has_context": "false",
            "is_title": "false"
        },
        {
            "id": 119,
            "form": "giornali",
            "pos": "NOM",
            "lemma": "giornale",
            "has_context": "false",
            "is_title": "false"
        },
        {
            "id": 120,
            "form": "ne",
            "pos": "PRO",
            "lemma": "ne",
            "has_context": "false",
            "is_title": "false"
        },
        {
            "id": 121,
            "form": "scrissero",
            "pos": "VER",
            "lemma": "scrivere",
            "has_context": "false",
            "is_title": "false"
        },
        {
            "id": 122,
            "form": "e",
            "pos": "CON",
            "lemma": "e",
            "has_context": "false",
            "is_title": "false"
        },
        {
            "id": 123,
            "form": "per",
            "pos": "PRE",
            "lemma": "per",
            "has_context": "false",
            "is_title": "false"
        },
        {
            "id": 124,
            "form": "giorni",
            "pos": "NOM",
            "lemma": "giorno",
            "has_context": "false",
            "is_title": "false"
        },
        {
            "id": 125,
            "form": "non",
            "pos": "ADV",
            "lemma": "non",
            "has_context": "false",
            "is_title": "false"
        },
        {
            "id": 126,
            "form": "si",
            "pos": "PRO",
            "lemma": "si",
            "has_context": "false",
            "is_title": "false"
        },
        {
            "id": 127,
            "form": "parlò",
            "pos": "VER",
            "lemma": "parlare",
            "has_context": "false",
            "is_title": "false"
        },
        {
            "id": 128,
            "form": "d’",
            "pos": "PRE",
            "lemma": "di",
            "has_context": "false",
            "is_title": "false"
        },
        {
            "id": 129,
            "form": "altro",
            "pos": "PRO",
            "lemma": "altro",
            "has_context": "false",
            "is_title": "false"
        },
        {
            "id": 130,
            "form": "che",
            "pos": "CON",
            "lemma": "che",
            "has_context": "false",
            "is_title": "false"
        },
        {
            "id": 131,
            "form": "del",
            "pos": "PRE",
            "lemma": "del",
            "has_context": "false",
            "is_title": "false"
        },
        {
            "id": 132,
            "form": "sensazionale",
            "pos": "ADJ",
            "lemma": "sensazionale",
            "has_context": "true",
            "is_title": "false"
        },
        {
            "id": 133,
            "form": "ritrovamento",
            "pos": "NOM",
            "lemma": "ritrovamento",
            "has_context": "true",
            "is_title": "false"
        },
        {
            "id": 134,
            "form": "delle",
            "pos": "PRE",
            "lemma": "del",
            "has_context": "false",
            "is_title": "false"
        },
        {
            "id": 135,
            "form": "opere",
            "pos": "NOM",
            "lemma": "opera",
            "has_context": "true",
            "is_title": "false"
        },
        {
            "id": 136,
            "form": "d’",
            "pos": "PRE",
            "lemma": "di",
            "has_context": "false",
            "is_title": "false"
        },
        {
            "id": 137,
            "form": "arte",
            "pos": "NOM",
            "lemma": "arte",
            "has_context": "false",
            "is_title": "false"
        },
        {
            "id": 138,
            "form": ".",
            "pos": "SENT",
            "lemma": ".",
            "has_context": "false",
            "is_title": "false"
        },
        {
            "id": 139,
            "form": "Quest’",
            "pos": "ADJ",
            "lemma": "questo",
            "has_context": "false",
            "is_title": "false"
        },
        {
            "id": 140,
            "form": "avvenimento",
            "pos": "NOM",
            "lemma": "avvenimento",
            "has_context": "true",
            "is_title": "false"
        },
        {
            "id": 141,
            "form": ",",
            "pos": "PON",
            "lemma": ",",
            "has_context": "false",
            "is_title": "false"
        },
        {
            "id": 142,
            "form": "però",
            "pos": "ADV",
            "lemma": "però",
            "has_context": "false",
            "is_title": "false"
        },
        {
            "id": 143,
            "form": ",",
            "pos": "PON",
            "lemma": ",",
            "has_context": "false",
            "is_title": "false"
        },
        {
            "id": 144,
            "form": "si",
            "pos": "PRO",
            "lemma": "si",
            "has_context": "false",
            "is_title": "false"
        },
        {
            "id": 145,
            "form": "rivelò",
            "pos": "VER",
            "lemma": "rivelare",
            "has_context": "true",
            "is_title": "false"
        },
        {
            "id": 146,
            "form": "uno",
            "pos": "DET",
            "lemma": "uno",
            "has_context": "false",
            "is_title": "false"
        },
        {
            "id": 147,
            "form": "dei",
            "pos": "PRE",
            "lemma": "del",
            "has_context": "false",
            "is_title": "false"
        },
        {
            "id": 148,
            "form": "più",
            "pos": "ADV",
            "lemma": "più",
            "has_context": "false",
            "is_title": "false"
        },
        {
            "id": 149,
            "form": "grandi",
            "pos": "ADJ",
            "lemma": "grande",
            "has_context": "false",
            "is_title": "false"
        },
        {
            "id": 150,
            "form": "scherzi",
            "pos": "NOM",
            "lemma": "scherzo",
            "has_context": "true",
            "is_title": "false"
        },
        {
            "id": 151,
            "form": "dell’",
            "pos": "PRE",
            "lemma": "del",
            "has_context": "false",
            "is_title": "false"
        },
        {
            "id": 152,
            "form": "ultimo",
            "pos": "ADJ",
            "lemma": "ultimo",
            "has_context": "false",
            "is_title": "false"
        },
        {
            "id": 153,
            "form": "secolo",
            "pos": "NOM",
            "lemma": "secolo",
            "has_context": "true",
            "is_title": "false"
        },
        {
            "id": 154,
            "form": ".",
            "pos": "SENT",
            "lemma": ".",
            "has_context": "false",
            "is_title": "false"
        },
        {
            "id": 155,
            "form": "Le",
            "pos": "DET",
            "lemma": "il",
            "has_context": "false",
            "is_title": "false"
        },
        {
            "id": 156,
            "form": "opere",
            "pos": "NOM",
            "lemma": "opera",
            "has_context": "true",
            "is_title": "false"
        },
        {
            "id": 157,
            "form": "non",
            "pos": "ADV",
            "lemma": "non",
            "has_context": "false",
            "is_title": "false"
        },
        {
            "id": 158,
            "form": "erano",
            "pos": "VER",
            "lemma": "essere",
            "has_context": "false",
            "is_title": "false"
        },
        {
            "id": 159,
            "form": "state",
            "pos": "VER",
            "lemma": "stare",
            "has_context": "false",
            "is_title": "false"
        },
        {
            "id": 160,
            "form": "affatto",
            "pos": "ADV",
            "lemma": "affatto",
            "has_context": "true",
            "is_title": "false"
        },
        {
            "id": 161,
            "form": "realizzate",
            "pos": "VER",
            "lemma": "realizzare",
            "has_context": "true",
            "is_title": "false"
        },
        {
            "id": 162,
            "form": "da",
            "pos": "PRE",
            "lemma": "da",
            "has_context": "false",
            "is_title": "false"
        },
        {
            "id": 163,
            "form": "Modigliani",
            "pos": "NPR",
            "lemma": "Modigliani",
            "has_context": "false",
            "is_title": "false"
        },
        {
            "id": 164,
            "form": ",",
            "pos": "PON",
            "lemma": ",",
            "has_context": "false",
            "is_title": "false"
        },
        {
            "id": 165,
            "form": "ma",
            "pos": "CON",
            "lemma": "ma",
            "has_context": "false",
            "is_title": "false"
        },
        {
            "id": 166,
            "form": "da",
            "pos": "PRE",
            "lemma": "da",
            "has_context": "false",
            "is_title": "false"
        },
        {
            "id": 167,
            "form": "quattro",
            "pos": "ADJ",
            "lemma": "quattro",
            "has_context": "false",
            "is_title": "false"
        },
        {
            "id": 168,
            "form": "ragazzi",
            "pos": "NOM",
            "lemma": "ragazzo",
            "has_context": "false",
            "is_title": "false"
        },
        {
            "id": 169,
            "form": "molto",
            "pos": "ADV",
            "lemma": "molto",
            "has_context": "false",
            "is_title": "false"
        },
        {
            "id": 170,
            "form": "abili",
            "pos": "ADJ",
            "lemma": "abile",
            "has_context": "true",
            "is_title": "false"
        },
        {
            "id": 171,
            "form": "nella",
            "pos": "PRE",
            "lemma": "nel",
            "has_context": "false",
            "is_title": "false"
        },
        {
            "id": 172,
            "form": "scultura",
            "pos": "NOM",
            "lemma": "scultura",
            "has_context": "true",
            "is_title": "false"
        },
        {
            "id": 173,
            "form": ".",
            "pos": "SENT",
            "lemma": ".",
            "has_context": "false",
            "is_title": "false"
        },
        {
            "id": 174,
            "form": "I",
            "pos": "DET",
            "lemma": "il",
            "has_context": "false",
            "is_title": "false"
        },
        {
            "id": 175,
            "form": "quattro",
            "pos": "ADJ",
            "lemma": "quattro",
            "has_context": "false",
            "is_title": "false"
        },
        {
            "id": 176,
            "form": ",",
            "pos": "PON",
            "lemma": ",",
            "has_context": "false",
            "is_title": "false"
        },
        {
            "id": 177,
            "form": "allora",
            "pos": "ADV",
            "lemma": "allora",
            "has_context": "false",
            "is_title": "false"
        },
        {
            "id": 178,
            "form": "poco",
            "pos": "ADV",
            "lemma": "poco",
            "has_context": "false",
            "is_title": "false"
        },
        {
            "id": 179,
            "form": "più",
            "pos": "ADV",
            "lemma": "più",
            "has_context": "false",
            "is_title": "false"
        },
        {
            "id": 180,
            "form": "che",
            "pos": "CON",
            "lemma": "che",
            "has_context": "false",
            "is_title": "false"
        },
        {
            "id": 181,
            "form": "ventenni",
            "pos": "ADJ",
            "lemma": "ventenne",
            "has_context": "true",
            "is_title": "false"
        },
        {
            "id": 182,
            "form": ",",
            "pos": "PON",
            "lemma": ",",
            "has_context": "false",
            "is_title": "false"
        },
        {
            "id": 183,
            "form": "avevano",
            "pos": "VER",
            "lemma": "avere",
            "has_context": "false",
            "is_title": "false"
        },
        {
            "id": 184,
            "form": "deciso",
            "pos": "VER",
            "lemma": "decidere",
            "has_context": "true",
            "is_title": "false"
        },
        {
            "id": 185,
            "form": "di",
            "pos": "PRE",
            "lemma": "di",
            "has_context": "false",
            "is_title": "false"
        },
        {
            "id": 186,
            "form": "prendersi",
            "pos": "VER",
            "lemma": "prendere",
            "has_context": "false",
            "is_title": "false"
        },
        {
            "id": 187,
            "form": "un",
            "pos": "DET",
            "lemma": "un",
            "has_context": "false",
            "is_title": "false"
        },
        {
            "id": 188,
            "form": "po’",
            "pos": "ADV",
            "lemma": "po’",
            "has_context": "false",
            "is_title": "false"
        },
        {
            "id": 189,
            "form": "gioco",
            "pos": "NOM",
            "lemma": "gioco",
            "has_context": "false",
            "is_title": "false"
        },
        {
            "id": 190,
            "form": "di",
            "pos": "PRE",
            "lemma": "di",
            "has_context": "false",
            "is_title": "false"
        },
        {
            "id": 191,
            "form": "tutte",
            "pos": "ADJ",
            "lemma": "tutto",
            "has_context": "false",
            "is_title": "false"
        },
        {
            "id": 192,
            "form": "quelle",
            "pos": "ADJ",
            "lemma": "quello",
            "has_context": "false",
            "is_title": "false"
        },
        {
            "id": 193,
            "form": "persone",
            "pos": "NOM",
            "lemma": "persona",
            "has_context": "false",
            "is_title": "false"
        },
        {
            "id": 194,
            "form": "che",
            "pos": "PRO",
            "lemma": "che",
            "has_context": "false",
            "is_title": "false"
        },
        {
            "id": 195,
            "form": "cercavano",
            "pos": "VER",
            "lemma": "cercare",
            "has_context": "false",
            "is_title": "false"
        },
        {
            "id": 196,
            "form": "disperatamente",
            "pos": "ADV",
            "lemma": "disperatamente",
            "has_context": "true",
            "is_title": "false"
        },
        {
            "id": 197,
            "form": "nel",
            "pos": "PRE",
            "lemma": "nel",
            "has_context": "false",
            "is_title": "false"
        },
        {
            "id": 198,
            "form": "canale",
            "pos": "NOM",
            "lemma": "canale",
            "has_context": "true",
            "is_title": "false"
        },
        {
            "id": 199,
            "form": ",",
            "pos": "PON",
            "lemma": ",",
            "has_context": "false",
            "is_title": "false"
        },
        {
            "id": 200,
            "form": "ma",
            "pos": "CON",
            "lemma": "ma",
            "has_context": "false",
            "is_title": "false"
        },
        {
            "id": 201,
            "form": "non",
            "pos": "ADV",
            "lemma": "non",
            "has_context": "false",
            "is_title": "false"
        },
        {
            "id": 202,
            "form": "pensarono",
            "pos": "VER",
            "lemma": "pensare",
            "has_context": "false",
            "is_title": "false"
        },
        {
            "id": 203,
            "form": "affatto",
            "pos": "ADV",
            "lemma": "affatto",
            "has_context": "true",
            "is_title": "false"
        },
        {
            "id": 204,
            "form": "che",
            "pos": "CON",
            "lemma": "che",
            "has_context": "false",
            "is_title": "false"
        },
        {
            "id": 205,
            "form": "i",
            "pos": "DET",
            "lemma": "il",
            "has_context": "false",
            "is_title": "false"
        },
        {
            "id": 206,
            "form": "critici",
            "pos": "NOM",
            "lemma": "critico",
            "has_context": "true",
            "is_title": "false"
        },
        {
            "id": 207,
            "form": "d’",
            "pos": "PRE",
            "lemma": "di",
            "has_context": "false",
            "is_title": "false"
        },
        {
            "id": 208,
            "form": "arte",
            "pos": "NOM",
            "lemma": "arte",
            "has_context": "false",
            "is_title": "false"
        },
        {
            "id": 209,
            "form": "potessero",
            "pos": "VER",
            "lemma": "potere",
            "has_context": "false",
            "is_title": "false"
        },
        {
            "id": 210,
            "form": "ritenere",
            "pos": "VER",
            "lemma": "ritenere",
            "has_context": "true",
            "is_title": "false"
        },
        {
            "id": 211,
            "form": "la",
            "pos": "DET",
            "lemma": "il",
            "has_context": "false",
            "is_title": "false"
        },
        {
            "id": 212,
            "form": "loro",
            "pos": "ADJ",
            "lemma": "loro",
            "has_context": "false",
            "is_title": "false"
        },
        {
            "id": 213,
            "form": "opera",
            "pos": "NOM",
            "lemma": "opera",
            "has_context": "true",
            "is_title": "false"
        },
        {
            "id": 214,
            "form": "originale",
            "pos": "ADJ",
            "lemma": "originale",
            "has_context": "true",
            "is_title": "false"
        },
        {
            "id": 215,
            "form": ",",
            "pos": "PON",
            "lemma": ",",
            "has_context": "false",
            "is_title": "false"
        },
        {
            "id": 216,
            "form": "come",
            "pos": "PRE",
            "lemma": "come",
            "has_context": "false",
            "is_title": "false"
        },
        {
            "id": 217,
            "form": "invece",
            "pos": "CON",
            "lemma": "invece",
            "has_context": "false",
            "is_title": "false"
        },
        {
            "id": 218,
            "form": "accadde",
            "pos": "VER",
            "lemma": "accadere",
            "has_context": "true",
            "is_title": "false"
        },
        {
            "id": 219,
            "form": ".",
            "pos": "SENT",
            "lemma": ".",
            "has_context": "false",
            "is_title": "false"
        },
        {
            "id": 220,
            "form": "La",
            "pos": "DET",
            "lemma": "il",
            "has_context": "false",
            "is_title": "false"
        },
        {
            "id": 221,
            "form": "loro",
            "pos": "ADJ",
            "lemma": "loro",
            "has_context": "false",
            "is_title": "false"
        },
        {
            "id": 222,
            "form": "bravata",
            "pos": "NOM",
            "lemma": "bravata",
            "has_context": "true",
            "is_title": "false"
        },
        {
            "id": 223,
            "form": "di",
            "pos": "PRE",
            "lemma": "di",
            "has_context": "false",
            "is_title": "false"
        },
        {
            "id": 224,
            "form": "certo",
            "pos": "ADV",
            "lemma": "certo",
            "has_context": "false",
            "is_title": "false"
        },
        {
            "id": 225,
            "form": "non",
            "pos": "ADV",
            "lemma": "non",
            "has_context": "false",
            "is_title": "false"
        },
        {
            "id": 226,
            "form": "passò",
            "pos": "VER",
            "lemma": "passare",
            "has_context": "false",
            "is_title": "false"
        },
        {
            "id": 227,
            "form": "inosservata",
            "pos": "ADJ",
            "lemma": "inosservato",
            "has_context": "true",
            "is_title": "false"
        },
        {
            "id": 228,
            "form": ",",
            "pos": "PON",
            "lemma": ",",
            "has_context": "false",
            "is_title": "false"
        },
        {
            "id": 229,
            "form": "ma",
            "pos": "CON",
            "lemma": "ma",
            "has_context": "false",
            "is_title": "false"
        },
        {
            "id": 230,
            "form": "la",
            "pos": "DET",
            "lemma": "il",
            "has_context": "false",
            "is_title": "false"
        },
        {
            "id": 231,
            "form": "figuraccia",
            "pos": "NOM",
            "lemma": "figuraccia",
            "has_context": "true",
            "is_title": "false"
        },
        {
            "id": 232,
            "form": "dei",
            "pos": "PRE",
            "lemma": "del",
            "has_context": "false",
            "is_title": "false"
        },
        {
            "id": 233,
            "form": "critici",
            "pos": "NOM",
            "lemma": "critico",
            "has_context": "true",
            "is_title": "false"
        },
        {
            "id": 234,
            "form": "d’",
            "pos": "PRE",
            "lemma": "di",
            "has_context": "false",
            "is_title": "false"
        },
        {
            "id": 235,
            "form": "arte",
            "pos": "NOM",
            "lemma": "arte",
            "has_context": "false",
            "is_title": "false"
        },
        {
            "id": 236,
            "form": "che",
            "pos": "PRO",
            "lemma": "che",
            "has_context": "false",
            "is_title": "false"
        },
        {
            "id": 237,
            "form": "ritennero",
            "pos": "VER",
            "lemma": "ritenere",
            "has_context": "true",
            "is_title": "false"
        },
        {
            "id": 238,
            "form": "l’",
            "pos": "DET",
            "lemma": "il",
            "has_context": "false",
            "is_title": "false"
        },
        {
            "id": 239,
            "form": "opera",
            "pos": "NOM",
            "lemma": "opera",
            "has_context": "true",
            "is_title": "false"
        },
        {
            "id": 240,
            "form": "originale",
            "pos": "ADJ",
            "lemma": "originale",
            "has_context": "true",
            "is_title": "false"
        },
        {
            "id": 241,
            "form": "non",
            "pos": "ADV",
            "lemma": "non",
            "has_context": "false",
            "is_title": "false"
        },
        {
            "id": 242,
            "form": "fu",
            "pos": "VER",
            "lemma": "essere",
            "has_context": "false",
            "is_title": "false"
        },
        {
            "id": 243,
            "form": "da",
            "pos": "PRE",
            "lemma": "da",
            "has_context": "false",
            "is_title": "false"
        },
        {
            "id": 244,
            "form": "meno",
            "pos": "ADV",
            "lemma": "meno",
            "has_context": "false",
            "is_title": "false"
        },
        {
            "id": 245,
            "form": "...",
            "pos": "PON",
            "lemma": "...",
            "has_context": "false",
            "is_title": "false"
        }
    ]
