    [
        {
            "id": 1,
            "form": "L’",
            "pos": "DET",
            "lemma": "il",
            "has_context": "false",
            "is_title": "true"
        },
        {
            "id": 2,
            "form": "importanza",
            "pos": "NOM",
            "lemma": "importanza",
            "has_context": "true",
            "is_title": "true"
        },
        {
            "id": 3,
            "form": "di",
            "pos": "PRE",
            "lemma": "di",
            "has_context": "false",
            "is_title": "true"
        },
        {
            "id": 4,
            "form": "studiare",
            "pos": "VER",
            "lemma": "studiare",
            "has_context": "false",
            "is_title": "true"
        },
        {
            "id": 5,
            "form": "una",
            "pos": "DET",
            "lemma": "una",
            "has_context": "false",
            "is_title": "true"
        },
        {
            "id": 6,
            "form": "lingua",
            "pos": "NOM",
            "lemma": "lingua",
            "has_context": "false",
            "is_title": "true"
        },
        {
            "id": 7,
            "form": "straniera",
            "pos": "ADJ",
            "lemma": "straniero",
            "has_context": "false",
            "is_title": "true"
        },
        {
            "id": 8,
            "form": "In",
            "pos": "PRE",
            "lemma": "in",
            "has_context": "false",
            "is_title": "false"
        },
        {
            "id": 9,
            "form": "questi",
            "pos": "ADJ",
            "lemma": "questo",
            "has_context": "false",
            "is_title": "false"
        },
        {
            "id": 10,
            "form": "ultimi",
            "pos": "ADJ",
            "lemma": "ultimo",
            "has_context": "false",
            "is_title": "false"
        },
        {
            "id": 11,
            "form": "anni",
            "pos": "NOM",
            "lemma": "anno",
            "has_context": "false",
            "is_title": "false"
        },
        {
            "id": 12,
            "form": "il",
            "pos": "DET",
            "lemma": "il",
            "has_context": "false",
            "is_title": "false"
        },
        {
            "id": 13,
            "form": "mondo",
            "pos": "NOM",
            "lemma": "mondo",
            "has_context": "false",
            "is_title": "false"
        },
        {
            "id": 14,
            "form": "del",
            "pos": "PRE",
            "lemma": "del",
            "has_context": "false",
            "is_title": "false"
        },
        {
            "id": 15,
            "form": "lavoro",
            "pos": "NOM",
            "lemma": "lavoro",
            "has_context": "false",
            "is_title": "false"
        },
        {
            "id": 16,
            "form": "si",
            "pos": "PRO",
            "lemma": "si",
            "has_context": "false",
            "is_title": "false"
        },
        {
            "id": 17,
            "form": "è",
            "pos": "VER",
            "lemma": "essere",
            "has_context": "false",
            "is_title": "false"
        },
        {
            "id": 18,
            "form": "fatto",
            "pos": "VER",
            "lemma": "fare",
            "has_context": "false",
            "is_title": "false"
        },
        {
            "id": 19,
            "form": "sempre",
            "pos": "ADV",
            "lemma": "sempre",
            "has_context": "false",
            "is_title": "false"
        },
        {
            "id": 20,
            "form": "più",
            "pos": "ADV",
            "lemma": "più",
            "has_context": "false",
            "is_title": "false"
        },
        {
            "id": 21,
            "form": "esigente",
            "pos": "ADJ",
            "lemma": "esigente",
            "has_context": "true",
            "is_title": "false"
        },
        {
            "id": 22,
            "form": "e",
            "pos": "CON",
            "lemma": "e",
            "has_context": "false",
            "is_title": "false"
        },
        {
            "id": 23,
            "form": "conoscere",
            "pos": "VER",
            "lemma": "conoscere",
            "has_context": "false",
            "is_title": "false"
        },
        {
            "id": 24,
            "form": "una",
            "pos": "DET",
            "lemma": "una",
            "has_context": "false",
            "is_title": "false"
        },
        {
            "id": 25,
            "form": "sola",
            "pos": "ADJ",
            "lemma": "solo",
            "has_context": "false",
            "is_title": "false"
        },
        {
            "id": 26,
            "form": "lingua",
            "pos": "NOM",
            "lemma": "lingua",
            "has_context": "false",
            "is_title": "false"
        },
        {
            "id": 27,
            "form": "adesso",
            "pos": "ADV",
            "lemma": "adesso",
            "has_context": "false",
            "is_title": "false"
        },
        {
            "id": 28,
            "form": "non",
            "pos": "ADV",
            "lemma": "non",
            "has_context": "false",
            "is_title": "false"
        },
        {
            "id": 29,
            "form": "basta",
            "pos": "VER",
            "lemma": "bastare",
            "has_context": "true",
            "is_title": "false"
        },
        {
            "id": 30,
            "form": "più",
            "pos": "ADV",
            "lemma": "più",
            "has_context": "false",
            "is_title": "false"
        },
        {
            "id": 31,
            "form": ".",
            "pos": "SENT",
            "lemma": ".",
            "has_context": "false",
            "is_title": "false"
        },
        {
            "id": 32,
            "form": "Infatti",
            "pos": "CON",
            "lemma": "infatti",
            "has_context": "false",
            "is_title": "false"
        },
        {
            "id": 33,
            "form": ",",
            "pos": "PON",
            "lemma": ",",
            "has_context": "false",
            "is_title": "false"
        },
        {
            "id": 34,
            "form": "se",
            "pos": "CON",
            "lemma": "se",
            "has_context": "false",
            "is_title": "false"
        },
        {
            "id": 35,
            "form": "fino",
            "pos": "CON",
            "lemma": "fino",
            "has_context": "false",
            "is_title": "false"
        },
        {
            "id": 36,
            "form": "a",
            "pos": "PRE",
            "lemma": "a",
            "has_context": "false",
            "is_title": "false"
        },
        {
            "id": 37,
            "form": "qualche",
            "pos": "ADJ",
            "lemma": "qualche",
            "has_context": "false",
            "is_title": "false"
        },
        {
            "id": 38,
            "form": "decennio",
            "pos": "NOM",
            "lemma": "decennio",
            "has_context": "true",
            "is_title": "false"
        },
        {
            "id": 39,
            "form": "fa",
            "pos": "ADV",
            "lemma": "fa",
            "has_context": "true",
            "is_title": "false"
        },
        {
            "id": 40,
            "form": "si",
            "pos": "PRO",
            "lemma": "si",
            "has_context": "false",
            "is_title": "false"
        },
        {
            "id": 41,
            "form": "conosceva",
            "pos": "VER",
            "lemma": "conoscere",
            "has_context": "false",
            "is_title": "false"
        },
        {
            "id": 42,
            "form": "solo",
            "pos": "ADV",
            "lemma": "solo",
            "has_context": "false",
            "is_title": "false"
        },
        {
            "id": 43,
            "form": "la",
            "pos": "DET",
            "lemma": "il",
            "has_context": "false",
            "is_title": "false"
        },
        {
            "id": 44,
            "form": "propria",
            "pos": "ADJ",
            "lemma": "proprio",
            "has_context": "true",
            "is_title": "false"
        },
        {
            "id": 45,
            "form": "lingua",
            "pos": "NOM",
            "lemma": "lingua",
            "has_context": "false",
            "is_title": "false"
        },
        {
            "id": 46,
            "form": "madre",
            "pos": "ADJ",
            "lemma": "madre",
            "has_context": "false",
            "is_title": "false"
        },
        {
            "id": 47,
            "form": ",",
            "pos": "PON",
            "lemma": ",",
            "has_context": "false",
            "is_title": "false"
        },
        {
            "id": 48,
            "form": "adesso",
            "pos": "ADV",
            "lemma": "adesso",
            "has_context": "false",
            "is_title": "false"
        },
        {
            "id": 49,
            "form": "è",
            "pos": "VER",
            "lemma": "essere",
            "has_context": "false",
            "is_title": "false"
        },
        {
            "id": 50,
            "form": "indispensabile",
            "pos": "ADJ",
            "lemma": "indispensabile",
            "has_context": "true",
            "is_title": "false"
        },
        {
            "id": 51,
            "form": "conoscere",
            "pos": "VER",
            "lemma": "conoscere",
            "has_context": "false",
            "is_title": "false"
        },
        {
            "id": 52,
            "form": "almeno",
            "pos": "ADV",
            "lemma": "almeno",
            "has_context": "true",
            "is_title": "false"
        },
        {
            "id": 53,
            "form": "l’",
            "pos": "DET",
            "lemma": "il",
            "has_context": "false",
            "is_title": "false"
        },
        {
            "id": 54,
            "form": "inglese",
            "pos": "NOM",
            "lemma": "inglese",
            "has_context": "false",
            "is_title": "false"
        },
        {
            "id": 55,
            "form": "e",
            "pos": "CON",
            "lemma": "e",
            "has_context": "false",
            "is_title": "false"
        },
        {
            "id": 56,
            "form": "un’",
            "pos": "DET",
            "lemma": "un",
            "has_context": "false",
            "is_title": "false"
        },
        {
            "id": 57,
            "form": "altra",
            "pos": "ADJ",
            "lemma": "altro",
            "has_context": "false",
            "is_title": "false"
        },
        {
            "id": 58,
            "form": "lingua",
            "pos": "NOM",
            "lemma": "lingua",
            "has_context": "false",
            "is_title": "false"
        },
        {
            "id": 59,
            "form": ".",
            "pos": "SENT",
            "lemma": ".",
            "has_context": "false",
            "is_title": "false"
        },
        {
            "id": 60,
            "form": "Questa",
            "pos": "ADJ",
            "lemma": "questo",
            "has_context": "false",
            "is_title": "false"
        },
        {
            "id": 61,
            "form": "necessità",
            "pos": "NOM",
            "lemma": "necessità",
            "has_context": "true",
            "is_title": "false"
        },
        {
            "id": 62,
            "form": "è",
            "pos": "VER",
            "lemma": "essere",
            "has_context": "false",
            "is_title": "false"
        },
        {
            "id": 63,
            "form": "dovuta",
            "pos": "VER",
            "lemma": "dovere",
            "has_context": "false",
            "is_title": "false"
        },
        {
            "id": 64,
            "form": "al",
            "pos": "PRE",
            "lemma": "al",
            "has_context": "false",
            "is_title": "false"
        },
        {
            "id": 65,
            "form": "fatto",
            "pos": "NOM",
            "lemma": "fatto",
            "has_context": "true",
            "is_title": "false"
        },
        {
            "id": 66,
            "form": "che",
            "pos": "CON",
            "lemma": "che",
            "has_context": "false",
            "is_title": "false"
        },
        {
            "id": 67,
            "form": "gli",
            "pos": "DET",
            "lemma": "il",
            "has_context": "false",
            "is_title": "false"
        },
        {
            "id": 68,
            "form": "scambi",
            "pos": "NOM",
            "lemma": "scambio",
            "has_context": "true",
            "is_title": "false"
        },
        {
            "id": 69,
            "form": "e",
            "pos": "CON",
            "lemma": "e",
            "has_context": "false",
            "is_title": "false"
        },
        {
            "id": 70,
            "form": "le",
            "pos": "DET",
            "lemma": "il",
            "has_context": "false",
            "is_title": "false"
        },
        {
            "id": 71,
            "form": "relazioni",
            "pos": "NOM",
            "lemma": "relazione",
            "has_context": "true",
            "is_title": "false"
        },
        {
            "id": 72,
            "form": "tra",
            "pos": "PRE",
            "lemma": "tra",
            "has_context": "false",
            "is_title": "false"
        },
        {
            "id": 73,
            "form": "Paesi",
            "pos": "NOM",
            "lemma": "paese",
            "has_context": "true",
            "is_title": "false"
        },
        {
            "id": 74,
            "form": "diversi",
            "pos": "ADJ",
            "lemma": "diverso",
            "has_context": "false",
            "is_title": "false"
        },
        {
            "id": 75,
            "form": "sono",
            "pos": "VER",
            "lemma": "essere",
            "has_context": "false",
            "is_title": "false"
        },
        {
            "id": 76,
            "form": "aumentate",
            "pos": "VER",
            "lemma": "aumentare",
            "has_context": "true",
            "is_title": "false"
        },
        {
            "id": 77,
            "form": ".",
            "pos": "SENT",
            "lemma": ".",
            "has_context": "false",
            "is_title": "false"
        },
        {
            "id": 78,
            "form": "Inoltre",
            "pos": "CON",
            "lemma": "inoltre",
            "has_context": "false",
            "is_title": "false"
        },
        {
            "id": 79,
            "form": "la",
            "pos": "DET",
            "lemma": "il",
            "has_context": "false",
            "is_title": "false"
        },
        {
            "id": 80,
            "form": "conoscenza",
            "pos": "NOM",
            "lemma": "conoscenza",
            "has_context": "true",
            "is_title": "false"
        },
        {
            "id": 81,
            "form": "di",
            "pos": "PRE",
            "lemma": "di",
            "has_context": "false",
            "is_title": "false"
        },
        {
            "id": 82,
            "form": "più",
            "pos": "ADV",
            "lemma": "più",
            "has_context": "false",
            "is_title": "false"
        },
        {
            "id": 83,
            "form": "lingue",
            "pos": "NOM",
            "lemma": "lingua",
            "has_context": "false",
            "is_title": "false"
        },
        {
            "id": 84,
            "form": "straniere",
            "pos": "ADJ",
            "lemma": "straniero",
            "has_context": "false",
            "is_title": "false"
        },
        {
            "id": 85,
            "form": "favorisce",
            "pos": "VER",
            "lemma": "favorire",
            "has_context": "true",
            "is_title": "false"
        },
        {
            "id": 86,
            "form": "lo",
            "pos": "DET",
            "lemma": "il",
            "has_context": "false",
            "is_title": "false"
        },
        {
            "id": 87,
            "form": "sviluppo",
            "pos": "NOM",
            "lemma": "sviluppo",
            "has_context": "true",
            "is_title": "false"
        },
        {
            "id": 88,
            "form": "di",
            "pos": "PRE",
            "lemma": "di",
            "has_context": "false",
            "is_title": "false"
        },
        {
            "id": 89,
            "form": "una",
            "pos": "DET",
            "lemma": "una",
            "has_context": "false",
            "is_title": "false"
        },
        {
            "id": 90,
            "form": "personalità",
            "pos": "NOM",
            "lemma": "personalità",
            "has_context": "true",
            "is_title": "false"
        },
        {
            "id": 91,
            "form": "più",
            "pos": "ADV",
            "lemma": "più",
            "has_context": "false",
            "is_title": "false"
        },
        {
            "id": 92,
            "form": "aperta",
            "pos": "ADJ",
            "lemma": "aperto",
            "has_context": "true",
            "is_title": "false"
        },
        {
            "id": 93,
            "form": "verso",
            "pos": "PRE",
            "lemma": "verso",
            "has_context": "false",
            "is_title": "false"
        },
        {
            "id": 94,
            "form": "le",
            "pos": "DET",
            "lemma": "il",
            "has_context": "false",
            "is_title": "false"
        },
        {
            "id": 95,
            "form": "altre",
            "pos": "ADJ",
            "lemma": "altro",
            "has_context": "false",
            "is_title": "false"
        },
        {
            "id": 96,
            "form": "culture",
            "pos": "NOM",
            "lemma": "cultura",
            "has_context": "false",
            "is_title": "false"
        },
        {
            "id": 97,
            "form": ".",
            "pos": "SENT",
            "lemma": ".",
            "has_context": "false",
            "is_title": "false"
        },
        {
            "id": 98,
            "form": "Parlare",
            "pos": "VER",
            "lemma": "parlare",
            "has_context": "false",
            "is_title": "false"
        },
        {
            "id": 99,
            "form": "una",
            "pos": "DET",
            "lemma": "una",
            "has_context": "false",
            "is_title": "false"
        },
        {
            "id": 100,
            "form": "lingua",
            "pos": "NOM",
            "lemma": "lingua",
            "has_context": "false",
            "is_title": "false"
        },
        {
            "id": 101,
            "form": "straniera",
            "pos": "ADJ",
            "lemma": "straniero",
            "has_context": "false",
            "is_title": "false"
        },
        {
            "id": 102,
            "form": "viene",
            "pos": "VER",
            "lemma": "venire",
            "has_context": "false",
            "is_title": "false"
        },
        {
            "id": 103,
            "form": "considerato",
            "pos": "VER",
            "lemma": "considerare",
            "has_context": "true",
            "is_title": "false"
        },
        {
            "id": 104,
            "form": "un",
            "pos": "DET",
            "lemma": "un",
            "has_context": "false",
            "is_title": "false"
        },
        {
            "id": 105,
            "form": "elemento",
            "pos": "NOM",
            "lemma": "elemento",
            "has_context": "true",
            "is_title": "false"
        },
        {
            "id": 106,
            "form": "importante",
            "pos": "ADJ",
            "lemma": "importante",
            "has_context": "false",
            "is_title": "false"
        },
        {
            "id": 107,
            "form": "per",
            "pos": "PRE",
            "lemma": "per",
            "has_context": "false",
            "is_title": "false"
        },
        {
            "id": 108,
            "form": "capire",
            "pos": "VER",
            "lemma": "capire",
            "has_context": "false",
            "is_title": "false"
        },
        {
            "id": 109,
            "form": "la",
            "pos": "DET",
            "lemma": "il",
            "has_context": "false",
            "is_title": "false"
        },
        {
            "id": 110,
            "form": "cultura",
            "pos": "NOM",
            "lemma": "cultura",
            "has_context": "false",
            "is_title": "false"
        },
        {
            "id": 111,
            "form": "di",
            "pos": "PRE",
            "lemma": "di",
            "has_context": "false",
            "is_title": "false"
        },
        {
            "id": 112,
            "form": "un",
            "pos": "DET",
            "lemma": "un",
            "has_context": "false",
            "is_title": "false"
        },
        {
            "id": 113,
            "form": "popolo",
            "pos": "NOM",
            "lemma": "popolo",
            "has_context": "true",
            "is_title": "false"
        },
        {
            "id": 114,
            "form": ".",
            "pos": "SENT",
            "lemma": ".",
            "has_context": "false",
            "is_title": "false"
        },
        {
            "id": 115,
            "form": "In",
            "pos": "PRE",
            "lemma": "in",
            "has_context": "false",
            "is_title": "false"
        },
        {
            "id": 116,
            "form": "Europa",
            "pos": "NPR",
            "lemma": "Europa",
            "has_context": "false",
            "is_title": "false"
        },
        {
            "id": 117,
            "form": "già",
            "pos": "ADV",
            "lemma": "già",
            "has_context": "false",
            "is_title": "false"
        },
        {
            "id": 118,
            "form": "da",
            "pos": "PRE",
            "lemma": "da",
            "has_context": "false",
            "is_title": "false"
        },
        {
            "id": 119,
            "form": "anni",
            "pos": "NOM",
            "lemma": "anno",
            "has_context": "false",
            "is_title": "false"
        },
        {
            "id": 120,
            "form": "è",
            "pos": "VER",
            "lemma": "essere",
            "has_context": "false",
            "is_title": "false"
        },
        {
            "id": 121,
            "form": "stata",
            "pos": "VER",
            "lemma": "essere",
            "has_context": "false",
            "is_title": "false"
        },
        {
            "id": 122,
            "form": "riconosciuta",
            "pos": "VER",
            "lemma": "riconoscere",
            "has_context": "true",
            "is_title": "false"
        },
        {
            "id": 123,
            "form": "l’",
            "pos": "DET",
            "lemma": "il",
            "has_context": "false",
            "is_title": "false"
        },
        {
            "id": 124,
            "form": "importanza",
            "pos": "NOM",
            "lemma": "importanza",
            "has_context": "true",
            "is_title": "false"
        },
        {
            "id": 125,
            "form": "di",
            "pos": "PRE",
            "lemma": "di",
            "has_context": "false",
            "is_title": "false"
        },
        {
            "id": 126,
            "form": "studiare",
            "pos": "VER",
            "lemma": "studiare",
            "has_context": "false",
            "is_title": "false"
        },
        {
            "id": 127,
            "form": "le",
            "pos": "DET",
            "lemma": "il",
            "has_context": "false",
            "is_title": "false"
        },
        {
            "id": 128,
            "form": "lingue",
            "pos": "NOM",
            "lemma": "lingua",
            "has_context": "false",
            "is_title": "false"
        },
        {
            "id": 129,
            "form": ".",
            "pos": "SENT",
            "lemma": ".",
            "has_context": "false",
            "is_title": "false"
        },
        {
            "id": 130,
            "form": "A",
            "pos": "PRE",
            "lemma": "a",
            "has_context": "false",
            "is_title": "false"
        },
        {
            "id": 131,
            "form": "questo",
            "pos": "ADJ",
            "lemma": "questo",
            "has_context": "false",
            "is_title": "false"
        },
        {
            "id": 132,
            "form": "proposito",
            "pos": "NOM",
            "lemma": "proposito",
            "has_context": "true",
            "is_title": "false"
        },
        {
            "id": 133,
            "form": "il",
            "pos": "DET",
            "lemma": "il",
            "has_context": "false",
            "is_title": "false"
        },
        {
            "id": 134,
            "form": "Consiglio",
            "pos": "NPR",
            "lemma": "consiglio",
            "has_context": "false",
            "is_title": "false"
        },
        {
            "id": 135,
            "form": "d’",
            "pos": "PRE",
            "lemma": "di",
            "has_context": "false",
            "is_title": "false"
        },
        {
            "id": 136,
            "form": "Europa",
            "pos": "NPR",
            "lemma": "Europa",
            "has_context": "false",
            "is_title": "false"
        },
        {
            "id": 137,
            "form": "ha",
            "pos": "VER",
            "lemma": "avere",
            "has_context": "false",
            "is_title": "false"
        },
        {
            "id": 138,
            "form": "dichiarato",
            "pos": "VER",
            "lemma": "dichiarare",
            "has_context": "true",
            "is_title": "false"
        },
        {
            "id": 139,
            "form": "che",
            "pos": "CON",
            "lemma": "che",
            "has_context": "false",
            "is_title": "false"
        },
        {
            "id": 140,
            "form": "ogni",
            "pos": "ADJ",
            "lemma": "ogni",
            "has_context": "false",
            "is_title": "false"
        },
        {
            "id": 141,
            "form": "cittadino",
            "pos": "NOM",
            "lemma": "cittadino",
            "has_context": "true",
            "is_title": "false"
        },
        {
            "id": 142,
            "form": "europeo",
            "pos": "ADJ",
            "lemma": "europeo",
            "has_context": "true",
            "is_title": "false"
        },
        {
            "id": 143,
            "form": "dovrebbe",
            "pos": "VER",
            "lemma": "dovere",
            "has_context": "false",
            "is_title": "false"
        },
        {
            "id": 144,
            "form": "conoscere",
            "pos": "VER",
            "lemma": "conoscere",
            "has_context": "false",
            "is_title": "false"
        },
        {
            "id": 145,
            "form": "oltre",
            "pos": "ADV",
            "lemma": "oltre",
            "has_context": "true",
            "is_title": "false"
        },
        {
            "id": 146,
            "form": "alla",
            "pos": "PRE",
            "lemma": "al",
            "has_context": "false",
            "is_title": "false"
        },
        {
            "id": 147,
            "form": "sua",
            "pos": "CON",
            "lemma": "suo",
            "has_context": "false",
            "is_title": "false"
        },
        {
            "id": 148,
            "form": "lingua",
            "pos": "NOM",
            "lemma": "lingua",
            "has_context": "false",
            "is_title": "false"
        },
        {
            "id": 149,
            "form": "madre",
            "pos": "ADJ",
            "lemma": "madre",
            "has_context": "false",
            "is_title": "false"
        },
        {
            "id": 150,
            "form": "anche",
            "pos": "CON",
            "lemma": "anche",
            "has_context": "false",
            "is_title": "false"
        },
        {
            "id": 151,
            "form": "l’",
            "pos": "DET",
            "lemma": "il",
            "has_context": "false",
            "is_title": "false"
        },
        {
            "id": 152,
            "form": "inglese",
            "pos": "NOM",
            "lemma": "inglese",
            "has_context": "false",
            "is_title": "false"
        },
        {
            "id": 153,
            "form": "e",
            "pos": "CON",
            "lemma": "e",
            "has_context": "false",
            "is_title": "false"
        },
        {
            "id": 154,
            "form": "un’",
            "pos": "DET",
            "lemma": "un",
            "has_context": "false",
            "is_title": "false"
        },
        {
            "id": 155,
            "form": "altra",
            "pos": "ADJ",
            "lemma": "altro",
            "has_context": "false",
            "is_title": "false"
        },
        {
            "id": 156,
            "form": "lingua",
            "pos": "NOM",
            "lemma": "lingua",
            "has_context": "false",
            "is_title": "false"
        },
        {
            "id": 157,
            "form": "europea",
            "pos": "ADJ",
            "lemma": "europeo",
            "has_context": "true",
            "is_title": "false"
        },
        {
            "id": 158,
            "form": "a",
            "pos": "PRE",
            "lemma": "a",
            "has_context": "false",
            "is_title": "false"
        },
        {
            "id": 159,
            "form": "sua",
            "pos": "ADJ",
            "lemma": "suo",
            "has_context": "false",
            "is_title": "false"
        },
        {
            "id": 160,
            "form": "scelta",
            "pos": "NOM",
            "lemma": "scelta",
            "has_context": "true",
            "is_title": "false"
        },
        {
            "id": 161,
            "form": ".",
            "pos": "SENT",
            "lemma": ".",
            "has_context": "false",
            "is_title": "false"
        },
        {
            "id": 162,
            "form": "Questo",
            "pos": "PRO",
            "lemma": "questo",
            "has_context": "false",
            "is_title": "false"
        },
        {
            "id": 163,
            "form": "perché",
            "pos": "CON",
            "lemma": "perché",
            "has_context": "false",
            "is_title": "false"
        },
        {
            "id": 164,
            "form": "la",
            "pos": "DET",
            "lemma": "il",
            "has_context": "false",
            "is_title": "false"
        },
        {
            "id": 165,
            "form": "lingua",
            "pos": "NOM",
            "lemma": "lingua",
            "has_context": "false",
            "is_title": "false"
        },
        {
            "id": 166,
            "form": "è",
            "pos": "VER",
            "lemma": "essere",
            "has_context": "false",
            "is_title": "false"
        },
        {
            "id": 167,
            "form": "uno",
            "pos": "DET",
            "lemma": "uno",
            "has_context": "false",
            "is_title": "false"
        },
        {
            "id": 168,
            "form": "strumento",
            "pos": "NOM",
            "lemma": "strumento",
            "has_context": "true",
            "is_title": "false"
        },
        {
            "id": 169,
            "form": "importantissimo",
            "pos": "ADJ",
            "lemma": "importante",
            "has_context": "false",
            "is_title": "false"
        },
        {
            "id": 170,
            "form": "per",
            "pos": "PRE",
            "lemma": "per",
            "has_context": "false",
            "is_title": "false"
        },
        {
            "id": 171,
            "form": "stringere",
            "pos": "VER",
            "lemma": "stringere",
            "has_context": "true",
            "is_title": "false"
        },
        {
            "id": 172,
            "form": "amicizie",
            "pos": "NOM",
            "lemma": "amicizia",
            "has_context": "true",
            "is_title": "false"
        },
        {
            "id": 173,
            "form": "e",
            "pos": "CON",
            "lemma": "e",
            "has_context": "false",
            "is_title": "false"
        },
        {
            "id": 174,
            "form": "legami",
            "pos": "NOM",
            "lemma": "legame",
            "has_context": "true",
            "is_title": "false"
        },
        {
            "id": 175,
            "form": ".",
            "pos": "SENT",
            "lemma": ".",
            "has_context": "false",
            "is_title": "false"
        },
        {
            "id": 176,
            "form": "L’",
            "pos": "DET",
            "lemma": "il",
            "has_context": "false",
            "is_title": "false"
        },
        {
            "id": 177,
            "form": "importanza",
            "pos": "NOM",
            "lemma": "importanza",
            "has_context": "true",
            "is_title": "false"
        },
        {
            "id": 178,
            "form": "dello",
            "pos": "PRE",
            "lemma": "del",
            "has_context": "false",
            "is_title": "false"
        },
        {
            "id": 179,
            "form": "studiare",
            "pos": "VER",
            "lemma": "studiare",
            "has_context": "false",
            "is_title": "false"
        },
        {
            "id": 180,
            "form": "una",
            "pos": "DET",
            "lemma": "una",
            "has_context": "false",
            "is_title": "false"
        },
        {
            "id": 181,
            "form": "lingua",
            "pos": "NOM",
            "lemma": "lingua",
            "has_context": "false",
            "is_title": "false"
        },
        {
            "id": 182,
            "form": "straniera",
            "pos": "ADJ",
            "lemma": "straniero",
            "has_context": "false",
            "is_title": "false"
        },
        {
            "id": 183,
            "form": "è",
            "pos": "VER",
            "lemma": "essere",
            "has_context": "false",
            "is_title": "false"
        },
        {
            "id": 184,
            "form": "riconosciuta",
            "pos": "VER",
            "lemma": "riconoscere",
            "has_context": "true",
            "is_title": "false"
        },
        {
            "id": 185,
            "form": "non",
            "pos": "ADV",
            "lemma": "non",
            "has_context": "false",
            "is_title": "false"
        },
        {
            "id": 186,
            "form": "solo",
            "pos": "ADV",
            "lemma": "solo",
            "has_context": "false",
            "is_title": "false"
        },
        {
            "id": 187,
            "form": "in",
            "pos": "PRE",
            "lemma": "in",
            "has_context": "false",
            "is_title": "false"
        },
        {
            "id": 188,
            "form": "Europa",
            "pos": "NPR",
            "lemma": "Europa",
            "has_context": "false",
            "is_title": "false"
        },
        {
            "id": 189,
            "form": ",",
            "pos": "PON",
            "lemma": ",",
            "has_context": "false",
            "is_title": "false"
        },
        {
            "id": 190,
            "form": "ma",
            "pos": "CON",
            "lemma": "ma",
            "has_context": "false",
            "is_title": "false"
        },
        {
            "id": 191,
            "form": "in",
            "pos": "PRE",
            "lemma": "in",
            "has_context": "false",
            "is_title": "false"
        },
        {
            "id": 192,
            "form": "tutto",
            "pos": "ADJ",
            "lemma": "tutto",
            "has_context": "false",
            "is_title": "false"
        },
        {
            "id": 193,
            "form": "il",
            "pos": "DET",
            "lemma": "il",
            "has_context": "false",
            "is_title": "false"
        },
        {
            "id": 194,
            "form": "mondo",
            "pos": "NOM",
            "lemma": "mondo",
            "has_context": "false",
            "is_title": "false"
        },
        {
            "id": 195,
            "form": ".",
            "pos": "SENT",
            "lemma": ".",
            "has_context": "false",
            "is_title": "false"
        },
        {
            "id": 196,
            "form": "Infatti",
            "pos": "CON",
            "lemma": "infatti",
            "has_context": "false",
            "is_title": "false"
        },
        {
            "id": 197,
            "form": "molti",
            "pos": "ADJ",
            "lemma": "molto",
            "has_context": "false",
            "is_title": "false"
        },
        {
            "id": 198,
            "form": "nuovi",
            "pos": "ADJ",
            "lemma": "nuovo",
            "has_context": "false",
            "is_title": "false"
        },
        {
            "id": 199,
            "form": "Paesi",
            "pos": "NOM",
            "lemma": "paese",
            "has_context": "true",
            "is_title": "false"
        },
        {
            "id": 200,
            "form": "sono",
            "pos": "VER",
            "lemma": "essere",
            "has_context": "false",
            "is_title": "false"
        },
        {
            "id": 201,
            "form": "diventati",
            "pos": "VER",
            "lemma": "diventare",
            "has_context": "true",
            "is_title": "false"
        },
        {
            "id": 202,
            "form": "molto",
            "pos": "ADV",
            "lemma": "molto",
            "has_context": "false",
            "is_title": "false"
        },
        {
            "id": 203,
            "form": "importanti",
            "pos": "ADJ",
            "lemma": "importante",
            "has_context": "false",
            "is_title": "false"
        },
        {
            "id": 204,
            "form": "a",
            "pos": "PRE",
            "lemma": "a",
            "has_context": "false",
            "is_title": "false"
        },
        {
            "id": 205,
            "form": "livello",
            "pos": "NOM",
            "lemma": "livello",
            "has_context": "false",
            "is_title": "false"
        },
        {
            "id": 206,
            "form": "economico",
            "pos": "ADJ",
            "lemma": "economico",
            "has_context": "true",
            "is_title": "false"
        },
        {
            "id": 207,
            "form": "e",
            "pos": "CON",
            "lemma": "e",
            "has_context": "false",
            "is_title": "false"
        },
        {
            "id": 208,
            "form": "quindi",
            "pos": "CON",
            "lemma": "quindi",
            "has_context": "false",
            "is_title": "false"
        },
        {
            "id": 209,
            "form": "tutte",
            "pos": "ADJ",
            "lemma": "tutto",
            "has_context": "false",
            "is_title": "false"
        },
        {
            "id": 210,
            "form": "quelle",
            "pos": "ADJ",
            "lemma": "quello",
            "has_context": "false",
            "is_title": "false"
        },
        {
            "id": 211,
            "form": "lingue",
            "pos": "NOM",
            "lemma": "lingua",
            "has_context": "false",
            "is_title": "false"
        },
        {
            "id": 212,
            "form": ",",
            "pos": "PON",
            "lemma": ",",
            "has_context": "false",
            "is_title": "false"
        },
        {
            "id": 213,
            "form": "non",
            "pos": "ADV",
            "lemma": "non",
            "has_context": "false",
            "is_title": "false"
        },
        {
            "id": 214,
            "form": "più",
            "pos": "ADV",
            "lemma": "più",
            "has_context": "false",
            "is_title": "false"
        },
        {
            "id": 215,
            "form": "solo",
            "pos": "ADV",
            "lemma": "solo",
            "has_context": "false",
            "is_title": "false"
        },
        {
            "id": 216,
            "form": "quelle",
            "pos": "PRO",
            "lemma": "quello",
            "has_context": "false",
            "is_title": "false"
        },
        {
            "id": 217,
            "form": "europee",
            "pos": "ADJ",
            "lemma": "europeo",
            "has_context": "true",
            "is_title": "false"
        },
        {
            "id": 218,
            "form": ",",
            "pos": "PON",
            "lemma": ",",
            "has_context": "false",
            "is_title": "false"
        },
        {
            "id": 219,
            "form": "hanno",
            "pos": "VER",
            "lemma": "avere",
            "has_context": "false",
            "is_title": "false"
        },
        {
            "id": 220,
            "form": "assunto",
            "pos": "VER",
            "lemma": "assumere",
            "has_context": "true",
            "is_title": "false"
        },
        {
            "id": 221,
            "form": "un’",
            "pos": "DET",
            "lemma": "un",
            "has_context": "false",
            "is_title": "false"
        },
        {
            "id": 222,
            "form": "importanza",
            "pos": "NOM",
            "lemma": "importanza",
            "has_context": "true",
            "is_title": "false"
        },
        {
            "id": 223,
            "form": "particolare",
            "pos": "ADJ",
            "lemma": "particolare",
            "has_context": "true",
            "is_title": "false"
        },
        {
            "id": 224,
            "form": ".",
            "pos": "SENT",
            "lemma": ".",
            "has_context": "false",
            "is_title": "false"
        },
        {
            "id": 225,
            "form": "Ed",
            "pos": "CON",
            "lemma": "ed",
            "has_context": "false",
            "is_title": "false"
        },
        {
            "id": 226,
            "form": "è",
            "pos": "VER",
            "lemma": "essere",
            "has_context": "false",
            "is_title": "false"
        },
        {
            "id": 227,
            "form": "per",
            "pos": "PRE",
            "lemma": "per",
            "has_context": "false",
            "is_title": "false"
        },
        {
            "id": 228,
            "form": "questo",
            "pos": "ADJ",
            "lemma": "questo",
            "has_context": "false",
            "is_title": "false"
        },
        {
            "id": 229,
            "form": "motivo",
            "pos": "NOM",
            "lemma": "motivo",
            "has_context": "true",
            "is_title": "false"
        },
        {
            "id": 230,
            "form": "che",
            "pos": "CON",
            "lemma": "che",
            "has_context": "false",
            "is_title": "false"
        },
        {
            "id": 231,
            "form": "in",
            "pos": "PRE",
            "lemma": "in",
            "has_context": "false",
            "is_title": "false"
        },
        {
            "id": 232,
            "form": "tanti",
            "pos": "PRO",
            "lemma": "tanto",
            "has_context": "false",
            "is_title": "false"
        },
        {
            "id": 233,
            "form": "adesso",
            "pos": "ADV",
            "lemma": "adesso",
            "has_context": "false",
            "is_title": "false"
        },
        {
            "id": 234,
            "form": "si",
            "pos": "PRO",
            "lemma": "si",
            "has_context": "false",
            "is_title": "false"
        },
        {
            "id": 235,
            "form": "dedicano",
            "pos": "VER",
            "lemma": "dedicare",
            "has_context": "true",
            "is_title": "false"
        },
        {
            "id": 236,
            "form": "allo",
            "pos": "PRE",
            "lemma": "al",
            "has_context": "false",
            "is_title": "false"
        },
        {
            "id": 237,
            "form": "studio",
            "pos": "NOM",
            "lemma": "studio",
            "has_context": "false",
            "is_title": "false"
        },
        {
            "id": 238,
            "form": "di",
            "pos": "PRE",
            "lemma": "di",
            "has_context": "false",
            "is_title": "false"
        },
        {
            "id": 239,
            "form": "lingue",
            "pos": "NOM",
            "lemma": "lingua",
            "has_context": "false",
            "is_title": "false"
        },
        {
            "id": 240,
            "form": "come",
            "pos": "CON",
            "lemma": "come",
            "has_context": "false",
            "is_title": "false"
        },
        {
            "id": 241,
            "form": "il",
            "pos": "DET",
            "lemma": "il",
            "has_context": "false",
            "is_title": "false"
        },
        {
            "id": 242,
            "form": "cinese",
            "pos": "NOM",
            "lemma": "cinese",
            "has_context": "false",
            "is_title": "false"
        },
        {
            "id": 243,
            "form": "o",
            "pos": "CON",
            "lemma": "o",
            "has_context": "false",
            "is_title": "false"
        },
        {
            "id": 244,
            "form": "l’",
            "pos": "DET",
            "lemma": "il",
            "has_context": "false",
            "is_title": "false"
        },
        {
            "id": 245,
            "form": "arabo",
            "pos": "NOM",
            "lemma": "arabo",
            "has_context": "false",
            "is_title": "false"
        },
        {
            "id": 246,
            "form": ".",
            "pos": "SENT",
            "lemma": ".",
            "has_context": "false",
            "is_title": "false"
        },
        {
            "id": 247,
            "form": "In",
            "pos": "PRE",
            "lemma": "in",
            "has_context": "false",
            "is_title": "false"
        },
        {
            "id": 248,
            "form": "conclusione",
            "pos": "NOM",
            "lemma": "conclusione",
            "has_context": "true",
            "is_title": "false"
        },
        {
            "id": 249,
            "form": ",",
            "pos": "PON",
            "lemma": ",",
            "has_context": "false",
            "is_title": "false"
        },
        {
            "id": 250,
            "form": "imparare",
            "pos": "VER",
            "lemma": "imparare",
            "has_context": "false",
            "is_title": "false"
        },
        {
            "id": 251,
            "form": "le",
            "pos": "DET",
            "lemma": "il",
            "has_context": "false",
            "is_title": "false"
        },
        {
            "id": 252,
            "form": "lingue",
            "pos": "NOM",
            "lemma": "lingua",
            "has_context": "false",
            "is_title": "false"
        },
        {
            "id": 253,
            "form": "non",
            "pos": "ADV",
            "lemma": "non",
            "has_context": "false",
            "is_title": "false"
        },
        {
            "id": 254,
            "form": "è",
            "pos": "VER",
            "lemma": "essere",
            "has_context": "false",
            "is_title": "false"
        },
        {
            "id": 255,
            "form": "solo",
            "pos": "ADV",
            "lemma": "solo",
            "has_context": "false",
            "is_title": "false"
        },
        {
            "id": 256,
            "form": "un",
            "pos": "DET",
            "lemma": "un",
            "has_context": "false",
            "is_title": "false"
        },
        {
            "id": 257,
            "form": "piacere",
            "pos": "NOM",
            "lemma": "piacere",
            "has_context": "false",
            "is_title": "false"
        },
        {
            "id": 258,
            "form": ",",
            "pos": "PON",
            "lemma": ",",
            "has_context": "false",
            "is_title": "false"
        },
        {
            "id": 259,
            "form": "ma",
            "pos": "CON",
            "lemma": "ma",
            "has_context": "false",
            "is_title": "false"
        },
        {
            "id": 260,
            "form": "una",
            "pos": "DET",
            "lemma": "una",
            "has_context": "false",
            "is_title": "false"
        },
        {
            "id": 261,
            "form": "necessità",
            "pos": "NOM",
            "lemma": "necessità",
            "has_context": "true",
            "is_title": "false"
        },
        {
            "id": 262,
            "form": "per",
            "pos": "PRE",
            "lemma": "per",
            "has_context": "false",
            "is_title": "false"
        },
        {
            "id": 263,
            "form": "chi",
            "pos": "PRO",
            "lemma": "chi",
            "has_context": "false",
            "is_title": "false"
        },
        {
            "id": 264,
            "form": "desidera",
            "pos": "VER",
            "lemma": "desiderare",
            "has_context": "true",
            "is_title": "false"
        },
        {
            "id": 265,
            "form": "davvero",
            "pos": "ADV",
            "lemma": "davvero",
            "has_context": "true",
            "is_title": "false"
        },
        {
            "id": 266,
            "form": "capire",
            "pos": "VER",
            "lemma": "capire",
            "has_context": "false",
            "is_title": "false"
        },
        {
            "id": 267,
            "form": "il",
            "pos": "DET",
            "lemma": "il",
            "has_context": "false",
            "is_title": "false"
        },
        {
            "id": 268,
            "form": "mondo",
            "pos": "NOM",
            "lemma": "mondo",
            "has_context": "false",
            "is_title": "false"
        },
        {
            "id": 269,
            "form": ".",
            "pos": "SENT",
            "lemma": ".",
            "has_context": "false",
            "is_title": "false"
        }
    ]
