    [
        {
            "id": 1,
            "form": "Dipendenza",
            "pos": "NOM",
            "lemma": "dipendenza",
            "has_context": "true",
            "is_title": "true"
        },
        {
            "id": 2,
            "form": "da",
            "pos": "PRE",
            "lemma": "da",
            "has_context": "false",
            "is_title": "true"
        },
        {
            "id": 3,
            "form": "computer",
            "pos": "NOM",
            "lemma": "computer",
            "has_context": "false",
            "is_title": "true"
        },
        {
            "id": 4,
            "form": "In",
            "pos": "PRE",
            "lemma": "in",
            "has_context": "false",
            "is_title": "false"
        },
        {
            "id": 5,
            "form": "seguito",
            "pos": "NOM",
            "lemma": "seguito",
            "has_context": "true",
            "is_title": "false"
        },
        {
            "id": 6,
            "form": "alla",
            "pos": "PRE",
            "lemma": "al",
            "has_context": "false",
            "is_title": "false"
        },
        {
            "id": 7,
            "form": "diffusione",
            "pos": "NOM",
            "lemma": "diffusione",
            "has_context": "true",
            "is_title": "false"
        },
        {
            "id": 8,
            "form": "delle",
            "pos": "PRE",
            "lemma": "del",
            "has_context": "false",
            "is_title": "false"
        },
        {
            "id": 9,
            "form": "tecnologie",
            "pos": "NOM",
            "lemma": "tecnologia",
            "has_context": "true",
            "is_title": "false"
        },
        {
            "id": 10,
            "form": "informatiche",
            "pos": "ADJ",
            "lemma": "informatico",
            "has_context": "true",
            "is_title": "false"
        },
        {
            "id": 11,
            "form": "e",
            "pos": "CON",
            "lemma": "e",
            "has_context": "false",
            "is_title": "false"
        },
        {
            "id": 12,
            "form": "di",
            "pos": "PRE",
            "lemma": "di",
            "has_context": "false",
            "is_title": "false"
        },
        {
            "id": 13,
            "form": "internet",
            "pos": "NOM",
            "lemma": "internet",
            "has_context": "false",
            "is_title": "false"
        },
        {
            "id": 14,
            "form": ",",
            "pos": "PON",
            "lemma": ",",
            "has_context": "false",
            "is_title": "false"
        },
        {
            "id": 15,
            "form": "quasi",
            "pos": "ADV",
            "lemma": "quasi",
            "has_context": "false",
            "is_title": "false"
        },
        {
            "id": 16,
            "form": "tutti",
            "pos": "PRO",
            "lemma": "tutto",
            "has_context": "false",
            "is_title": "false"
        },
        {
            "id": 17,
            "form": "possono",
            "pos": "VER",
            "lemma": "potere",
            "has_context": "false",
            "is_title": "false"
        },
        {
            "id": 18,
            "form": "dire",
            "pos": "VER",
            "lemma": "dire",
            "has_context": "false",
            "is_title": "false"
        },
        {
            "id": 19,
            "form": "di",
            "pos": "PRE",
            "lemma": "di",
            "has_context": "false",
            "is_title": "false"
        },
        {
            "id": 20,
            "form": "avere",
            "pos": "VER",
            "lemma": "avere",
            "has_context": "false",
            "is_title": "false"
        },
        {
            "id": 21,
            "form": "un",
            "pos": "DET",
            "lemma": "un",
            "has_context": "false",
            "is_title": "false"
        },
        {
            "id": 22,
            "form": "computer",
            "pos": "NOM",
            "lemma": "computer",
            "has_context": "false",
            "is_title": "false"
        },
        {
            "id": 23,
            "form": "in",
            "pos": "PRE",
            "lemma": "in",
            "has_context": "false",
            "is_title": "false"
        },
        {
            "id": 24,
            "form": "casa",
            "pos": "NOM",
            "lemma": "casa",
            "has_context": "false",
            "is_title": "false"
        },
        {
            "id": 25,
            "form": "e",
            "pos": "CON",
            "lemma": "e",
            "has_context": "false",
            "is_title": "false"
        },
        {
            "id": 26,
            "form": "di",
            "pos": "PRE",
            "lemma": "di",
            "has_context": "false",
            "is_title": "false"
        },
        {
            "id": 27,
            "form": "farne",
            "pos": "VER",
            "lemma": "fare",
            "has_context": "false",
            "is_title": "false"
        },
        {
            "id": 28,
            "form": "largo",
            "pos": "ADJ",
            "lemma": "largo",
            "has_context": "false",
            "is_title": "false"
        },
        {
            "id": 29,
            "form": "uso",
            "pos": "NOM",
            "lemma": "uso",
            "has_context": "true",
            "is_title": "false"
        },
        {
            "id": 30,
            "form": ".",
            "pos": "SENT",
            "lemma": ".",
            "has_context": "false",
            "is_title": "false"
        },
        {
            "id": 31,
            "form": "Questo",
            "pos": "PRO",
            "lemma": "questo",
            "has_context": "false",
            "is_title": "false"
        },
        {
            "id": 32,
            "form": "ha",
            "pos": "VER",
            "lemma": "avere",
            "has_context": "false",
            "is_title": "false"
        },
        {
            "id": 33,
            "form": "indubbiamente",
            "pos": "ADV",
            "lemma": "indubbiamente",
            "has_context": "true",
            "is_title": "false"
        },
        {
            "id": 34,
            "form": "portato",
            "pos": "VER",
            "lemma": "portare",
            "has_context": "false",
            "is_title": "false"
        },
        {
            "id": 35,
            "form": "molti",
            "pos": "ADJ",
            "lemma": "molto",
            "has_context": "false",
            "is_title": "false"
        },
        {
            "id": 36,
            "form": "vantaggi",
            "pos": "NOM",
            "lemma": "vantaggio",
            "has_context": "true",
            "is_title": "false"
        },
        {
            "id": 37,
            "form": "nella",
            "pos": "PRE",
            "lemma": "nel",
            "has_context": "false",
            "is_title": "false"
        },
        {
            "id": 38,
            "form": "nostra",
            "pos": "ADJ",
            "lemma": "nostro",
            "has_context": "false",
            "is_title": "false"
        },
        {
            "id": 39,
            "form": "vita",
            "pos": "NOM",
            "lemma": "vita",
            "has_context": "true",
            "is_title": "false"
        },
        {
            "id": 40,
            "form": "di",
            "pos": "PRE",
            "lemma": "di",
            "has_context": "false",
            "is_title": "false"
        },
        {
            "id": 41,
            "form": "tutti",
            "pos": "ADJ",
            "lemma": "tutto",
            "has_context": "false",
            "is_title": "false"
        },
        {
            "id": 42,
            "form": "i",
            "pos": "DET",
            "lemma": "il",
            "has_context": "false",
            "is_title": "false"
        },
        {
            "id": 43,
            "form": "giorni",
            "pos": "NOM",
            "lemma": "giorno",
            "has_context": "false",
            "is_title": "false"
        },
        {
            "id": 44,
            "form": ",",
            "pos": "PON",
            "lemma": ",",
            "has_context": "false",
            "is_title": "false"
        },
        {
            "id": 45,
            "form": "ma",
            "pos": "CON",
            "lemma": "ma",
            "has_context": "false",
            "is_title": "false"
        },
        {
            "id": 46,
            "form": "non",
            "pos": "ADV",
            "lemma": "non",
            "has_context": "false",
            "is_title": "false"
        },
        {
            "id": 47,
            "form": "bisogna",
            "pos": "VER",
            "lemma": "bisognare",
            "has_context": "true",
            "is_title": "false"
        },
        {
            "id": 48,
            "form": "sottovalutare",
            "pos": "VER",
            "lemma": "sottovalutare",
            "has_context": "true",
            "is_title": "false"
        },
        {
            "id": 49,
            "form": "gli",
            "pos": "DET",
            "lemma": "il",
            "has_context": "false",
            "is_title": "false"
        },
        {
            "id": 50,
            "form": "aspetti",
            "pos": "NOM",
            "lemma": "aspetto",
            "has_context": "true",
            "is_title": "false"
        },
        {
            "id": 51,
            "form": "negativi",
            "pos": "ADJ",
            "lemma": "negativo",
            "has_context": "true",
            "is_title": "false"
        },
        {
            "id": 52,
            "form": ".",
            "pos": "SENT",
            "lemma": ".",
            "has_context": "false",
            "is_title": "false"
        },
        {
            "id": 53,
            "form": "Uno",
            "pos": "PRO",
            "lemma": "uno",
            "has_context": "false",
            "is_title": "false"
        },
        {
            "id": 54,
            "form": "degli",
            "pos": "PRE",
            "lemma": "del",
            "has_context": "false",
            "is_title": "false"
        },
        {
            "id": 55,
            "form": "ultimi",
            "pos": "ADJ",
            "lemma": "ultimo",
            "has_context": "false",
            "is_title": "false"
        },
        {
            "id": 56,
            "form": "fenomeni",
            "pos": "NOM",
            "lemma": "fenomeno",
            "has_context": "true",
            "is_title": "false"
        },
        {
            "id": 57,
            "form": "che",
            "pos": "PRO",
            "lemma": "che",
            "has_context": "false",
            "is_title": "false"
        },
        {
            "id": 58,
            "form": "ha",
            "pos": "VER",
            "lemma": "avere",
            "has_context": "false",
            "is_title": "false"
        },
        {
            "id": 59,
            "form": "messo",
            "pos": "VER",
            "lemma": "mettere",
            "has_context": "false",
            "is_title": "false"
        },
        {
            "id": 60,
            "form": "tutti",
            "pos": "PRO",
            "lemma": "tutto",
            "has_context": "false",
            "is_title": "false"
        },
        {
            "id": 61,
            "form": "in",
            "pos": "PRE",
            "lemma": "in",
            "has_context": "false",
            "is_title": "false"
        },
        {
            "id": 62,
            "form": "allerta",
            "pos": "NOM",
            "lemma": "allerta",
            "has_context": "true",
            "is_title": "false"
        },
        {
            "id": 63,
            "form": "è",
            "pos": "VER",
            "lemma": "essere",
            "has_context": "false",
            "is_title": "false"
        },
        {
            "id": 64,
            "form": "quello",
            "pos": "PRO",
            "lemma": "quello",
            "has_context": "false",
            "is_title": "false"
        },
        {
            "id": 65,
            "form": "della",
            "pos": "PRE",
            "lemma": "del",
            "has_context": "false",
            "is_title": "false"
        },
        {
            "id": 66,
            "form": "dipendenza",
            "pos": "NOM",
            "lemma": "dipendenza",
            "has_context": "true",
            "is_title": "false"
        },
        {
            "id": 67,
            "form": "da",
            "pos": "PRE",
            "lemma": "da",
            "has_context": "false",
            "is_title": "false"
        },
        {
            "id": 68,
            "form": "computer",
            "pos": "NOM",
            "lemma": "computer",
            "has_context": "false",
            "is_title": "false"
        },
        {
            "id": 69,
            "form": "e",
            "pos": "CON",
            "lemma": "e",
            "has_context": "false",
            "is_title": "false"
        },
        {
            "id": 70,
            "form": "da",
            "pos": "PRE",
            "lemma": "da",
            "has_context": "false",
            "is_title": "false"
        },
        {
            "id": 71,
            "form": "internet",
            "pos": "NOM",
            "lemma": "internet",
            "has_context": "false",
            "is_title": "false"
        },
        {
            "id": 72,
            "form": ".",
            "pos": "SENT",
            "lemma": ".",
            "has_context": "false",
            "is_title": "false"
        },
        {
            "id": 73,
            "form": "Infatti",
            "pos": "CON",
            "lemma": "infatti",
            "has_context": "false",
            "is_title": "false"
        },
        {
            "id": 74,
            "form": "questo",
            "pos": "PRO",
            "lemma": "questo",
            "has_context": "false",
            "is_title": "false"
        },
        {
            "id": 75,
            "form": "è",
            "pos": "VER",
            "lemma": "essere",
            "has_context": "false",
            "is_title": "false"
        },
        {
            "id": 76,
            "form": "un",
            "pos": "DET",
            "lemma": "un",
            "has_context": "false",
            "is_title": "false"
        },
        {
            "id": 77,
            "form": "problema",
            "pos": "NOM",
            "lemma": "problema",
            "has_context": "false",
            "is_title": "false"
        },
        {
            "id": 78,
            "form": "che",
            "pos": "PRO",
            "lemma": "che",
            "has_context": "false",
            "is_title": "false"
        },
        {
            "id": 79,
            "form": "colpisce",
            "pos": "VER",
            "lemma": "colpire",
            "has_context": "true",
            "is_title": "false"
        },
        {
            "id": 80,
            "form": "soprattutto",
            "pos": "ADV",
            "lemma": "soprattutto",
            "has_context": "true",
            "is_title": "false"
        },
        {
            "id": 81,
            "form": "i",
            "pos": "DET",
            "lemma": "il",
            "has_context": "false",
            "is_title": "false"
        },
        {
            "id": 82,
            "form": "giovani",
            "pos": "NOM",
            "lemma": "giovane",
            "has_context": "false",
            "is_title": "false"
        },
        {
            "id": 83,
            "form": ",",
            "pos": "PON",
            "lemma": ",",
            "has_context": "false",
            "is_title": "false"
        },
        {
            "id": 84,
            "form": "che",
            "pos": "PRO",
            "lemma": "che",
            "has_context": "false",
            "is_title": "false"
        },
        {
            "id": 85,
            "form": "non",
            "pos": "ADV",
            "lemma": "non",
            "has_context": "false",
            "is_title": "false"
        },
        {
            "id": 86,
            "form": "sono",
            "pos": "VER",
            "lemma": "essere",
            "has_context": "false",
            "is_title": "false"
        },
        {
            "id": 87,
            "form": "capaci",
            "pos": "ADJ",
            "lemma": "capace",
            "has_context": "true",
            "is_title": "false"
        },
        {
            "id": 88,
            "form": "di",
            "pos": "PRE",
            "lemma": "di",
            "has_context": "false",
            "is_title": "false"
        },
        {
            "id": 89,
            "form": "dire",
            "pos": "VER",
            "lemma": "dire",
            "has_context": "false",
            "is_title": "false"
        },
        {
            "id": 90,
            "form": "‘",
            "pos": "PON",
            "lemma": "‘",
            "has_context": "false",
            "is_title": "false"
        },
        {
            "id": 91,
            "form": "basta",
            "pos": "INT",
            "lemma": "basta",
            "has_context": "false",
            "is_title": "false"
        },
        {
            "id": 92,
            "form": "’",
            "pos": "PON",
            "lemma": "’",
            "has_context": "false",
            "is_title": "false"
        },
        {
            "id": 93,
            "form": ".",
            "pos": "SENT",
            "lemma": ".",
            "has_context": "false",
            "is_title": "false"
        },
        {
            "id": 94,
            "form": "La",
            "pos": "DET",
            "lemma": "il",
            "has_context": "false",
            "is_title": "false"
        },
        {
            "id": 95,
            "form": "dipendenza",
            "pos": "NOM",
            "lemma": "dipendenza",
            "has_context": "true",
            "is_title": "false"
        },
        {
            "id": 96,
            "form": "da",
            "pos": "PRE",
            "lemma": "da",
            "has_context": "false",
            "is_title": "false"
        },
        {
            "id": 97,
            "form": "computer",
            "pos": "NOM",
            "lemma": "computer",
            "has_context": "false",
            "is_title": "false"
        },
        {
            "id": 98,
            "form": "è",
            "pos": "VER",
            "lemma": "essere",
            "has_context": "false",
            "is_title": "false"
        },
        {
            "id": 99,
            "form": "una",
            "pos": "DET",
            "lemma": "una",
            "has_context": "false",
            "is_title": "false"
        },
        {
            "id": 100,
            "form": "vera",
            "pos": "ADJ",
            "lemma": "vero",
            "has_context": "false",
            "is_title": "false"
        },
        {
            "id": 101,
            "form": "e",
            "pos": "CON",
            "lemma": "e",
            "has_context": "false",
            "is_title": "false"
        },
        {
            "id": 102,
            "form": "propria",
            "pos": "ADJ",
            "lemma": "proprio",
            "has_context": "true",
            "is_title": "false"
        },
        {
            "id": 103,
            "form": "malattia",
            "pos": "NOM",
            "lemma": "malattia",
            "has_context": "true",
            "is_title": "false"
        },
        {
            "id": 104,
            "form": ",",
            "pos": "PON",
            "lemma": ",",
            "has_context": "false",
            "is_title": "false"
        },
        {
            "id": 105,
            "form": "e",
            "pos": "CON",
            "lemma": "e",
            "has_context": "false",
            "is_title": "false"
        },
        {
            "id": 106,
            "form": "come",
            "pos": "CON",
            "lemma": "come",
            "has_context": "false",
            "is_title": "false"
        },
        {
            "id": 107,
            "form": "tale",
            "pos": "ADJ",
            "lemma": "tale",
            "has_context": "true",
            "is_title": "false"
        },
        {
            "id": 108,
            "form": "necessita",
            "pos": "VER",
            "lemma": "necessitare",
            "has_context": "true",
            "is_title": "false"
        },
        {
            "id": 109,
            "form": "di",
            "pos": "PRE",
            "lemma": "di",
            "has_context": "false",
            "is_title": "false"
        },
        {
            "id": 110,
            "form": "specifiche",
            "pos": "ADJ",
            "lemma": "specifico",
            "has_context": "true",
            "is_title": "false"
        },
        {
            "id": 111,
            "form": "cure",
            "pos": "NOM",
            "lemma": "cura",
            "has_context": "true",
            "is_title": "false"
        },
        {
            "id": 112,
            "form": ".",
            "pos": "SENT",
            "lemma": ".",
            "has_context": "false",
            "is_title": "false"
        },
        {
            "id": 113,
            "form": "Ultimamente",
            "pos": "ADV",
            "lemma": "ultimamente",
            "has_context": "true",
            "is_title": "false"
        },
        {
            "id": 114,
            "form": "ci",
            "pos": "ADV",
            "lemma": "ci",
            "has_context": "false",
            "is_title": "false"
        },
        {
            "id": 115,
            "form": "sono",
            "pos": "VER",
            "lemma": "essere",
            "has_context": "false",
            "is_title": "false"
        },
        {
            "id": 116,
            "form": "molti",
            "pos": "ADJ",
            "lemma": "molto",
            "has_context": "false",
            "is_title": "false"
        },
        {
            "id": 117,
            "form": "psicologi",
            "pos": "NOM",
            "lemma": "psicologo",
            "has_context": "true",
            "is_title": "false"
        },
        {
            "id": 118,
            "form": "che",
            "pos": "PRO",
            "lemma": "che",
            "has_context": "false",
            "is_title": "false"
        },
        {
            "id": 119,
            "form": "si",
            "pos": "PRO",
            "lemma": "si",
            "has_context": "false",
            "is_title": "false"
        },
        {
            "id": 120,
            "form": "sono",
            "pos": "VER",
            "lemma": "essere",
            "has_context": "false",
            "is_title": "false"
        },
        {
            "id": 121,
            "form": "specializzati",
            "pos": "VER",
            "lemma": "specializzare",
            "has_context": "true",
            "is_title": "false"
        },
        {
            "id": 122,
            "form": "nella",
            "pos": "PRE",
            "lemma": "nel",
            "has_context": "false",
            "is_title": "false"
        },
        {
            "id": 123,
            "form": "cura",
            "pos": "NOM",
            "lemma": "cura",
            "has_context": "true",
            "is_title": "false"
        },
        {
            "id": 124,
            "form": "di",
            "pos": "PRE",
            "lemma": "di",
            "has_context": "false",
            "is_title": "false"
        },
        {
            "id": 125,
            "form": "questo",
            "pos": "ADJ",
            "lemma": "questo",
            "has_context": "false",
            "is_title": "false"
        },
        {
            "id": 126,
            "form": "tipo",
            "pos": "NOM",
            "lemma": "tipo",
            "has_context": "true",
            "is_title": "false"
        },
        {
            "id": 127,
            "form": "di",
            "pos": "PRE",
            "lemma": "di",
            "has_context": "false",
            "is_title": "false"
        },
        {
            "id": 128,
            "form": "disturbi",
            "pos": "NOM",
            "lemma": "disturbo",
            "has_context": "true",
            "is_title": "false"
        },
        {
            "id": 129,
            "form": ".",
            "pos": "SENT",
            "lemma": ".",
            "has_context": "false",
            "is_title": "false"
        },
        {
            "id": 130,
            "form": "Secondo",
            "pos": "PRE",
            "lemma": "secondo",
            "has_context": "false",
            "is_title": "false"
        },
        {
            "id": 131,
            "form": "recenti",
            "pos": "ADJ",
            "lemma": "recente",
            "has_context": "true",
            "is_title": "false"
        },
        {
            "id": 132,
            "form": "studi",
            "pos": "NOM",
            "lemma": "studio",
            "has_context": "false",
            "is_title": "false"
        },
        {
            "id": 133,
            "form": ",",
            "pos": "PON",
            "lemma": ",",
            "has_context": "false",
            "is_title": "false"
        },
        {
            "id": 134,
            "form": "infatti",
            "pos": "CON",
            "lemma": "infatti",
            "has_context": "false",
            "is_title": "false"
        },
        {
            "id": 135,
            "form": ",",
            "pos": "PON",
            "lemma": ",",
            "has_context": "false",
            "is_title": "false"
        },
        {
            "id": 136,
            "form": "la",
            "pos": "DET",
            "lemma": "il",
            "has_context": "false",
            "is_title": "false"
        },
        {
            "id": 137,
            "form": "dipendenza",
            "pos": "NOM",
            "lemma": "dipendenza",
            "has_context": "true",
            "is_title": "false"
        },
        {
            "id": 138,
            "form": "da",
            "pos": "PRE",
            "lemma": "da",
            "has_context": "false",
            "is_title": "false"
        },
        {
            "id": 139,
            "form": "computer",
            "pos": "NOM",
            "lemma": "computer",
            "has_context": "false",
            "is_title": "false"
        },
        {
            "id": 140,
            "form": "colpisce",
            "pos": "VER",
            "lemma": "colpire",
            "has_context": "true",
            "is_title": "false"
        },
        {
            "id": 141,
            "form": "una",
            "pos": "DET",
            "lemma": "una",
            "has_context": "false",
            "is_title": "false"
        },
        {
            "id": 142,
            "form": "buona",
            "pos": "ADJ",
            "lemma": "buono",
            "has_context": "false",
            "is_title": "false"
        },
        {
            "id": 143,
            "form": "percentuale",
            "pos": "NOM",
            "lemma": "percentuale",
            "has_context": "true",
            "is_title": "false"
        },
        {
            "id": 144,
            "form": "di",
            "pos": "PRE",
            "lemma": "di",
            "has_context": "false",
            "is_title": "false"
        },
        {
            "id": 145,
            "form": "giovani",
            "pos": "NOM",
            "lemma": "giovane",
            "has_context": "false",
            "is_title": "false"
        },
        {
            "id": 146,
            "form": "tra",
            "pos": "PRE",
            "lemma": "tra",
            "has_context": "false",
            "is_title": "false"
        },
        {
            "id": 147,
            "form": "i",
            "pos": "DET",
            "lemma": "il",
            "has_context": "false",
            "is_title": "false"
        },
        {
            "id": 148,
            "form": "16",
            "pos": "NUM",
            "lemma": "@card@",
            "has_context": "false",
            "is_title": "false"
        },
        {
            "id": 149,
            "form": "e",
            "pos": "CON",
            "lemma": "e",
            "has_context": "false",
            "is_title": "false"
        },
        {
            "id": 150,
            "form": "i",
            "pos": "DET",
            "lemma": "il",
            "has_context": "false",
            "is_title": "false"
        },
        {
            "id": 151,
            "form": "26",
            "pos": "NUM",
            "lemma": "@card@",
            "has_context": "false",
            "is_title": "false"
        },
        {
            "id": 152,
            "form": "anni",
            "pos": "NOM",
            "lemma": "anno",
            "has_context": "false",
            "is_title": "false"
        },
        {
            "id": 153,
            "form": "di",
            "pos": "PRE",
            "lemma": "di",
            "has_context": "false",
            "is_title": "false"
        },
        {
            "id": 154,
            "form": "età",
            "pos": "NOM",
            "lemma": "età",
            "has_context": "false",
            "is_title": "false"
        },
        {
            "id": 155,
            "form": ".",
            "pos": "SENT",
            "lemma": ".",
            "has_context": "false",
            "is_title": "false"
        },
        {
            "id": 156,
            "form": "Questa",
            "pos": "ADJ",
            "lemma": "questo",
            "has_context": "false",
            "is_title": "false"
        },
        {
            "id": 157,
            "form": "malattia",
            "pos": "NOM",
            "lemma": "malattia",
            "has_context": "true",
            "is_title": "false"
        },
        {
            "id": 158,
            "form": "si",
            "pos": "PRO",
            "lemma": "si",
            "has_context": "false",
            "is_title": "false"
        },
        {
            "id": 159,
            "form": "manifesta",
            "pos": "VER",
            "lemma": "manifestare",
            "has_context": "true",
            "is_title": "false"
        },
        {
            "id": 160,
            "form": "con",
            "pos": "PRE",
            "lemma": "con",
            "has_context": "false",
            "is_title": "false"
        },
        {
            "id": 161,
            "form": "dei",
            "pos": "PRE",
            "lemma": "del",
            "has_context": "false",
            "is_title": "false"
        },
        {
            "id": 162,
            "form": "sintomi",
            "pos": "NOM",
            "lemma": "sintomo",
            "has_context": "true",
            "is_title": "false"
        },
        {
            "id": 163,
            "form": "tipici",
            "pos": "ADJ",
            "lemma": "tipico",
            "has_context": "true",
            "is_title": "false"
        },
        {
            "id": 164,
            "form": ",",
            "pos": "PON",
            "lemma": ",",
            "has_context": "false",
            "is_title": "false"
        },
        {
            "id": 165,
            "form": "tra",
            "pos": "PRE",
            "lemma": "tra",
            "has_context": "false",
            "is_title": "false"
        },
        {
            "id": 166,
            "form": "cui",
            "pos": "PRO",
            "lemma": "cui",
            "has_context": "false",
            "is_title": "false"
        },
        {
            "id": 167,
            "form": "i",
            "pos": "DET",
            "lemma": "il",
            "has_context": "false",
            "is_title": "false"
        },
        {
            "id": 168,
            "form": "più",
            "pos": "ADV",
            "lemma": "più",
            "has_context": "false",
            "is_title": "false"
        },
        {
            "id": 169,
            "form": "evidenti",
            "pos": "ADJ",
            "lemma": "evidente",
            "has_context": "true",
            "is_title": "false"
        },
        {
            "id": 170,
            "form": "sono",
            "pos": "VER",
            "lemma": "essere",
            "has_context": "false",
            "is_title": "false"
        },
        {
            "id": 171,
            "form": "il",
            "pos": "DET",
            "lemma": "il",
            "has_context": "false",
            "is_title": "false"
        },
        {
            "id": 172,
            "form": "nervosismo",
            "pos": "NOM",
            "lemma": "nervosismo",
            "has_context": "true",
            "is_title": "false"
        },
        {
            "id": 173,
            "form": "e",
            "pos": "CON",
            "lemma": "e",
            "has_context": "false",
            "is_title": "false"
        },
        {
            "id": 174,
            "form": "la",
            "pos": "DET",
            "lemma": "il",
            "has_context": "false",
            "is_title": "false"
        },
        {
            "id": 175,
            "form": "minore",
            "pos": "ADJ",
            "lemma": "minore",
            "has_context": "true",
            "is_title": "false"
        },
        {
            "id": 176,
            "form": "voglia",
            "pos": "NOM",
            "lemma": "voglia",
            "has_context": "false",
            "is_title": "false"
        },
        {
            "id": 177,
            "form": "di",
            "pos": "PRE",
            "lemma": "di",
            "has_context": "false",
            "is_title": "false"
        },
        {
            "id": 178,
            "form": "uscire",
            "pos": "VER",
            "lemma": "uscire",
            "has_context": "false",
            "is_title": "false"
        },
        {
            "id": 179,
            "form": "e",
            "pos": "CON",
            "lemma": "e",
            "has_context": "false",
            "is_title": "false"
        },
        {
            "id": 180,
            "form": "di",
            "pos": "PRE",
            "lemma": "di",
            "has_context": "false",
            "is_title": "false"
        },
        {
            "id": 181,
            "form": "socializzare",
            "pos": "VER",
            "lemma": "socializzare",
            "has_context": "true",
            "is_title": "false"
        },
        {
            "id": 182,
            "form": ".",
            "pos": "SENT",
            "lemma": ".",
            "has_context": "false",
            "is_title": "false"
        },
        {
            "id": 183,
            "form": "In",
            "pos": "PRE",
            "lemma": "in",
            "has_context": "false",
            "is_title": "false"
        },
        {
            "id": 184,
            "form": "alcuni",
            "pos": "ADJ",
            "lemma": "alcuno",
            "has_context": "false",
            "is_title": "false"
        },
        {
            "id": 185,
            "form": "paesi",
            "pos": "NOM",
            "lemma": "paese",
            "has_context": "true",
            "is_title": "false"
        },
        {
            "id": 186,
            "form": "del",
            "pos": "PRE",
            "lemma": "del",
            "has_context": "false",
            "is_title": "false"
        },
        {
            "id": 187,
            "form": "mondo",
            "pos": "NOM",
            "lemma": "mondo",
            "has_context": "false",
            "is_title": "false"
        },
        {
            "id": 188,
            "form": ",",
            "pos": "PON",
            "lemma": ",",
            "has_context": "false",
            "is_title": "false"
        },
        {
            "id": 189,
            "form": "come",
            "pos": "CON",
            "lemma": "come",
            "has_context": "false",
            "is_title": "false"
        },
        {
            "id": 190,
            "form": "il",
            "pos": "DET",
            "lemma": "il",
            "has_context": "false",
            "is_title": "false"
        },
        {
            "id": 191,
            "form": "Giappone",
            "pos": "NPR",
            "lemma": "Giappone",
            "has_context": "false",
            "is_title": "false"
        },
        {
            "id": 192,
            "form": "o",
            "pos": "CON",
            "lemma": "o",
            "has_context": "false",
            "is_title": "false"
        },
        {
            "id": 193,
            "form": "la",
            "pos": "DET",
            "lemma": "il",
            "has_context": "false",
            "is_title": "false"
        },
        {
            "id": 194,
            "form": "Corea",
            "pos": "NPR",
            "lemma": "Corea",
            "has_context": "false",
            "is_title": "false"
        },
        {
            "id": 195,
            "form": ",",
            "pos": "PON",
            "lemma": ",",
            "has_context": "false",
            "is_title": "false"
        },
        {
            "id": 196,
            "form": "questo",
            "pos": "ADJ",
            "lemma": "questo",
            "has_context": "false",
            "is_title": "false"
        },
        {
            "id": 197,
            "form": "problema",
            "pos": "NOM",
            "lemma": "problema",
            "has_context": "false",
            "is_title": "false"
        },
        {
            "id": 198,
            "form": "si",
            "pos": "PRO",
            "lemma": "si",
            "has_context": "false",
            "is_title": "false"
        },
        {
            "id": 199,
            "form": "è",
            "pos": "VER",
            "lemma": "essere",
            "has_context": "false",
            "is_title": "false"
        },
        {
            "id": 200,
            "form": "diffuso",
            "pos": "VER",
            "lemma": "diffondere",
            "has_context": "true",
            "is_title": "false"
        },
        {
            "id": 201,
            "form": "così",
            "pos": "ADV",
            "lemma": "così",
            "has_context": "false",
            "is_title": "false"
        },
        {
            "id": 202,
            "form": "tanto",
            "pos": "ADV",
            "lemma": "tanto",
            "has_context": "false",
            "is_title": "false"
        },
        {
            "id": 203,
            "form": "che",
            "pos": "CON",
            "lemma": "che",
            "has_context": "false",
            "is_title": "false"
        },
        {
            "id": 204,
            "form": "il",
            "pos": "DET",
            "lemma": "il",
            "has_context": "false",
            "is_title": "false"
        },
        {
            "id": 205,
            "form": "governo",
            "pos": "NOM",
            "lemma": "governo",
            "has_context": "true",
            "is_title": "false"
        },
        {
            "id": 206,
            "form": "ha",
            "pos": "VER",
            "lemma": "avere",
            "has_context": "false",
            "is_title": "false"
        },
        {
            "id": 207,
            "form": "deciso",
            "pos": "VER",
            "lemma": "decidere",
            "has_context": "true",
            "is_title": "false"
        },
        {
            "id": 208,
            "form": "di",
            "pos": "PRE",
            "lemma": "di",
            "has_context": "false",
            "is_title": "false"
        },
        {
            "id": 209,
            "form": "prendere",
            "pos": "VER",
            "lemma": "prendere",
            "has_context": "false",
            "is_title": "false"
        },
        {
            "id": 210,
            "form": "provvedimenti",
            "pos": "NOM",
            "lemma": "provvedimento",
            "has_context": "true",
            "is_title": "false"
        },
        {
            "id": 211,
            "form": "per",
            "pos": "PRE",
            "lemma": "per",
            "has_context": "false",
            "is_title": "false"
        },
        {
            "id": 212,
            "form": "fermare",
            "pos": "VER",
            "lemma": "fermare",
            "has_context": "true",
            "is_title": "false"
        },
        {
            "id": 213,
            "form": "questo",
            "pos": "ADJ",
            "lemma": "questo",
            "has_context": "false",
            "is_title": "false"
        },
        {
            "id": 214,
            "form": "fenomeno",
            "pos": "NOM",
            "lemma": "fenomeno",
            "has_context": "true",
            "is_title": "false"
        },
        {
            "id": 215,
            "form": ".",
            "pos": "SENT",
            "lemma": ".",
            "has_context": "false",
            "is_title": "false"
        },
        {
            "id": 216,
            "form": "Il",
            "pos": "DET",
            "lemma": "il",
            "has_context": "false",
            "is_title": "false"
        },
        {
            "id": 217,
            "form": "rischio",
            "pos": "NOM",
            "lemma": "rischio",
            "has_context": "true",
            "is_title": "false"
        },
        {
            "id": 218,
            "form": "di",
            "pos": "PRE",
            "lemma": "di",
            "has_context": "false",
            "is_title": "false"
        },
        {
            "id": 219,
            "form": "questo",
            "pos": "ADJ",
            "lemma": "questo",
            "has_context": "false",
            "is_title": "false"
        },
        {
            "id": 220,
            "form": "uso",
            "pos": "NOM",
            "lemma": "uso",
            "has_context": "true",
            "is_title": "false"
        },
        {
            "id": 221,
            "form": "sconsiderato",
            "pos": "ADJ",
            "lemma": "sconsiderato",
            "has_context": "true",
            "is_title": "false"
        },
        {
            "id": 222,
            "form": "del",
            "pos": "PRE",
            "lemma": "del",
            "has_context": "false",
            "is_title": "false"
        },
        {
            "id": 223,
            "form": "computer",
            "pos": "NOM",
            "lemma": "computer",
            "has_context": "false",
            "is_title": "false"
        },
        {
            "id": 224,
            "form": "è",
            "pos": "VER",
            "lemma": "essere",
            "has_context": "false",
            "is_title": "false"
        },
        {
            "id": 225,
            "form": "che",
            "pos": "CON",
            "lemma": "che",
            "has_context": "false",
            "is_title": "false"
        },
        {
            "id": 226,
            "form": "la",
            "pos": "DET",
            "lemma": "il",
            "has_context": "false",
            "is_title": "false"
        },
        {
            "id": 227,
            "form": "gente",
            "pos": "NOM",
            "lemma": "gente",
            "has_context": "true",
            "is_title": "false"
        },
        {
            "id": 228,
            "form": "cominci",
            "pos": "VER",
            "lemma": "cominciare",
            "has_context": "false",
            "is_title": "false"
        },
        {
            "id": 229,
            "form": "a",
            "pos": "PRE",
            "lemma": "a",
            "has_context": "false",
            "is_title": "false"
        },
        {
            "id": 230,
            "form": "preferire",
            "pos": "VER",
            "lemma": "preferire",
            "has_context": "false",
            "is_title": "false"
        },
        {
            "id": 231,
            "form": "le",
            "pos": "DET",
            "lemma": "il",
            "has_context": "false",
            "is_title": "false"
        },
        {
            "id": 232,
            "form": "interazioni",
            "pos": "NOM",
            "lemma": "interazione",
            "has_context": "true",
            "is_title": "false"
        },
        {
            "id": 233,
            "form": "via",
            "pos": "ADV",
            "lemma": "via",
            "has_context": "false",
            "is_title": "false"
        },
        {
            "id": 234,
            "form": "web",
            "pos": "FW",
            "lemma": "web",
            "has_context": "false",
            "is_title": "false"
        },
        {
            "id": 235,
            "form": "sui",
            "pos": "PRE",
            "lemma": "sul",
            "has_context": "false",
            "is_title": "false"
        },
        {
            "id": 236,
            "form": "social",
            "pos": "FW",
            "lemma": "social",
            "has_context": "false",
            "is_title": "false"
        },
        {
            "id": 237,
            "form": "network",
            "pos": "FW",
            "lemma": "network",
            "has_context": "false",
            "is_title": "false"
        },
        {
            "id": 238,
            "form": "alle",
            "pos": "PRE",
            "lemma": "al",
            "has_context": "false",
            "is_title": "false"
        },
        {
            "id": 239,
            "form": "interazioni",
            "pos": "NOM",
            "lemma": "interazione",
            "has_context": "true",
            "is_title": "false"
        },
        {
            "id": 240,
            "form": "di",
            "pos": "PRE",
            "lemma": "di",
            "has_context": "false",
            "is_title": "false"
        },
        {
            "id": 241,
            "form": "persona",
            "pos": "NOM",
            "lemma": "persona",
            "has_context": "false",
            "is_title": "false"
        },
        {
            "id": 242,
            "form": ".",
            "pos": "SENT",
            "lemma": ".",
            "has_context": "false",
            "is_title": "false"
        },
        {
            "id": 243,
            "form": "In",
            "pos": "PRE",
            "lemma": "in",
            "has_context": "false",
            "is_title": "false"
        },
        {
            "id": 244,
            "form": "fondo",
            "pos": "NOM",
            "lemma": "fondo",
            "has_context": "true",
            "is_title": "false"
        },
        {
            "id": 245,
            "form": ",",
            "pos": "PON",
            "lemma": ",",
            "has_context": "false",
            "is_title": "false"
        },
        {
            "id": 246,
            "form": "non",
            "pos": "ADV",
            "lemma": "non",
            "has_context": "false",
            "is_title": "false"
        },
        {
            "id": 247,
            "form": "è",
            "pos": "VER",
            "lemma": "essere",
            "has_context": "false",
            "is_title": "false"
        },
        {
            "id": 248,
            "form": "meglio",
            "pos": "ADV",
            "lemma": "meglio",
            "has_context": "false",
            "is_title": "false"
        },
        {
            "id": 249,
            "form": "uscire",
            "pos": "VER",
            "lemma": "uscire",
            "has_context": "false",
            "is_title": "false"
        },
        {
            "id": 250,
            "form": "a",
            "pos": "PRE",
            "lemma": "a",
            "has_context": "false",
            "is_title": "false"
        },
        {
            "id": 251,
            "form": "prendere",
            "pos": "VER",
            "lemma": "prendere",
            "has_context": "false",
            "is_title": "false"
        },
        {
            "id": 252,
            "form": "un",
            "pos": "DET",
            "lemma": "un",
            "has_context": "false",
            "is_title": "false"
        },
        {
            "id": 253,
            "form": "caffè",
            "pos": "NOM",
            "lemma": "caffè",
            "has_context": "false",
            "is_title": "false"
        },
        {
            "id": 254,
            "form": "con",
            "pos": "PRE",
            "lemma": "con",
            "has_context": "false",
            "is_title": "false"
        },
        {
            "id": 255,
            "form": "un",
            "pos": "DET",
            "lemma": "un",
            "has_context": "false",
            "is_title": "false"
        },
        {
            "id": 256,
            "form": "amico",
            "pos": "NOM",
            "lemma": "amico",
            "has_context": "false",
            "is_title": "false"
        },
        {
            "id": 257,
            "form": "anziché",
            "pos": "CON",
            "lemma": "anziché",
            "has_context": "false",
            "is_title": "false"
        },
        {
            "id": 258,
            "form": "passare",
            "pos": "VER",
            "lemma": "passare",
            "has_context": "false",
            "is_title": "false"
        },
        {
            "id": 259,
            "form": "il",
            "pos": "DET",
            "lemma": "il",
            "has_context": "false",
            "is_title": "false"
        },
        {
            "id": 260,
            "form": "pomeriggio",
            "pos": "NOM",
            "lemma": "pomeriggio",
            "has_context": "false",
            "is_title": "false"
        },
        {
            "id": 261,
            "form": "davanti",
            "pos": "ADV",
            "lemma": "davanti",
            "has_context": "false",
            "is_title": "false"
        },
        {
            "id": 262,
            "form": "al",
            "pos": "PRE",
            "lemma": "al",
            "has_context": "false",
            "is_title": "false"
        },
        {
            "id": 263,
            "form": "computer",
            "pos": "NOM",
            "lemma": "computer",
            "has_context": "false",
            "is_title": "false"
        },
        {
            "id": 264,
            "form": "?",
            "pos": "SENT",
            "lemma": "?",
            "has_context": "false",
            "is_title": "false"
        }
    ]
