    [
        {
            "id": 1,
            "form": "L’",
            "pos": "DET",
            "lemma": "il",
            "has_context": "false",
            "is_title": "true"
        },
        {
            "id": 2,
            "form": "importanza",
            "pos": "NOM",
            "lemma": "importanza",
            "has_context": "true",
            "is_title": "true"
        },
        {
            "id": 3,
            "form": "di",
            "pos": "PRE",
            "lemma": "di",
            "has_context": "false",
            "is_title": "true"
        },
        {
            "id": 4,
            "form": "leggere",
            "pos": "VER",
            "lemma": "leggere",
            "has_context": "false",
            "is_title": "true"
        },
        {
            "id": 5,
            "form": "Spesso",
            "pos": "ADV",
            "lemma": "spesso",
            "has_context": "false",
            "is_title": "false"
        },
        {
            "id": 6,
            "form": "molta",
            "pos": "ADJ",
            "lemma": "molto",
            "has_context": "false",
            "is_title": "false"
        },
        {
            "id": 7,
            "form": "gente",
            "pos": "NOM",
            "lemma": "gente",
            "has_context": "true",
            "is_title": "false"
        },
        {
            "id": 8,
            "form": "dice",
            "pos": "VER",
            "lemma": "dire",
            "has_context": "false",
            "is_title": "false"
        },
        {
            "id": 9,
            "form": "di",
            "pos": "PRE",
            "lemma": "di",
            "has_context": "false",
            "is_title": "false"
        },
        {
            "id": 10,
            "form": "non",
            "pos": "ADV",
            "lemma": "non",
            "has_context": "false",
            "is_title": "false"
        },
        {
            "id": 11,
            "form": "avere",
            "pos": "VER",
            "lemma": "avere",
            "has_context": "false",
            "is_title": "false"
        },
        {
            "id": 12,
            "form": "tempo",
            "pos": "NOM",
            "lemma": "tempo",
            "has_context": "false",
            "is_title": "false"
        },
        {
            "id": 13,
            "form": "per",
            "pos": "PRE",
            "lemma": "per",
            "has_context": "false",
            "is_title": "false"
        },
        {
            "id": 14,
            "form": "leggere",
            "pos": "VER",
            "lemma": "leggere",
            "has_context": "false",
            "is_title": "false"
        },
        {
            "id": 15,
            "form": "dei",
            "pos": "PRE",
            "lemma": "del",
            "has_context": "false",
            "is_title": "false"
        },
        {
            "id": 16,
            "form": "libri",
            "pos": "NOM",
            "lemma": "libro",
            "has_context": "false",
            "is_title": "false"
        },
        {
            "id": 17,
            "form": ",",
            "pos": "PON",
            "lemma": ",",
            "has_context": "false",
            "is_title": "false"
        },
        {
            "id": 18,
            "form": "e",
            "pos": "CON",
            "lemma": "e",
            "has_context": "false",
            "is_title": "false"
        },
        {
            "id": 19,
            "form": ",",
            "pos": "PON",
            "lemma": ",",
            "has_context": "false",
            "is_title": "false"
        },
        {
            "id": 20,
            "form": "come",
            "pos": "CON",
            "lemma": "come",
            "has_context": "false",
            "is_title": "false"
        },
        {
            "id": 21,
            "form": "spesso",
            "pos": "ADV",
            "lemma": "spesso",
            "has_context": "false",
            "is_title": "false"
        },
        {
            "id": 22,
            "form": "accade",
            "pos": "VER",
            "lemma": "accadere",
            "has_context": "true",
            "is_title": "false"
        },
        {
            "id": 23,
            "form": ",",
            "pos": "PON",
            "lemma": ",",
            "has_context": "false",
            "is_title": "false"
        },
        {
            "id": 24,
            "form": "non",
            "pos": "ADV",
            "lemma": "non",
            "has_context": "false",
            "is_title": "false"
        },
        {
            "id": 25,
            "form": "lo",
            "pos": "PRO",
            "lemma": "lo",
            "has_context": "false",
            "is_title": "false"
        },
        {
            "id": 26,
            "form": "fa",
            "pos": "VER",
            "lemma": "fare",
            "has_context": "false",
            "is_title": "false"
        },
        {
            "id": 27,
            "form": ".",
            "pos": "SENT",
            "lemma": ".",
            "has_context": "false",
            "is_title": "false"
        },
        {
            "id": 28,
            "form": "Inoltre",
            "pos": "CON",
            "lemma": "inoltre",
            "has_context": "false",
            "is_title": "false"
        },
        {
            "id": 29,
            "form": "pensa",
            "pos": "VER",
            "lemma": "pensare",
            "has_context": "false",
            "is_title": "false"
        },
        {
            "id": 30,
            "form": "che",
            "pos": "CON",
            "lemma": "che",
            "has_context": "false",
            "is_title": "false"
        },
        {
            "id": 31,
            "form": "leggere",
            "pos": "VER",
            "lemma": "leggere",
            "has_context": "false",
            "is_title": "false"
        },
        {
            "id": 32,
            "form": "non",
            "pos": "ADV",
            "lemma": "non",
            "has_context": "false",
            "is_title": "false"
        },
        {
            "id": 33,
            "form": "sia",
            "pos": "VER",
            "lemma": "essere",
            "has_context": "false",
            "is_title": "false"
        },
        {
            "id": 34,
            "form": "importante",
            "pos": "ADJ",
            "lemma": "importante",
            "has_context": "false",
            "is_title": "false"
        },
        {
            "id": 35,
            "form": "e",
            "pos": "CON",
            "lemma": "e",
            "has_context": "false",
            "is_title": "false"
        },
        {
            "id": 36,
            "form": "purtroppo",
            "pos": "ADV",
            "lemma": "purtroppo",
            "has_context": "true",
            "is_title": "false"
        },
        {
            "id": 37,
            "form": "non",
            "pos": "ADV",
            "lemma": "non",
            "has_context": "false",
            "is_title": "false"
        },
        {
            "id": 38,
            "form": "trasmette",
            "pos": "VER",
            "lemma": "trasmettere",
            "has_context": "true",
            "is_title": "false"
        },
        {
            "id": 39,
            "form": "ai",
            "pos": "PRE",
            "lemma": "al",
            "has_context": "false",
            "is_title": "false"
        },
        {
            "id": 40,
            "form": "propri",
            "pos": "ADJ",
            "lemma": "proprio",
            "has_context": "true",
            "is_title": "false"
        },
        {
            "id": 41,
            "form": "figli",
            "pos": "NOM",
            "lemma": "figlio",
            "has_context": "false",
            "is_title": "false"
        },
        {
            "id": 42,
            "form": "la",
            "pos": "DET",
            "lemma": "il",
            "has_context": "false",
            "is_title": "false"
        },
        {
            "id": 43,
            "form": "passione",
            "pos": "NOM",
            "lemma": "passione",
            "has_context": "true",
            "is_title": "false"
        },
        {
            "id": 44,
            "form": "per",
            "pos": "PRE",
            "lemma": "per",
            "has_context": "false",
            "is_title": "false"
        },
        {
            "id": 45,
            "form": "la",
            "pos": "DET",
            "lemma": "il",
            "has_context": "false",
            "is_title": "false"
        },
        {
            "id": 46,
            "form": "lettura",
            "pos": "NOM",
            "lemma": "lettura",
            "has_context": "true",
            "is_title": "false"
        },
        {
            "id": 47,
            "form": ".",
            "pos": "SENT",
            "lemma": ".",
            "has_context": "false",
            "is_title": "false"
        },
        {
            "id": 48,
            "form": "Altri",
            "pos": "PRO",
            "lemma": "altro",
            "has_context": "false",
            "is_title": "false"
        },
        {
            "id": 49,
            "form": "ancora",
            "pos": "ADV",
            "lemma": "ancora",
            "has_context": "false",
            "is_title": "false"
        },
        {
            "id": 50,
            "form": "pensano",
            "pos": "VER",
            "lemma": "pensare",
            "has_context": "false",
            "is_title": "false"
        },
        {
            "id": 51,
            "form": "che",
            "pos": "CON",
            "lemma": "che",
            "has_context": "false",
            "is_title": "false"
        },
        {
            "id": 52,
            "form": "leggere",
            "pos": "VER",
            "lemma": "leggere",
            "has_context": "false",
            "is_title": "false"
        },
        {
            "id": 53,
            "form": "sia",
            "pos": "VER",
            "lemma": "essere",
            "has_context": "false",
            "is_title": "false"
        },
        {
            "id": 54,
            "form": "noioso",
            "pos": "ADJ",
            "lemma": "noioso",
            "has_context": "false",
            "is_title": "false"
        },
        {
            "id": 55,
            "form": "e",
            "pos": "CON",
            "lemma": "e",
            "has_context": "false",
            "is_title": "false"
        },
        {
            "id": 56,
            "form": "dopo",
            "pos": "ADV",
            "lemma": "dopo",
            "has_context": "false",
            "is_title": "false"
        },
        {
            "id": 57,
            "form": "aver",
            "pos": "VER",
            "lemma": "avere",
            "has_context": "false",
            "is_title": "false"
        },
        {
            "id": 58,
            "form": "finito",
            "pos": "VER",
            "lemma": "finire",
            "has_context": "false",
            "is_title": "false"
        },
        {
            "id": 59,
            "form": "la",
            "pos": "DET",
            "lemma": "il",
            "has_context": "false",
            "is_title": "false"
        },
        {
            "id": 60,
            "form": "scuola",
            "pos": "NOM",
            "lemma": "scuola",
            "has_context": "false",
            "is_title": "false"
        },
        {
            "id": 61,
            "form": "smettono",
            "pos": "VER",
            "lemma": "smettere",
            "has_context": "true",
            "is_title": "false"
        },
        {
            "id": 62,
            "form": "completamente",
            "pos": "ADV",
            "lemma": "completamente",
            "has_context": "true",
            "is_title": "false"
        },
        {
            "id": 63,
            "form": "di",
            "pos": "PRE",
            "lemma": "di",
            "has_context": "false",
            "is_title": "false"
        },
        {
            "id": 64,
            "form": "leggere",
            "pos": "VER",
            "lemma": "leggere",
            "has_context": "false",
            "is_title": "false"
        },
        {
            "id": 65,
            "form": "libri",
            "pos": "NOM",
            "lemma": "libro",
            "has_context": "false",
            "is_title": "false"
        },
        {
            "id": 66,
            "form": ".",
            "pos": "SENT",
            "lemma": ".",
            "has_context": "false",
            "is_title": "false"
        },
        {
            "id": 67,
            "form": "Io",
            "pos": "PRO",
            "lemma": "io",
            "has_context": "false",
            "is_title": "false"
        },
        {
            "id": 68,
            "form": "invece",
            "pos": "CON",
            "lemma": "invece",
            "has_context": "false",
            "is_title": "false"
        },
        {
            "id": 69,
            "form": "ritengo",
            "pos": "VER",
            "lemma": "ritenere",
            "has_context": "true",
            "is_title": "false"
        },
        {
            "id": 70,
            "form": "che",
            "pos": "CON",
            "lemma": "che",
            "has_context": "false",
            "is_title": "false"
        },
        {
            "id": 71,
            "form": "leggere",
            "pos": "VER",
            "lemma": "leggere",
            "has_context": "false",
            "is_title": "false"
        },
        {
            "id": 72,
            "form": "non",
            "pos": "ADV",
            "lemma": "non",
            "has_context": "false",
            "is_title": "false"
        },
        {
            "id": 73,
            "form": "sia",
            "pos": "VER",
            "lemma": "essere",
            "has_context": "false",
            "is_title": "false"
        },
        {
            "id": 74,
            "form": "una",
            "pos": "DET",
            "lemma": "una",
            "has_context": "false",
            "is_title": "false"
        },
        {
            "id": 75,
            "form": "perdita",
            "pos": "NOM",
            "lemma": "perdita",
            "has_context": "false",
            "is_title": "false"
        },
        {
            "id": 76,
            "form": "di",
            "pos": "PRE",
            "lemma": "di",
            "has_context": "false",
            "is_title": "false"
        },
        {
            "id": 77,
            "form": "tempo",
            "pos": "NOM",
            "lemma": "tempo",
            "has_context": "false",
            "is_title": "false"
        },
        {
            "id": 78,
            "form": ".",
            "pos": "SENT",
            "lemma": ".",
            "has_context": "false",
            "is_title": "false"
        },
        {
            "id": 79,
            "form": "Sono",
            "pos": "VER",
            "lemma": "essere",
            "has_context": "false",
            "is_title": "false"
        },
        {
            "id": 80,
            "form": "convinto",
            "pos": "ADJ",
            "lemma": "convinto",
            "has_context": "true",
            "is_title": "false"
        },
        {
            "id": 81,
            "form": ",",
            "pos": "PON",
            "lemma": ",",
            "has_context": "false",
            "is_title": "false"
        },
        {
            "id": 82,
            "form": "infatti",
            "pos": "CON",
            "lemma": "infatti",
            "has_context": "false",
            "is_title": "false"
        },
        {
            "id": 83,
            "form": ",",
            "pos": "PON",
            "lemma": ",",
            "has_context": "false",
            "is_title": "false"
        },
        {
            "id": 84,
            "form": "che",
            "pos": "CON",
            "lemma": "che",
            "has_context": "false",
            "is_title": "false"
        },
        {
            "id": 85,
            "form": "la",
            "pos": "DET",
            "lemma": "il",
            "has_context": "false",
            "is_title": "false"
        },
        {
            "id": 86,
            "form": "lettura",
            "pos": "NOM",
            "lemma": "lettura",
            "has_context": "true",
            "is_title": "false"
        },
        {
            "id": 87,
            "form": "non",
            "pos": "ADV",
            "lemma": "non",
            "has_context": "false",
            "is_title": "false"
        },
        {
            "id": 88,
            "form": "sia",
            "pos": "VER",
            "lemma": "essere",
            "has_context": "false",
            "is_title": "false"
        },
        {
            "id": 89,
            "form": "solo",
            "pos": "ADV",
            "lemma": "solo",
            "has_context": "false",
            "is_title": "false"
        },
        {
            "id": 90,
            "form": "un",
            "pos": "DET",
            "lemma": "un",
            "has_context": "false",
            "is_title": "false"
        },
        {
            "id": 91,
            "form": "piacere",
            "pos": "NOM",
            "lemma": "piacere",
            "has_context": "false",
            "is_title": "false"
        },
        {
            "id": 92,
            "form": ",",
            "pos": "PON",
            "lemma": ",",
            "has_context": "false",
            "is_title": "false"
        },
        {
            "id": 93,
            "form": "ma",
            "pos": "CON",
            "lemma": "ma",
            "has_context": "false",
            "is_title": "false"
        },
        {
            "id": 94,
            "form": "uno",
            "pos": "DET",
            "lemma": "uno",
            "has_context": "false",
            "is_title": "false"
        },
        {
            "id": 95,
            "form": "strumento",
            "pos": "NOM",
            "lemma": "strumento",
            "has_context": "true",
            "is_title": "false"
        },
        {
            "id": 96,
            "form": "che",
            "pos": "PRO",
            "lemma": "che",
            "has_context": "false",
            "is_title": "false"
        },
        {
            "id": 97,
            "form": "permette",
            "pos": "VER",
            "lemma": "permettere",
            "has_context": "true",
            "is_title": "false"
        },
        {
            "id": 98,
            "form": "di",
            "pos": "PRE",
            "lemma": "di",
            "has_context": "false",
            "is_title": "false"
        },
        {
            "id": 99,
            "form": "crescere",
            "pos": "VER",
            "lemma": "crescere",
            "has_context": "true",
            "is_title": "false"
        },
        {
            "id": 100,
            "form": ".",
            "pos": "SENT",
            "lemma": ".",
            "has_context": "false",
            "is_title": "false"
        },
        {
            "id": 101,
            "form": "Infatti",
            "pos": "CON",
            "lemma": "infatti",
            "has_context": "false",
            "is_title": "false"
        },
        {
            "id": 102,
            "form": "tramite",
            "pos": "PRE",
            "lemma": "tramite",
            "has_context": "false",
            "is_title": "false"
        },
        {
            "id": 103,
            "form": "la",
            "pos": "DET",
            "lemma": "il",
            "has_context": "false",
            "is_title": "false"
        },
        {
            "id": 104,
            "form": "lettura",
            "pos": "NOM",
            "lemma": "lettura",
            "has_context": "true",
            "is_title": "false"
        },
        {
            "id": 105,
            "form": "possiamo",
            "pos": "VER",
            "lemma": "potere",
            "has_context": "false",
            "is_title": "false"
        },
        {
            "id": 106,
            "form": "entrare",
            "pos": "VER",
            "lemma": "entrare",
            "has_context": "false",
            "is_title": "false"
        },
        {
            "id": 107,
            "form": "in",
            "pos": "PRE",
            "lemma": "in",
            "has_context": "false",
            "is_title": "false"
        },
        {
            "id": 108,
            "form": "tanti",
            "pos": "ADJ",
            "lemma": "tanto",
            "has_context": "false",
            "is_title": "false"
        },
        {
            "id": 109,
            "form": "mondi",
            "pos": "NOM",
            "lemma": "mondo",
            "has_context": "false",
            "is_title": "false"
        },
        {
            "id": 110,
            "form": "e",
            "pos": "CON",
            "lemma": "e",
            "has_context": "false",
            "is_title": "false"
        },
        {
            "id": 111,
            "form": "rivivere",
            "pos": "VER",
            "lemma": "rivivere",
            "has_context": "true",
            "is_title": "false"
        },
        {
            "id": 112,
            "form": "epoche",
            "pos": "NOM",
            "lemma": "epoca",
            "has_context": "true",
            "is_title": "false"
        },
        {
            "id": 113,
            "form": "lontane",
            "pos": "ADJ",
            "lemma": "lontano",
            "has_context": "false",
            "is_title": "false"
        },
        {
            "id": 114,
            "form": ".",
            "pos": "SENT",
            "lemma": ".",
            "has_context": "false",
            "is_title": "false"
        },
        {
            "id": 115,
            "form": "Inoltre",
            "pos": "CON",
            "lemma": "inoltre",
            "has_context": "false",
            "is_title": "false"
        },
        {
            "id": 116,
            "form": "i",
            "pos": "DET",
            "lemma": "il",
            "has_context": "false",
            "is_title": "false"
        },
        {
            "id": 117,
            "form": "libri",
            "pos": "NOM",
            "lemma": "libro",
            "has_context": "false",
            "is_title": "false"
        },
        {
            "id": 118,
            "form": "ci",
            "pos": "PRO",
            "lemma": "ci",
            "has_context": "false",
            "is_title": "false"
        },
        {
            "id": 119,
            "form": "fanno",
            "pos": "VER",
            "lemma": "fare",
            "has_context": "false",
            "is_title": "false"
        },
        {
            "id": 120,
            "form": "conoscere",
            "pos": "VER",
            "lemma": "conoscere",
            "has_context": "false",
            "is_title": "false"
        },
        {
            "id": 121,
            "form": "storie",
            "pos": "NOM",
            "lemma": "storia",
            "has_context": "false",
            "is_title": "false"
        },
        {
            "id": 122,
            "form": "fantastiche",
            "pos": "ADJ",
            "lemma": "fantastico",
            "has_context": "true",
            "is_title": "false"
        },
        {
            "id": 123,
            "form": "o",
            "pos": "CON",
            "lemma": "o",
            "has_context": "false",
            "is_title": "false"
        },
        {
            "id": 124,
            "form": "realmente",
            "pos": "ADV",
            "lemma": "realmente",
            "has_context": "true",
            "is_title": "false"
        },
        {
            "id": 125,
            "form": "accadute",
            "pos": "VER",
            "lemma": "accadere",
            "has_context": "true",
            "is_title": "false"
        },
        {
            "id": 126,
            "form": "che",
            "pos": "PRO",
            "lemma": "che",
            "has_context": "false",
            "is_title": "false"
        },
        {
            "id": 127,
            "form": "altrimenti",
            "pos": "ADV",
            "lemma": "altrimenti",
            "has_context": "true",
            "is_title": "false"
        },
        {
            "id": 128,
            "form": "non",
            "pos": "ADV",
            "lemma": "non",
            "has_context": "false",
            "is_title": "false"
        },
        {
            "id": 129,
            "form": "potremmo",
            "pos": "VER",
            "lemma": "potere",
            "has_context": "false",
            "is_title": "false"
        },
        {
            "id": 130,
            "form": "conoscere",
            "pos": "VER",
            "lemma": "conoscere",
            "has_context": "false",
            "is_title": "false"
        },
        {
            "id": 131,
            "form": ".",
            "pos": "SENT",
            "lemma": ".",
            "has_context": "false",
            "is_title": "false"
        },
        {
            "id": 132,
            "form": "Secondo",
            "pos": "PRE",
            "lemma": "secondo",
            "has_context": "false",
            "is_title": "false"
        },
        {
            "id": 133,
            "form": "me",
            "pos": "PRO",
            "lemma": "me",
            "has_context": "false",
            "is_title": "false"
        },
        {
            "id": 134,
            "form": ",",
            "pos": "PON",
            "lemma": ",",
            "has_context": "false",
            "is_title": "false"
        },
        {
            "id": 135,
            "form": "inoltre",
            "pos": "CON",
            "lemma": "inoltre",
            "has_context": "false",
            "is_title": "false"
        },
        {
            "id": 136,
            "form": ",",
            "pos": "PON",
            "lemma": ",",
            "has_context": "false",
            "is_title": "false"
        },
        {
            "id": 137,
            "form": "leggere",
            "pos": "ADJ",
            "lemma": "leggero",
            "has_context": "false",
            "is_title": "false"
        },
        {
            "id": 138,
            "form": "è",
            "pos": "VER",
            "lemma": "essere",
            "has_context": "false",
            "is_title": "false"
        },
        {
            "id": 139,
            "form": "un",
            "pos": "DET",
            "lemma": "un",
            "has_context": "false",
            "is_title": "false"
        },
        {
            "id": 140,
            "form": "ottimo",
            "pos": "ADJ",
            "lemma": "ottimo",
            "has_context": "true",
            "is_title": "false"
        },
        {
            "id": 141,
            "form": "strumento",
            "pos": "NOM",
            "lemma": "strumento",
            "has_context": "true",
            "is_title": "false"
        },
        {
            "id": 142,
            "form": "per",
            "pos": "PRE",
            "lemma": "per",
            "has_context": "false",
            "is_title": "false"
        },
        {
            "id": 143,
            "form": "conoscere",
            "pos": "VER",
            "lemma": "conoscere",
            "has_context": "false",
            "is_title": "false"
        },
        {
            "id": 144,
            "form": "anche",
            "pos": "CON",
            "lemma": "anche",
            "has_context": "false",
            "is_title": "false"
        },
        {
            "id": 145,
            "form": "le",
            "pos": "DET",
            "lemma": "il",
            "has_context": "false",
            "is_title": "false"
        },
        {
            "id": 146,
            "form": "usanze",
            "pos": "NOM",
            "lemma": "usanza",
            "has_context": "true",
            "is_title": "false"
        },
        {
            "id": 147,
            "form": "e",
            "pos": "CON",
            "lemma": "e",
            "has_context": "false",
            "is_title": "false"
        },
        {
            "id": 148,
            "form": "le",
            "pos": "DET",
            "lemma": "il",
            "has_context": "false",
            "is_title": "false"
        },
        {
            "id": 149,
            "form": "culture",
            "pos": "NOM",
            "lemma": "cultura",
            "has_context": "false",
            "is_title": "false"
        },
        {
            "id": 150,
            "form": "degli",
            "pos": "PRE",
            "lemma": "del",
            "has_context": "false",
            "is_title": "false"
        },
        {
            "id": 151,
            "form": "altri",
            "pos": "ADJ",
            "lemma": "altro",
            "has_context": "false",
            "is_title": "false"
        },
        {
            "id": 152,
            "form": "popoli",
            "pos": "NOM",
            "lemma": "popolo",
            "has_context": "true",
            "is_title": "false"
        },
        {
            "id": 153,
            "form": "ed",
            "pos": "CON",
            "lemma": "ed",
            "has_context": "false",
            "is_title": "false"
        },
        {
            "id": 154,
            "form": "essere",
            "pos": "VER",
            "lemma": "essere",
            "has_context": "false",
            "is_title": "false"
        },
        {
            "id": 155,
            "form": "quindi",
            "pos": "CON",
            "lemma": "quindi",
            "has_context": "false",
            "is_title": "false"
        },
        {
            "id": 156,
            "form": "più",
            "pos": "ADV",
            "lemma": "più",
            "has_context": "false",
            "is_title": "false"
        },
        {
            "id": 157,
            "form": "aperti",
            "pos": "VER",
            "lemma": "aprire",
            "has_context": "false",
            "is_title": "false"
        },
        {
            "id": 158,
            "form": "verso",
            "pos": "PRE",
            "lemma": "verso",
            "has_context": "false",
            "is_title": "false"
        },
        {
            "id": 159,
            "form": "il",
            "pos": "DET",
            "lemma": "il",
            "has_context": "false",
            "is_title": "false"
        },
        {
            "id": 160,
            "form": "mondo",
            "pos": "NOM",
            "lemma": "mondo",
            "has_context": "false",
            "is_title": "false"
        },
        {
            "id": 161,
            "form": ".",
            "pos": "SENT",
            "lemma": ".",
            "has_context": "false",
            "is_title": "false"
        },
        {
            "id": 162,
            "form": "A",
            "pos": "PRE",
            "lemma": "a",
            "has_context": "false",
            "is_title": "false"
        },
        {
            "id": 163,
            "form": "mio",
            "pos": "CON",
            "lemma": "mio",
            "has_context": "false",
            "is_title": "false"
        },
        {
            "id": 164,
            "form": "avviso",
            "pos": "NOM",
            "lemma": "avviso",
            "has_context": "true",
            "is_title": "false"
        },
        {
            "id": 165,
            "form": ",",
            "pos": "PON",
            "lemma": ",",
            "has_context": "false",
            "is_title": "false"
        },
        {
            "id": 166,
            "form": "non",
            "pos": "ADV",
            "lemma": "non",
            "has_context": "false",
            "is_title": "false"
        },
        {
            "id": 167,
            "form": "sono",
            "pos": "VER",
            "lemma": "essere",
            "has_context": "false",
            "is_title": "false"
        },
        {
            "id": 168,
            "form": "solo",
            "pos": "ADV",
            "lemma": "solo",
            "has_context": "false",
            "is_title": "false"
        },
        {
            "id": 169,
            "form": "i",
            "pos": "DET",
            "lemma": "il",
            "has_context": "false",
            "is_title": "false"
        },
        {
            "id": 170,
            "form": "libri",
            "pos": "NOM",
            "lemma": "libro",
            "has_context": "false",
            "is_title": "false"
        },
        {
            "id": 171,
            "form": "da",
            "pos": "PRE",
            "lemma": "da",
            "has_context": "false",
            "is_title": "false"
        },
        {
            "id": 172,
            "form": "studiare",
            "pos": "VER",
            "lemma": "studiare",
            "has_context": "false",
            "is_title": "false"
        },
        {
            "id": 173,
            "form": "per",
            "pos": "PRE",
            "lemma": "per",
            "has_context": "false",
            "is_title": "false"
        },
        {
            "id": 174,
            "form": "la",
            "pos": "DET",
            "lemma": "il",
            "has_context": "false",
            "is_title": "false"
        },
        {
            "id": 175,
            "form": "scuola",
            "pos": "NOM",
            "lemma": "scuola",
            "has_context": "false",
            "is_title": "false"
        },
        {
            "id": 176,
            "form": "o",
            "pos": "CON",
            "lemma": "o",
            "has_context": "false",
            "is_title": "false"
        },
        {
            "id": 177,
            "form": "l’",
            "pos": "DET",
            "lemma": "il",
            "has_context": "false",
            "is_title": "false"
        },
        {
            "id": 178,
            "form": "università",
            "pos": "NOM",
            "lemma": "università",
            "has_context": "false",
            "is_title": "false"
        },
        {
            "id": 179,
            "form": "gli",
            "pos": "DET",
            "lemma": "il",
            "has_context": "false",
            "is_title": "false"
        },
        {
            "id": 180,
            "form": "unici",
            "pos": "ADJ",
            "lemma": "unico",
            "has_context": "true",
            "is_title": "false"
        },
        {
            "id": 181,
            "form": "libri",
            "pos": "NOM",
            "lemma": "libro",
            "has_context": "false",
            "is_title": "false"
        },
        {
            "id": 182,
            "form": "a",
            "pos": "PRE",
            "lemma": "a",
            "has_context": "false",
            "is_title": "false"
        },
        {
            "id": 183,
            "form": "darci",
            "pos": "VER",
            "lemma": "dare",
            "has_context": "false",
            "is_title": "false"
        },
        {
            "id": 184,
            "form": "delle",
            "pos": "PRE",
            "lemma": "del",
            "has_context": "false",
            "is_title": "false"
        },
        {
            "id": 185,
            "form": "conoscenze",
            "pos": "NOM",
            "lemma": "conoscenza",
            "has_context": "true",
            "is_title": "false"
        },
        {
            "id": 186,
            "form": ".",
            "pos": "SENT",
            "lemma": ".",
            "has_context": "false",
            "is_title": "false"
        },
        {
            "id": 187,
            "form": "Anche",
            "pos": "CON",
            "lemma": "anche",
            "has_context": "false",
            "is_title": "false"
        },
        {
            "id": 188,
            "form": "altri",
            "pos": "ADJ",
            "lemma": "altro",
            "has_context": "false",
            "is_title": "false"
        },
        {
            "id": 189,
            "form": "libri",
            "pos": "NOM",
            "lemma": "libro",
            "has_context": "false",
            "is_title": "false"
        },
        {
            "id": 190,
            "form": "possono",
            "pos": "VER",
            "lemma": "potere",
            "has_context": "false",
            "is_title": "false"
        },
        {
            "id": 191,
            "form": "arricchirci",
            "pos": "VER",
            "lemma": "arricchire",
            "has_context": "true",
            "is_title": "false"
        },
        {
            "id": 192,
            "form": "molto",
            "pos": "ADV",
            "lemma": "molto",
            "has_context": "false",
            "is_title": "false"
        },
        {
            "id": 193,
            "form": ".",
            "pos": "SENT",
            "lemma": ".",
            "has_context": "false",
            "is_title": "false"
        },
        {
            "id": 194,
            "form": "Credo",
            "pos": "VER",
            "lemma": "credere",
            "has_context": "false",
            "is_title": "false"
        },
        {
            "id": 195,
            "form": "inoltre",
            "pos": "CON",
            "lemma": "inoltre",
            "has_context": "false",
            "is_title": "false"
        },
        {
            "id": 196,
            "form": "che",
            "pos": "CON",
            "lemma": "che",
            "has_context": "false",
            "is_title": "false"
        },
        {
            "id": 197,
            "form": "i",
            "pos": "DET",
            "lemma": "il",
            "has_context": "false",
            "is_title": "false"
        },
        {
            "id": 198,
            "form": "libri",
            "pos": "NOM",
            "lemma": "libro",
            "has_context": "false",
            "is_title": "false"
        },
        {
            "id": 199,
            "form": "fantastici",
            "pos": "ADJ",
            "lemma": "fantastico",
            "has_context": "true",
            "is_title": "false"
        },
        {
            "id": 200,
            "form": "possano",
            "pos": "VER",
            "lemma": "potere",
            "has_context": "false",
            "is_title": "false"
        },
        {
            "id": 201,
            "form": "permetterci",
            "pos": "VER",
            "lemma": "permettere",
            "has_context": "true",
            "is_title": "false"
        },
        {
            "id": 202,
            "form": "di",
            "pos": "PRE",
            "lemma": "di",
            "has_context": "false",
            "is_title": "false"
        },
        {
            "id": 203,
            "form": "viaggiare",
            "pos": "VER",
            "lemma": "viaggiare",
            "has_context": "false",
            "is_title": "false"
        },
        {
            "id": 204,
            "form": "con",
            "pos": "PRE",
            "lemma": "con",
            "has_context": "false",
            "is_title": "false"
        },
        {
            "id": 205,
            "form": "la",
            "pos": "DET",
            "lemma": "il",
            "has_context": "false",
            "is_title": "false"
        },
        {
            "id": 206,
            "form": "fantasia",
            "pos": "NOM",
            "lemma": "fantasia",
            "has_context": "true",
            "is_title": "false"
        },
        {
            "id": 207,
            "form": "e",
            "pos": "CON",
            "lemma": "e",
            "has_context": "false",
            "is_title": "false"
        },
        {
            "id": 208,
            "form": "rendere",
            "pos": "VER",
            "lemma": "rendere",
            "has_context": "true",
            "is_title": "false"
        },
        {
            "id": 209,
            "form": "possibile",
            "pos": "ADJ",
            "lemma": "possibile",
            "has_context": "false",
            "is_title": "false"
        },
        {
            "id": 210,
            "form": "quello",
            "pos": "PRO",
            "lemma": "quello",
            "has_context": "false",
            "is_title": "false"
        },
        {
            "id": 211,
            "form": "che",
            "pos": "PRO",
            "lemma": "che",
            "has_context": "false",
            "is_title": "false"
        },
        {
            "id": 212,
            "form": "nella",
            "pos": "PRE",
            "lemma": "nel",
            "has_context": "false",
            "is_title": "false"
        },
        {
            "id": 213,
            "form": "realtà",
            "pos": "NOM",
            "lemma": "realtà",
            "has_context": "true",
            "is_title": "false"
        },
        {
            "id": 214,
            "form": "non",
            "pos": "ADV",
            "lemma": "non",
            "has_context": "false",
            "is_title": "false"
        },
        {
            "id": 215,
            "form": "è",
            "pos": "VER",
            "lemma": "essere",
            "has_context": "false",
            "is_title": "false"
        },
        {
            "id": 216,
            "form": "possibile",
            "pos": "ADJ",
            "lemma": "possibile",
            "has_context": "false",
            "is_title": "false"
        },
        {
            "id": 217,
            "form": ".",
            "pos": "SENT",
            "lemma": ".",
            "has_context": "false",
            "is_title": "false"
        },
        {
            "id": 218,
            "form": "Penso",
            "pos": "VER",
            "lemma": "pensare",
            "has_context": "false",
            "is_title": "false"
        },
        {
            "id": 219,
            "form": "che",
            "pos": "CON",
            "lemma": "che",
            "has_context": "false",
            "is_title": "false"
        },
        {
            "id": 220,
            "form": "i",
            "pos": "DET",
            "lemma": "il",
            "has_context": "false",
            "is_title": "false"
        },
        {
            "id": 221,
            "form": "libri",
            "pos": "NOM",
            "lemma": "libro",
            "has_context": "false",
            "is_title": "false"
        },
        {
            "id": 222,
            "form": "possano",
            "pos": "VER",
            "lemma": "potere",
            "has_context": "false",
            "is_title": "false"
        },
        {
            "id": 223,
            "form": "offrirci",
            "pos": "VER",
            "lemma": "offrire",
            "has_context": "false",
            "is_title": "false"
        },
        {
            "id": 224,
            "form": "numerosi",
            "pos": "ADJ",
            "lemma": "numeroso",
            "has_context": "true",
            "is_title": "false"
        },
        {
            "id": 225,
            "form": "spunti",
            "pos": "NOM",
            "lemma": "spunto",
            "has_context": "true",
            "is_title": "false"
        },
        {
            "id": 226,
            "form": "di",
            "pos": "PRE",
            "lemma": "di",
            "has_context": "false",
            "is_title": "false"
        },
        {
            "id": 227,
            "form": "riflessione",
            "pos": "NOM",
            "lemma": "riflessione",
            "has_context": "true",
            "is_title": "false"
        },
        {
            "id": 228,
            "form": "e",
            "pos": "CON",
            "lemma": "e",
            "has_context": "false",
            "is_title": "false"
        },
        {
            "id": 229,
            "form": "dibattito",
            "pos": "NOM",
            "lemma": "dibattito",
            "has_context": "true",
            "is_title": "false"
        },
        {
            "id": 230,
            "form": ".",
            "pos": "SENT",
            "lemma": ".",
            "has_context": "false",
            "is_title": "false"
        },
        {
            "id": 231,
            "form": "In",
            "pos": "PRE",
            "lemma": "in",
            "has_context": "false",
            "is_title": "false"
        },
        {
            "id": 232,
            "form": "conclusione",
            "pos": "NOM",
            "lemma": "conclusione",
            "has_context": "true",
            "is_title": "false"
        },
        {
            "id": 233,
            "form": ",",
            "pos": "PON",
            "lemma": ",",
            "has_context": "false",
            "is_title": "false"
        },
        {
            "id": 234,
            "form": "non",
            "pos": "ADV",
            "lemma": "non",
            "has_context": "false",
            "is_title": "false"
        },
        {
            "id": 235,
            "form": "sono",
            "pos": "VER",
            "lemma": "essere",
            "has_context": "false",
            "is_title": "false"
        },
        {
            "id": 236,
            "form": "d’",
            "pos": "PRE",
            "lemma": "di",
            "has_context": "false",
            "is_title": "false"
        },
        {
            "id": 237,
            "form": "accordo",
            "pos": "NOM",
            "lemma": "accordo",
            "has_context": "false",
            "is_title": "false"
        },
        {
            "id": 238,
            "form": "con",
            "pos": "PRE",
            "lemma": "con",
            "has_context": "false",
            "is_title": "false"
        },
        {
            "id": 239,
            "form": "chi",
            "pos": "PRO",
            "lemma": "chi",
            "has_context": "false",
            "is_title": "false"
        },
        {
            "id": 240,
            "form": "dice",
            "pos": "VER",
            "lemma": "dire",
            "has_context": "false",
            "is_title": "false"
        },
        {
            "id": 241,
            "form": "che",
            "pos": "CON",
            "lemma": "che",
            "has_context": "false",
            "is_title": "false"
        },
        {
            "id": 242,
            "form": "leggere",
            "pos": "VER",
            "lemma": "leggere",
            "has_context": "false",
            "is_title": "false"
        },
        {
            "id": 243,
            "form": "ormai",
            "pos": "ADV",
            "lemma": "ormai",
            "has_context": "true",
            "is_title": "false"
        },
        {
            "id": 244,
            "form": "è",
            "pos": "VER",
            "lemma": "essere",
            "has_context": "false",
            "is_title": "false"
        },
        {
            "id": 245,
            "form": "inutile",
            "pos": "ADJ",
            "lemma": "inutile",
            "has_context": "false",
            "is_title": "false"
        },
        {
            "id": 246,
            "form": ".",
            "pos": "SENT",
            "lemma": ".",
            "has_context": "false",
            "is_title": "false"
        },
        {
            "id": 247,
            "form": "La",
            "pos": "DET",
            "lemma": "il",
            "has_context": "false",
            "is_title": "false"
        },
        {
            "id": 248,
            "form": "lettura",
            "pos": "NOM",
            "lemma": "lettura",
            "has_context": "true",
            "is_title": "false"
        },
        {
            "id": 249,
            "form": ",",
            "pos": "PON",
            "lemma": ",",
            "has_context": "false",
            "is_title": "false"
        },
        {
            "id": 250,
            "form": "infatti",
            "pos": "CON",
            "lemma": "infatti",
            "has_context": "false",
            "is_title": "false"
        },
        {
            "id": 251,
            "form": ",",
            "pos": "PON",
            "lemma": ",",
            "has_context": "false",
            "is_title": "false"
        },
        {
            "id": 252,
            "form": "oltre",
            "pos": "ADV",
            "lemma": "oltre",
            "has_context": "true",
            "is_title": "false"
        },
        {
            "id": 253,
            "form": "a",
            "pos": "PRE",
            "lemma": "a",
            "has_context": "false",
            "is_title": "false"
        },
        {
            "id": 254,
            "form": "un",
            "pos": "DET",
            "lemma": "un",
            "has_context": "false",
            "is_title": "false"
        },
        {
            "id": 255,
            "form": "piacere",
            "pos": "NOM",
            "lemma": "piacere",
            "has_context": "false",
            "is_title": "false"
        },
        {
            "id": 256,
            "form": "dovrebbe",
            "pos": "VER",
            "lemma": "dovere",
            "has_context": "false",
            "is_title": "false"
        },
        {
            "id": 257,
            "form": "essere",
            "pos": "VER",
            "lemma": "essere",
            "has_context": "false",
            "is_title": "false"
        },
        {
            "id": 258,
            "form": "un",
            "pos": "DET",
            "lemma": "un",
            "has_context": "false",
            "is_title": "false"
        },
        {
            "id": 259,
            "form": "dovere",
            "pos": "NOM",
            "lemma": "dovere",
            "has_context": "false",
            "is_title": "false"
        },
        {
            "id": 260,
            "form": "per",
            "pos": "PRE",
            "lemma": "per",
            "has_context": "false",
            "is_title": "false"
        },
        {
            "id": 261,
            "form": "tutti",
            "pos": "PRO",
            "lemma": "tutto",
            "has_context": "false",
            "is_title": "false"
        },
        {
            "id": 262,
            "form": ".",
            "pos": "SENT",
            "lemma": ".",
            "has_context": "false",
            "is_title": "false"
        }
    ]
