    [
        {
            "id": 1,
            "form": "Cani",
            "pos": "NOM",
            "lemma": "cane",
            "has_context": "false",
            "is_title": "true"
        },
        {
            "id": 2,
            "form": "abbandonati",
            "pos": "ADJ",
            "lemma": "abbandonato",
            "has_context": "true",
            "is_title": "true"
        },
        {
            "id": 3,
            "form": "Giorgio",
            "pos": "NPR",
            "lemma": "Giorgio",
            "has_context": "false",
            "is_title": "false"
        },
        {
            "id": 4,
            "form": "si",
            "pos": "PRO",
            "lemma": "si",
            "has_context": "false",
            "is_title": "false"
        },
        {
            "id": 5,
            "form": "occupa",
            "pos": "VER",
            "lemma": "occupare",
            "has_context": "true",
            "is_title": "false"
        },
        {
            "id": 6,
            "form": "di",
            "pos": "PRE",
            "lemma": "di",
            "has_context": "false",
            "is_title": "false"
        },
        {
            "id": 7,
            "form": "cani",
            "pos": "NOM",
            "lemma": "cane",
            "has_context": "false",
            "is_title": "false"
        },
        {
            "id": 8,
            "form": "abbandonati",
            "pos": "ADJ",
            "lemma": "abbandonato",
            "has_context": "true",
            "is_title": "false"
        },
        {
            "id": 9,
            "form": ".",
            "pos": "SENT",
            "lemma": ".",
            "has_context": "false",
            "is_title": "false"
        },
        {
            "id": 10,
            "form": "Ha",
            "pos": "VER",
            "lemma": "avere",
            "has_context": "false",
            "is_title": "false"
        },
        {
            "id": 11,
            "form": "un",
            "pos": "DET",
            "lemma": "un",
            "has_context": "false",
            "is_title": "false"
        },
        {
            "id": 12,
            "form": "canile",
            "pos": "NOM",
            "lemma": "canile",
            "has_context": "true",
            "is_title": "false"
        },
        {
            "id": 13,
            "form": "dove",
            "pos": "PRO",
            "lemma": "dove",
            "has_context": "false",
            "is_title": "false"
        },
        {
            "id": 14,
            "form": "accoglie",
            "pos": "VER",
            "lemma": "accogliere",
            "has_context": "true",
            "is_title": "false"
        },
        {
            "id": 15,
            "form": "e",
            "pos": "CON",
            "lemma": "e",
            "has_context": "false",
            "is_title": "false"
        },
        {
            "id": 16,
            "form": "aiuta",
            "pos": "VER",
            "lemma": "aiutare",
            "has_context": "false",
            "is_title": "false"
        },
        {
            "id": 17,
            "form": "i",
            "pos": "DET",
            "lemma": "il",
            "has_context": "false",
            "is_title": "false"
        },
        {
            "id": 18,
            "form": "cani",
            "pos": "NOM",
            "lemma": "cane",
            "has_context": "false",
            "is_title": "false"
        },
        {
            "id": 19,
            "form": "che",
            "pos": "PRO",
            "lemma": "che",
            "has_context": "false",
            "is_title": "false"
        },
        {
            "id": 20,
            "form": "sono",
            "pos": "VER",
            "lemma": "essere",
            "has_context": "false",
            "is_title": "false"
        },
        {
            "id": 21,
            "form": "stati",
            "pos": "VER",
            "lemma": "essere",
            "has_context": "false",
            "is_title": "false"
        },
        {
            "id": 22,
            "form": "abbandonati",
            "pos": "VER",
            "lemma": "abbandonare",
            "has_context": "true",
            "is_title": "false"
        },
        {
            "id": 23,
            "form": "dai",
            "pos": "PRE",
            "lemma": "dal",
            "has_context": "false",
            "is_title": "false"
        },
        {
            "id": 24,
            "form": "loro",
            "pos": "ADJ",
            "lemma": "loro",
            "has_context": "false",
            "is_title": "false"
        },
        {
            "id": 25,
            "form": "padroni",
            "pos": "NOM",
            "lemma": "padrone",
            "has_context": "false",
            "is_title": "false"
        },
        {
            "id": 26,
            "form": ".",
            "pos": "SENT",
            "lemma": ".",
            "has_context": "false",
            "is_title": "false"
        },
        {
            "id": 27,
            "form": "Giorgio",
            "pos": "NPR",
            "lemma": "Giorgio",
            "has_context": "false",
            "is_title": "false"
        },
        {
            "id": 28,
            "form": "racconta",
            "pos": "VER",
            "lemma": "raccontare",
            "has_context": "true",
            "is_title": "false"
        },
        {
            "id": 29,
            "form": "spesso",
            "pos": "ADV",
            "lemma": "spesso",
            "has_context": "false",
            "is_title": "false"
        },
        {
            "id": 30,
            "form": "delle",
            "pos": "PRE",
            "lemma": "del",
            "has_context": "false",
            "is_title": "false"
        },
        {
            "id": 31,
            "form": "tristi",
            "pos": "ADJ",
            "lemma": "triste",
            "has_context": "false",
            "is_title": "false"
        },
        {
            "id": 32,
            "form": "storie",
            "pos": "NOM",
            "lemma": "storia",
            "has_context": "false",
            "is_title": "false"
        },
        {
            "id": 33,
            "form": "sui",
            "pos": "PRE",
            "lemma": "sul",
            "has_context": "false",
            "is_title": "false"
        },
        {
            "id": 34,
            "form": "suoi",
            "pos": "ADJ",
            "lemma": "suo",
            "has_context": "false",
            "is_title": "false"
        },
        {
            "id": 35,
            "form": "animali",
            "pos": "NOM",
            "lemma": "animale",
            "has_context": "false",
            "is_title": "false"
        },
        {
            "id": 36,
            "form": ".",
            "pos": "SENT",
            "lemma": ".",
            "has_context": "false",
            "is_title": "false"
        },
        {
            "id": 37,
            "form": "Pao",
            "pos": "NPR",
            "lemma": "Pao",
            "has_context": "false",
            "is_title": "false"
        },
        {
            "id": 38,
            "form": ",",
            "pos": "PON",
            "lemma": ",",
            "has_context": "false",
            "is_title": "false"
        },
        {
            "id": 39,
            "form": "ad",
            "pos": "PRE",
            "lemma": "ad",
            "has_context": "false",
            "is_title": "false"
        },
        {
            "id": 40,
            "form": "esempio",
            "pos": "NOM",
            "lemma": "esempio",
            "has_context": "false",
            "is_title": "false"
        },
        {
            "id": 41,
            "form": ",",
            "pos": "PON",
            "lemma": ",",
            "has_context": "false",
            "is_title": "false"
        },
        {
            "id": 42,
            "form": "è",
            "pos": "VER",
            "lemma": "essere",
            "has_context": "false",
            "is_title": "false"
        },
        {
            "id": 43,
            "form": "un",
            "pos": "DET",
            "lemma": "un",
            "has_context": "false",
            "is_title": "false"
        },
        {
            "id": 44,
            "form": "cane",
            "pos": "NOM",
            "lemma": "cane",
            "has_context": "false",
            "is_title": "false"
        },
        {
            "id": 45,
            "form": "che",
            "pos": "PRO",
            "lemma": "che",
            "has_context": "false",
            "is_title": "false"
        },
        {
            "id": 46,
            "form": "è",
            "pos": "VER",
            "lemma": "essere",
            "has_context": "false",
            "is_title": "false"
        },
        {
            "id": 47,
            "form": "stato",
            "pos": "VER",
            "lemma": "essere",
            "has_context": "false",
            "is_title": "false"
        },
        {
            "id": 48,
            "form": "adottato",
            "pos": "VER",
            "lemma": "adottare",
            "has_context": "true",
            "is_title": "false"
        },
        {
            "id": 49,
            "form": "da",
            "pos": "PRE",
            "lemma": "da",
            "has_context": "false",
            "is_title": "false"
        },
        {
            "id": 50,
            "form": "una",
            "pos": "DET",
            "lemma": "una",
            "has_context": "false",
            "is_title": "false"
        },
        {
            "id": 51,
            "form": "famiglia",
            "pos": "NOM",
            "lemma": "famiglia",
            "has_context": "false",
            "is_title": "false"
        },
        {
            "id": 52,
            "form": "con",
            "pos": "PRE",
            "lemma": "con",
            "has_context": "false",
            "is_title": "false"
        },
        {
            "id": 53,
            "form": "due",
            "pos": "ADJ",
            "lemma": "due",
            "has_context": "false",
            "is_title": "false"
        },
        {
            "id": 54,
            "form": "bambini",
            "pos": "NOM",
            "lemma": "bambino",
            "has_context": "false",
            "is_title": "false"
        },
        {
            "id": 55,
            "form": ".",
            "pos": "SENT",
            "lemma": ".",
            "has_context": "false",
            "is_title": "false"
        },
        {
            "id": 56,
            "form": "Pao",
            "pos": "NPR",
            "lemma": "Pao",
            "has_context": "false",
            "is_title": "false"
        },
        {
            "id": 57,
            "form": "era",
            "pos": "VER",
            "lemma": "essere",
            "has_context": "false",
            "is_title": "false"
        },
        {
            "id": 58,
            "form": "stato",
            "pos": "VER",
            "lemma": "essere",
            "has_context": "false",
            "is_title": "false"
        },
        {
            "id": 59,
            "form": "tanto",
            "pos": "ADV",
            "lemma": "tanto",
            "has_context": "false",
            "is_title": "false"
        },
        {
            "id": 60,
            "form": "voluto",
            "pos": "VER",
            "lemma": "volere",
            "has_context": "false",
            "is_title": "false"
        },
        {
            "id": 61,
            "form": "dai",
            "pos": "PRE",
            "lemma": "dal",
            "has_context": "false",
            "is_title": "false"
        },
        {
            "id": 62,
            "form": "bambini",
            "pos": "NOM",
            "lemma": "bambino",
            "has_context": "false",
            "is_title": "false"
        },
        {
            "id": 63,
            "form": "e",
            "pos": "CON",
            "lemma": "e",
            "has_context": "false",
            "is_title": "false"
        },
        {
            "id": 64,
            "form": "alla",
            "pos": "PRE",
            "lemma": "al",
            "has_context": "false",
            "is_title": "false"
        },
        {
            "id": 65,
            "form": "fine",
            "pos": "NOM",
            "lemma": "fine",
            "has_context": "false",
            "is_title": "false"
        },
        {
            "id": 66,
            "form": "i",
            "pos": "DET",
            "lemma": "il",
            "has_context": "false",
            "is_title": "false"
        },
        {
            "id": 67,
            "form": "genitori",
            "pos": "NOM",
            "lemma": "genitore",
            "has_context": "false",
            "is_title": "false"
        },
        {
            "id": 68,
            "form": "hanno",
            "pos": "VER",
            "lemma": "avere",
            "has_context": "false",
            "is_title": "false"
        },
        {
            "id": 69,
            "form": "deciso",
            "pos": "VER",
            "lemma": "decidere",
            "has_context": "true",
            "is_title": "false"
        },
        {
            "id": 70,
            "form": "di",
            "pos": "PRE",
            "lemma": "di",
            "has_context": "false",
            "is_title": "false"
        },
        {
            "id": 71,
            "form": "adottarlo",
            "pos": "VER",
            "lemma": "adottare",
            "has_context": "true",
            "is_title": "false"
        },
        {
            "id": 72,
            "form": ".",
            "pos": "SENT",
            "lemma": ".",
            "has_context": "false",
            "is_title": "false"
        },
        {
            "id": 73,
            "form": "Però",
            "pos": "CON",
            "lemma": "però",
            "has_context": "false",
            "is_title": "false"
        },
        {
            "id": 74,
            "form": ",",
            "pos": "PON",
            "lemma": ",",
            "has_context": "false",
            "is_title": "false"
        },
        {
            "id": 75,
            "form": "quando",
            "pos": "CON",
            "lemma": "quando",
            "has_context": "false",
            "is_title": "false"
        },
        {
            "id": 76,
            "form": "i",
            "pos": "DET",
            "lemma": "il",
            "has_context": "false",
            "is_title": "false"
        },
        {
            "id": 77,
            "form": "bambini",
            "pos": "NOM",
            "lemma": "bambino",
            "has_context": "false",
            "is_title": "false"
        },
        {
            "id": 78,
            "form": "sono",
            "pos": "VER",
            "lemma": "essere",
            "has_context": "false",
            "is_title": "false"
        },
        {
            "id": 79,
            "form": "cresciuti",
            "pos": "VER",
            "lemma": "crescere",
            "has_context": "true",
            "is_title": "false"
        },
        {
            "id": 80,
            "form": ",",
            "pos": "PON",
            "lemma": ",",
            "has_context": "false",
            "is_title": "false"
        },
        {
            "id": 81,
            "form": "si",
            "pos": "PRO",
            "lemma": "si",
            "has_context": "false",
            "is_title": "false"
        },
        {
            "id": 82,
            "form": "sono",
            "pos": "VER",
            "lemma": "essere",
            "has_context": "false",
            "is_title": "false"
        },
        {
            "id": 83,
            "form": "stancati",
            "pos": "VER",
            "lemma": "stancare",
            "has_context": "true",
            "is_title": "false"
        },
        {
            "id": 84,
            "form": "di",
            "pos": "PRE",
            "lemma": "di",
            "has_context": "false",
            "is_title": "false"
        },
        {
            "id": 85,
            "form": "Pao",
            "pos": "NPR",
            "lemma": "Pao",
            "has_context": "false",
            "is_title": "false"
        },
        {
            "id": 86,
            "form": ".",
            "pos": "SENT",
            "lemma": ".",
            "has_context": "false",
            "is_title": "false"
        },
        {
            "id": 87,
            "form": "Pao",
            "pos": "NPR",
            "lemma": "Pao",
            "has_context": "false",
            "is_title": "false"
        },
        {
            "id": 88,
            "form": "allora",
            "pos": "ADV",
            "lemma": "allora",
            "has_context": "false",
            "is_title": "false"
        },
        {
            "id": 89,
            "form": "è",
            "pos": "VER",
            "lemma": "essere",
            "has_context": "false",
            "is_title": "false"
        },
        {
            "id": 90,
            "form": "stato",
            "pos": "VER",
            "lemma": "essere",
            "has_context": "false",
            "is_title": "false"
        },
        {
            "id": 91,
            "form": "lasciato",
            "pos": "VER",
            "lemma": "lasciare",
            "has_context": "false",
            "is_title": "false"
        },
        {
            "id": 92,
            "form": "ai",
            "pos": "PRE",
            "lemma": "al",
            "has_context": "false",
            "is_title": "false"
        },
        {
            "id": 93,
            "form": "bordi",
            "pos": "NOM",
            "lemma": "bordo",
            "has_context": "true",
            "is_title": "false"
        },
        {
            "id": 94,
            "form": "della",
            "pos": "PRE",
            "lemma": "del",
            "has_context": "false",
            "is_title": "false"
        },
        {
            "id": 95,
            "form": "strada",
            "pos": "NOM",
            "lemma": "strada",
            "has_context": "false",
            "is_title": "false"
        },
        {
            "id": 96,
            "form": ".",
            "pos": "SENT",
            "lemma": ".",
            "has_context": "false",
            "is_title": "false"
        },
        {
            "id": 97,
            "form": "Alla",
            "pos": "PRE",
            "lemma": "al",
            "has_context": "false",
            "is_title": "false"
        },
        {
            "id": 98,
            "form": "fine",
            "pos": "NOM",
            "lemma": "fine",
            "has_context": "false",
            "is_title": "false"
        },
        {
            "id": 99,
            "form": "Pao",
            "pos": "NPR",
            "lemma": "Pao",
            "has_context": "false",
            "is_title": "false"
        },
        {
            "id": 100,
            "form": "è",
            "pos": "VER",
            "lemma": "essere",
            "has_context": "false",
            "is_title": "false"
        },
        {
            "id": 101,
            "form": "stato",
            "pos": "VER",
            "lemma": "essere",
            "has_context": "false",
            "is_title": "false"
        },
        {
            "id": 102,
            "form": "trovato",
            "pos": "VER",
            "lemma": "trovare",
            "has_context": "false",
            "is_title": "false"
        },
        {
            "id": 103,
            "form": "da",
            "pos": "PRE",
            "lemma": "da",
            "has_context": "false",
            "is_title": "false"
        },
        {
            "id": 104,
            "form": "Giorgio",
            "pos": "NPR",
            "lemma": "Giorgio",
            "has_context": "false",
            "is_title": "false"
        },
        {
            "id": 105,
            "form": "ed",
            "pos": "CON",
            "lemma": "ed",
            "has_context": "false",
            "is_title": "false"
        },
        {
            "id": 106,
            "form": "è",
            "pos": "VER",
            "lemma": "essere",
            "has_context": "false",
            "is_title": "false"
        },
        {
            "id": 107,
            "form": "stato",
            "pos": "VER",
            "lemma": "essere",
            "has_context": "false",
            "is_title": "false"
        },
        {
            "id": 108,
            "form": "salvato",
            "pos": "VER",
            "lemma": "salvare",
            "has_context": "true",
            "is_title": "false"
        },
        {
            "id": 109,
            "form": ".",
            "pos": "SENT",
            "lemma": ".",
            "has_context": "false",
            "is_title": "false"
        },
        {
            "id": 110,
            "form": "Pao",
            "pos": "NPR",
            "lemma": "Pao",
            "has_context": "false",
            "is_title": "false"
        },
        {
            "id": 111,
            "form": "infatti",
            "pos": "CON",
            "lemma": "infatti",
            "has_context": "false",
            "is_title": "false"
        },
        {
            "id": 112,
            "form": "è",
            "pos": "VER",
            "lemma": "essere",
            "has_context": "false",
            "is_title": "false"
        },
        {
            "id": 113,
            "form": "stato",
            "pos": "VER",
            "lemma": "essere",
            "has_context": "false",
            "is_title": "false"
        },
        {
            "id": 114,
            "form": "portato",
            "pos": "VER",
            "lemma": "portare",
            "has_context": "false",
            "is_title": "false"
        },
        {
            "id": 115,
            "form": "dal",
            "pos": "PRE",
            "lemma": "dal",
            "has_context": "false",
            "is_title": "false"
        },
        {
            "id": 116,
            "form": "veterinario",
            "pos": "NOM",
            "lemma": "veterinario",
            "has_context": "true",
            "is_title": "false"
        },
        {
            "id": 117,
            "form": "dove",
            "pos": "PRO",
            "lemma": "dove",
            "has_context": "false",
            "is_title": "false"
        },
        {
            "id": 118,
            "form": "è",
            "pos": "VER",
            "lemma": "essere",
            "has_context": "false",
            "is_title": "false"
        },
        {
            "id": 119,
            "form": "stato",
            "pos": "VER",
            "lemma": "essere",
            "has_context": "false",
            "is_title": "false"
        },
        {
            "id": 120,
            "form": "curato",
            "pos": "VER",
            "lemma": "curare",
            "has_context": "true",
            "is_title": "false"
        },
        {
            "id": 121,
            "form": ".",
            "pos": "SENT",
            "lemma": ".",
            "has_context": "false",
            "is_title": "false"
        },
        {
            "id": 122,
            "form": "Dopo",
            "pos": "ADV",
            "lemma": "dopo",
            "has_context": "false",
            "is_title": "false"
        },
        {
            "id": 123,
            "form": "è",
            "pos": "VER",
            "lemma": "essere",
            "has_context": "false",
            "is_title": "false"
        },
        {
            "id": 124,
            "form": "stato",
            "pos": "VER",
            "lemma": "essere",
            "has_context": "false",
            "is_title": "false"
        },
        {
            "id": 125,
            "form": "lavato",
            "pos": "VER",
            "lemma": "lavare",
            "has_context": "false",
            "is_title": "false"
        },
        {
            "id": 126,
            "form": "e",
            "pos": "CON",
            "lemma": "e",
            "has_context": "false",
            "is_title": "false"
        },
        {
            "id": 127,
            "form": "portato",
            "pos": "VER",
            "lemma": "portare",
            "has_context": "false",
            "is_title": "false"
        },
        {
            "id": 128,
            "form": "al",
            "pos": "PRE",
            "lemma": "al",
            "has_context": "false",
            "is_title": "false"
        },
        {
            "id": 129,
            "form": "canile",
            "pos": "NOM",
            "lemma": "canile",
            "has_context": "true",
            "is_title": "false"
        },
        {
            "id": 130,
            "form": "dove",
            "pos": "PRO",
            "lemma": "dove",
            "has_context": "false",
            "is_title": "false"
        },
        {
            "id": 131,
            "form": "Giorgio",
            "pos": "NPR",
            "lemma": "Giorgio",
            "has_context": "false",
            "is_title": "false"
        },
        {
            "id": 132,
            "form": "si",
            "pos": "PRO",
            "lemma": "si",
            "has_context": "false",
            "is_title": "false"
        },
        {
            "id": 133,
            "form": "è",
            "pos": "VER",
            "lemma": "essere",
            "has_context": "false",
            "is_title": "false"
        },
        {
            "id": 134,
            "form": "preso",
            "pos": "VER",
            "lemma": "prendere",
            "has_context": "false",
            "is_title": "false"
        },
        {
            "id": 135,
            "form": "cura",
            "pos": "NOM",
            "lemma": "cura",
            "has_context": "true",
            "is_title": "false"
        },
        {
            "id": 136,
            "form": "di",
            "pos": "PRE",
            "lemma": "di",
            "has_context": "false",
            "is_title": "false"
        },
        {
            "id": 137,
            "form": "Pao",
            "pos": "NPR",
            "lemma": "Pao",
            "has_context": "false",
            "is_title": "false"
        },
        {
            "id": 138,
            "form": ".",
            "pos": "SENT",
            "lemma": ".",
            "has_context": "false",
            "is_title": "false"
        },
        {
            "id": 139,
            "form": "Pao",
            "pos": "NPR",
            "lemma": "Pao",
            "has_context": "false",
            "is_title": "false"
        },
        {
            "id": 140,
            "form": "è",
            "pos": "VER",
            "lemma": "essere",
            "has_context": "false",
            "is_title": "false"
        },
        {
            "id": 141,
            "form": "stato",
            "pos": "VER",
            "lemma": "essere",
            "has_context": "false",
            "is_title": "false"
        },
        {
            "id": 142,
            "form": "accolto",
            "pos": "VER",
            "lemma": "accogliere",
            "has_context": "true",
            "is_title": "false"
        },
        {
            "id": 143,
            "form": "dagli",
            "pos": "PRE",
            "lemma": "dal",
            "has_context": "false",
            "is_title": "false"
        },
        {
            "id": 144,
            "form": "altri",
            "pos": "ADJ",
            "lemma": "altro",
            "has_context": "false",
            "is_title": "false"
        },
        {
            "id": 145,
            "form": "cani",
            "pos": "NOM",
            "lemma": "cane",
            "has_context": "false",
            "is_title": "false"
        },
        {
            "id": 146,
            "form": "del",
            "pos": "PRE",
            "lemma": "del",
            "has_context": "false",
            "is_title": "false"
        },
        {
            "id": 147,
            "form": "canile",
            "pos": "NOM",
            "lemma": "canile",
            "has_context": "true",
            "is_title": "false"
        },
        {
            "id": 148,
            "form": ".",
            "pos": "SENT",
            "lemma": ".",
            "has_context": "false",
            "is_title": "false"
        },
        {
            "id": 149,
            "form": "Dopo",
            "pos": "PRE",
            "lemma": "dopo",
            "has_context": "false",
            "is_title": "false"
        },
        {
            "id": 150,
            "form": "qualche",
            "pos": "ADJ",
            "lemma": "qualche",
            "has_context": "false",
            "is_title": "false"
        },
        {
            "id": 151,
            "form": "mese",
            "pos": "NOM",
            "lemma": "mese",
            "has_context": "false",
            "is_title": "false"
        },
        {
            "id": 152,
            "form": ",",
            "pos": "PON",
            "lemma": ",",
            "has_context": "false",
            "is_title": "false"
        },
        {
            "id": 153,
            "form": "però",
            "pos": "CON",
            "lemma": "però",
            "has_context": "false",
            "is_title": "false"
        },
        {
            "id": 154,
            "form": ",",
            "pos": "PON",
            "lemma": ",",
            "has_context": "false",
            "is_title": "false"
        },
        {
            "id": 155,
            "form": "Pao",
            "pos": "NPR",
            "lemma": "Pao",
            "has_context": "false",
            "is_title": "false"
        },
        {
            "id": 156,
            "form": "è",
            "pos": "VER",
            "lemma": "essere",
            "has_context": "false",
            "is_title": "false"
        },
        {
            "id": 157,
            "form": "stato",
            "pos": "VER",
            "lemma": "essere",
            "has_context": "false",
            "is_title": "false"
        },
        {
            "id": 158,
            "form": "adottato",
            "pos": "VER",
            "lemma": "adottare",
            "has_context": "true",
            "is_title": "false"
        },
        {
            "id": 159,
            "form": "da",
            "pos": "PRE",
            "lemma": "da",
            "has_context": "false",
            "is_title": "false"
        },
        {
            "id": 160,
            "form": "un’",
            "pos": "DET",
            "lemma": "un",
            "has_context": "false",
            "is_title": "false"
        },
        {
            "id": 161,
            "form": "altra",
            "pos": "ADJ",
            "lemma": "altro",
            "has_context": "false",
            "is_title": "false"
        },
        {
            "id": 162,
            "form": "famiglia",
            "pos": "NOM",
            "lemma": "famiglia",
            "has_context": "false",
            "is_title": "false"
        },
        {
            "id": 163,
            "form": ".",
            "pos": "SENT",
            "lemma": ".",
            "has_context": "false",
            "is_title": "false"
        },
        {
            "id": 164,
            "form": "Pao",
            "pos": "NPR",
            "lemma": "Pao",
            "has_context": "false",
            "is_title": "false"
        },
        {
            "id": 165,
            "form": "adesso",
            "pos": "ADV",
            "lemma": "adesso",
            "has_context": "false",
            "is_title": "false"
        },
        {
            "id": 166,
            "form": "è",
            "pos": "VER",
            "lemma": "essere",
            "has_context": "false",
            "is_title": "false"
        },
        {
            "id": 167,
            "form": "un",
            "pos": "DET",
            "lemma": "un",
            "has_context": "false",
            "is_title": "false"
        },
        {
            "id": 168,
            "form": "cane",
            "pos": "NOM",
            "lemma": "cane",
            "has_context": "false",
            "is_title": "false"
        },
        {
            "id": 169,
            "form": "felice",
            "pos": "ADJ",
            "lemma": "felice",
            "has_context": "false",
            "is_title": "false"
        },
        {
            "id": 170,
            "form": ":",
            "pos": "PON",
            "lemma": ":",
            "has_context": "false",
            "is_title": "false"
        },
        {
            "id": 171,
            "form": "è",
            "pos": "VER",
            "lemma": "essere",
            "has_context": "false",
            "is_title": "false"
        },
        {
            "id": 172,
            "form": "amato",
            "pos": "VER",
            "lemma": "amare",
            "has_context": "false",
            "is_title": "false"
        },
        {
            "id": 173,
            "form": "e",
            "pos": "CON",
            "lemma": "e",
            "has_context": "false",
            "is_title": "false"
        },
        {
            "id": 174,
            "form": "coccolato",
            "pos": "VER",
            "lemma": "coccolare",
            "has_context": "true",
            "is_title": "false"
        },
        {
            "id": 175,
            "form": "dalla",
            "pos": "PRE",
            "lemma": "dal",
            "has_context": "false",
            "is_title": "false"
        },
        {
            "id": 176,
            "form": "sua",
            "pos": "ADJ",
            "lemma": "suo",
            "has_context": "false",
            "is_title": "false"
        },
        {
            "id": 177,
            "form": "nuova",
            "pos": "ADJ",
            "lemma": "nuovo",
            "has_context": "false",
            "is_title": "false"
        },
        {
            "id": 178,
            "form": "famiglia",
            "pos": "NOM",
            "lemma": "famiglia",
            "has_context": "false",
            "is_title": "false"
        },
        {
            "id": 179,
            "form": ".",
            "pos": "SENT",
            "lemma": ".",
            "has_context": "false",
            "is_title": "false"
        },
        {
            "id": 180,
            "form": "Giorgio",
            "pos": "NPR",
            "lemma": "Giorgio",
            "has_context": "false",
            "is_title": "false"
        },
        {
            "id": 181,
            "form": "però",
            "pos": "CON",
            "lemma": "però",
            "has_context": "false",
            "is_title": "false"
        },
        {
            "id": 182,
            "form": "non",
            "pos": "ADV",
            "lemma": "non",
            "has_context": "false",
            "is_title": "false"
        },
        {
            "id": 183,
            "form": "è",
            "pos": "VER",
            "lemma": "essere",
            "has_context": "false",
            "is_title": "false"
        },
        {
            "id": 184,
            "form": "ancora",
            "pos": "ADV",
            "lemma": "ancora",
            "has_context": "false",
            "is_title": "false"
        },
        {
            "id": 185,
            "form": "soddisfatto",
            "pos": "ADJ",
            "lemma": "soddisfatto",
            "has_context": "true",
            "is_title": "false"
        },
        {
            "id": 186,
            "form": ".",
            "pos": "SENT",
            "lemma": ".",
            "has_context": "false",
            "is_title": "false"
        },
        {
            "id": 187,
            "form": "È",
            "pos": "VER",
            "lemma": "essere",
            "has_context": "false",
            "is_title": "false"
        },
        {
            "id": 188,
            "form": "stato",
            "pos": "VER",
            "lemma": "essere",
            "has_context": "false",
            "is_title": "false"
        },
        {
            "id": 189,
            "form": "intervistato",
            "pos": "VER",
            "lemma": "intervistare",
            "has_context": "true",
            "is_title": "false"
        },
        {
            "id": 190,
            "form": "dalla",
            "pos": "PRE",
            "lemma": "dal",
            "has_context": "false",
            "is_title": "false"
        },
        {
            "id": 191,
            "form": "radio",
            "pos": "NOM",
            "lemma": "radio",
            "has_context": "false",
            "is_title": "false"
        },
        {
            "id": 192,
            "form": "locale",
            "pos": "ADJ",
            "lemma": "locale",
            "has_context": "true",
            "is_title": "false"
        },
        {
            "id": 193,
            "form": "ed",
            "pos": "CON",
            "lemma": "ed",
            "has_context": "false",
            "is_title": "false"
        },
        {
            "id": 194,
            "form": "ha",
            "pos": "VER",
            "lemma": "avere",
            "has_context": "false",
            "is_title": "false"
        },
        {
            "id": 195,
            "form": "detto",
            "pos": "VER",
            "lemma": "dire",
            "has_context": "false",
            "is_title": "false"
        },
        {
            "id": 196,
            "form": "che",
            "pos": "CON",
            "lemma": "che",
            "has_context": "false",
            "is_title": "false"
        },
        {
            "id": 197,
            "form": "è",
            "pos": "VER",
            "lemma": "essere",
            "has_context": "false",
            "is_title": "false"
        },
        {
            "id": 198,
            "form": "preoccupato",
            "pos": "VER",
            "lemma": "preoccupare",
            "has_context": "true",
            "is_title": "false"
        },
        {
            "id": 199,
            "form": "perché",
            "pos": "CON",
            "lemma": "perché",
            "has_context": "false",
            "is_title": "false"
        },
        {
            "id": 200,
            "form": "negli",
            "pos": "PRE",
            "lemma": "nel",
            "has_context": "false",
            "is_title": "false"
        },
        {
            "id": 201,
            "form": "ultimi",
            "pos": "ADJ",
            "lemma": "ultimo",
            "has_context": "false",
            "is_title": "false"
        },
        {
            "id": 202,
            "form": "anni",
            "pos": "NOM",
            "lemma": "anno",
            "has_context": "false",
            "is_title": "false"
        },
        {
            "id": 203,
            "form": "il",
            "pos": "DET",
            "lemma": "il",
            "has_context": "false",
            "is_title": "false"
        },
        {
            "id": 204,
            "form": "numero",
            "pos": "NOM",
            "lemma": "numero",
            "has_context": "false",
            "is_title": "false"
        },
        {
            "id": 205,
            "form": "dei",
            "pos": "PRE",
            "lemma": "del",
            "has_context": "false",
            "is_title": "false"
        },
        {
            "id": 206,
            "form": "cani",
            "pos": "NOM",
            "lemma": "cane",
            "has_context": "false",
            "is_title": "false"
        },
        {
            "id": 207,
            "form": "che",
            "pos": "PRO",
            "lemma": "che",
            "has_context": "false",
            "is_title": "false"
        },
        {
            "id": 208,
            "form": "sono",
            "pos": "VER",
            "lemma": "essere",
            "has_context": "false",
            "is_title": "false"
        },
        {
            "id": 209,
            "form": "stati",
            "pos": "VER",
            "lemma": "essere",
            "has_context": "false",
            "is_title": "false"
        },
        {
            "id": 210,
            "form": "abbandonati",
            "pos": "ADJ",
            "lemma": "abbandonato",
            "has_context": "true",
            "is_title": "false"
        },
        {
            "id": 211,
            "form": "è",
            "pos": "VER",
            "lemma": "essere",
            "has_context": "false",
            "is_title": "false"
        },
        {
            "id": 212,
            "form": "aumentato",
            "pos": "VER",
            "lemma": "aumentare",
            "has_context": "true",
            "is_title": "false"
        },
        {
            "id": 213,
            "form": "parecchio",
            "pos": "ADV",
            "lemma": "parecchio",
            "has_context": "true",
            "is_title": "false"
        },
        {
            "id": 214,
            "form": ".",
            "pos": "SENT",
            "lemma": ".",
            "has_context": "false",
            "is_title": "false"
        }
    ]
