    [
        {
            "id": 1,
            "form": "Telefonata",
            "pos": "NOM",
            "lemma": "telefonata",
            "has_context": "false",
            "is_title": "true"
        },
        {
            "id": 2,
            "form": "di",
            "pos": "PRE",
            "lemma": "di",
            "has_context": "false",
            "is_title": "true"
        },
        {
            "id": 3,
            "form": "Capodanno",
            "pos": "NPR",
            "lemma": "Capodanno",
            "has_context": "false",
            "is_title": "true"
        },
        {
            "id": 4,
            "form": "Pronto",
            "pos": "INT",
            "lemma": "pronto",
            "has_context": "false",
            "is_title": "false"
        },
        {
            "id": 5,
            "form": "Clara",
            "pos": "NPR",
            "lemma": "Clara",
            "has_context": "false",
            "is_title": "false"
        },
        {
            "id": 6,
            "form": "?",
            "pos": "SENT",
            "lemma": "?",
            "has_context": "false",
            "is_title": "false"
        },
        {
            "id": 7,
            "form": "Come",
            "pos": "PRO",
            "lemma": "come",
            "has_context": "false",
            "is_title": "false"
        },
        {
            "id": 8,
            "form": "stai",
            "pos": "VER",
            "lemma": "stare",
            "has_context": "false",
            "is_title": "false"
        },
        {
            "id": 9,
            "form": "?",
            "pos": "SENT",
            "lemma": "?",
            "has_context": "false",
            "is_title": "false"
        },
        {
            "id": 10,
            "form": "Tutto",
            "pos": "PRO",
            "lemma": "tutto",
            "has_context": "false",
            "is_title": "false"
        },
        {
            "id": 11,
            "form": "bene",
            "pos": "ADV",
            "lemma": "bene",
            "has_context": "false",
            "is_title": "false"
        },
        {
            "id": 12,
            "form": "?",
            "pos": "SENT",
            "lemma": "?",
            "has_context": "false",
            "is_title": "false"
        },
        {
            "id": 13,
            "form": "Sono",
            "pos": "VER",
            "lemma": "essere",
            "has_context": "false",
            "is_title": "false"
        },
        {
            "id": 14,
            "form": "Valentina",
            "pos": "NPR",
            "lemma": "Valentina",
            "has_context": "false",
            "is_title": "false"
        },
        {
            "id": 15,
            "form": ",",
            "pos": "PON",
            "lemma": ",",
            "has_context": "false",
            "is_title": "false"
        },
        {
            "id": 16,
            "form": "ti",
            "pos": "PRO",
            "lemma": "ti",
            "has_context": "false",
            "is_title": "false"
        },
        {
            "id": 17,
            "form": "lascio",
            "pos": "VER",
            "lemma": "lasciare",
            "has_context": "false",
            "is_title": "false"
        },
        {
            "id": 18,
            "form": "questo",
            "pos": "ADJ",
            "lemma": "questo",
            "has_context": "false",
            "is_title": "false"
        },
        {
            "id": 19,
            "form": "messaggio",
            "pos": "NOM",
            "lemma": "messaggio",
            "has_context": "false",
            "is_title": "false"
        },
        {
            "id": 20,
            "form": "in",
            "pos": "PRE",
            "lemma": "in",
            "has_context": "false",
            "is_title": "false"
        },
        {
            "id": 21,
            "form": "segreteria",
            "pos": "NOM",
            "lemma": "segreteria",
            "has_context": "false",
            "is_title": "false"
        },
        {
            "id": 22,
            "form": "per",
            "pos": "PRE",
            "lemma": "per",
            "has_context": "false",
            "is_title": "false"
        },
        {
            "id": 23,
            "form": "dirti",
            "pos": "VER",
            "lemma": "dire",
            "has_context": "false",
            "is_title": "false"
        },
        {
            "id": 24,
            "form": "cosa",
            "pos": "PRO",
            "lemma": "cosa",
            "has_context": "false",
            "is_title": "false"
        },
        {
            "id": 25,
            "form": "stiamo",
            "pos": "VER",
            "lemma": "stare",
            "has_context": "false",
            "is_title": "false"
        },
        {
            "id": 26,
            "form": "organizzando",
            "pos": "VER",
            "lemma": "organizzare",
            "has_context": "false",
            "is_title": "false"
        },
        {
            "id": 27,
            "form": "per",
            "pos": "PRE",
            "lemma": "per",
            "has_context": "false",
            "is_title": "false"
        },
        {
            "id": 28,
            "form": "Capodanno",
            "pos": "NPR",
            "lemma": "Capodanno",
            "has_context": "false",
            "is_title": "false"
        },
        {
            "id": 29,
            "form": ".",
            "pos": "SENT",
            "lemma": ".",
            "has_context": "false",
            "is_title": "false"
        },
        {
            "id": 30,
            "form": "Ti",
            "pos": "PRO",
            "lemma": "ti",
            "has_context": "false",
            "is_title": "false"
        },
        {
            "id": 31,
            "form": "ricordi",
            "pos": "VER",
            "lemma": "ricordare",
            "has_context": "false",
            "is_title": "false"
        },
        {
            "id": 32,
            "form": "che",
            "pos": "CON",
            "lemma": "che",
            "has_context": "false",
            "is_title": "false"
        },
        {
            "id": 33,
            "form": "si",
            "pos": "PRO",
            "lemma": "si",
            "has_context": "false",
            "is_title": "false"
        },
        {
            "id": 34,
            "form": "parlava",
            "pos": "VER",
            "lemma": "parlare",
            "has_context": "false",
            "is_title": "false"
        },
        {
            "id": 35,
            "form": "di",
            "pos": "PRE",
            "lemma": "di",
            "has_context": "false",
            "is_title": "false"
        },
        {
            "id": 36,
            "form": "andare",
            "pos": "VER",
            "lemma": "andare",
            "has_context": "false",
            "is_title": "false"
        },
        {
            "id": 37,
            "form": "tutti",
            "pos": "PRO",
            "lemma": "tutto",
            "has_context": "false",
            "is_title": "false"
        },
        {
            "id": 38,
            "form": "insieme",
            "pos": "ADV",
            "lemma": "insieme",
            "has_context": "false",
            "is_title": "false"
        },
        {
            "id": 39,
            "form": "a",
            "pos": "PRE",
            "lemma": "a",
            "has_context": "false",
            "is_title": "false"
        },
        {
            "id": 40,
            "form": "Barcelona",
            "pos": "NPR",
            "lemma": "Barcelona",
            "has_context": "false",
            "is_title": "false"
        },
        {
            "id": 41,
            "form": "?",
            "pos": "SENT",
            "lemma": "?",
            "has_context": "false",
            "is_title": "false"
        },
        {
            "id": 42,
            "form": "Bene",
            "pos": "ADV",
            "lemma": "bene",
            "has_context": "false",
            "is_title": "false"
        },
        {
            "id": 43,
            "form": ",",
            "pos": "PON",
            "lemma": ",",
            "has_context": "false",
            "is_title": "false"
        },
        {
            "id": 44,
            "form": "la",
            "pos": "DET",
            "lemma": "il",
            "has_context": "false",
            "is_title": "false"
        },
        {
            "id": 45,
            "form": "proposta",
            "pos": "NOM",
            "lemma": "proposta",
            "has_context": "true",
            "is_title": "false"
        },
        {
            "id": 46,
            "form": "è",
            "pos": "VER",
            "lemma": "essere",
            "has_context": "false",
            "is_title": "false"
        },
        {
            "id": 47,
            "form": "stata",
            "pos": "VER",
            "lemma": "essere",
            "has_context": "false",
            "is_title": "false"
        },
        {
            "id": 48,
            "form": "bocciata",
            "pos": "VER",
            "lemma": "bocciare",
            "has_context": "true",
            "is_title": "false"
        },
        {
            "id": 49,
            "form": "perché",
            "pos": "CON",
            "lemma": "perché",
            "has_context": "false",
            "is_title": "false"
        },
        {
            "id": 50,
            "form": "il",
            "pos": "DET",
            "lemma": "il",
            "has_context": "false",
            "is_title": "false"
        },
        {
            "id": 51,
            "form": "volo",
            "pos": "NOM",
            "lemma": "volo",
            "has_context": "true",
            "is_title": "false"
        },
        {
            "id": 52,
            "form": "è",
            "pos": "VER",
            "lemma": "essere",
            "has_context": "false",
            "is_title": "false"
        },
        {
            "id": 53,
            "form": "troppo",
            "pos": "ADV",
            "lemma": "troppo",
            "has_context": "false",
            "is_title": "false"
        },
        {
            "id": 54,
            "form": "costoso",
            "pos": "ADJ",
            "lemma": "costoso",
            "has_context": "true",
            "is_title": "false"
        },
        {
            "id": 55,
            "form": ".",
            "pos": "SENT",
            "lemma": ".",
            "has_context": "false",
            "is_title": "false"
        },
        {
            "id": 56,
            "form": "Ho",
            "pos": "VER",
            "lemma": "avere",
            "has_context": "false",
            "is_title": "false"
        },
        {
            "id": 57,
            "form": "chiesto",
            "pos": "VER",
            "lemma": "chiedere",
            "has_context": "false",
            "is_title": "false"
        },
        {
            "id": 58,
            "form": "anche",
            "pos": "CON",
            "lemma": "anche",
            "has_context": "false",
            "is_title": "false"
        },
        {
            "id": 59,
            "form": "agli",
            "pos": "PRE",
            "lemma": "al",
            "has_context": "false",
            "is_title": "false"
        },
        {
            "id": 60,
            "form": "altri",
            "pos": "PRO",
            "lemma": "altro",
            "has_context": "false",
            "is_title": "false"
        },
        {
            "id": 61,
            "form": "del",
            "pos": "PRE",
            "lemma": "del",
            "has_context": "false",
            "is_title": "false"
        },
        {
            "id": 62,
            "form": "gruppo",
            "pos": "NOM",
            "lemma": "gruppo",
            "has_context": "true",
            "is_title": "false"
        },
        {
            "id": 63,
            "form": "che",
            "pos": "PRO",
            "lemma": "che",
            "has_context": "false",
            "is_title": "false"
        },
        {
            "id": 64,
            "form": "preferissero",
            "pos": "VER",
            "lemma": "preferire",
            "has_context": "false",
            "is_title": "false"
        },
        {
            "id": 65,
            "form": "fare",
            "pos": "VER",
            "lemma": "fare",
            "has_context": "false",
            "is_title": "false"
        },
        {
            "id": 66,
            "form": "come",
            "pos": "PRE",
            "lemma": "come",
            "has_context": "false",
            "is_title": "false"
        },
        {
            "id": 67,
            "form": "ripiego",
            "pos": "NOM",
            "lemma": "ripiego",
            "has_context": "true",
            "is_title": "false"
        },
        {
            "id": 68,
            "form": "al",
            "pos": "PRE",
            "lemma": "al",
            "has_context": "false",
            "is_title": "false"
        },
        {
            "id": 69,
            "form": "viaggio",
            "pos": "NOM",
            "lemma": "viaggio",
            "has_context": "false",
            "is_title": "false"
        },
        {
            "id": 70,
            "form": "a",
            "pos": "PRE",
            "lemma": "a",
            "has_context": "false",
            "is_title": "false"
        },
        {
            "id": 71,
            "form": "Barcelona",
            "pos": "NOM",
            "lemma": "Barcelona",
            "has_context": "false",
            "is_title": "false"
        },
        {
            "id": 72,
            "form": ",",
            "pos": "PON",
            "lemma": ",",
            "has_context": "false",
            "is_title": "false"
        },
        {
            "id": 73,
            "form": "ma",
            "pos": "CON",
            "lemma": "ma",
            "has_context": "false",
            "is_title": "false"
        },
        {
            "id": 74,
            "form": "i",
            "pos": "DET",
            "lemma": "il",
            "has_context": "false",
            "is_title": "false"
        },
        {
            "id": 75,
            "form": "pareri",
            "pos": "NOM",
            "lemma": "parere",
            "has_context": "false",
            "is_title": "false"
        },
        {
            "id": 76,
            "form": "sono",
            "pos": "VER",
            "lemma": "essere",
            "has_context": "false",
            "is_title": "false"
        },
        {
            "id": 77,
            "form": "discordanti",
            "pos": "ADJ",
            "lemma": "discordante",
            "has_context": "true",
            "is_title": "false"
        },
        {
            "id": 78,
            "form": ".",
            "pos": "SENT",
            "lemma": ".",
            "has_context": "false",
            "is_title": "false"
        },
        {
            "id": 79,
            "form": "Guido",
            "pos": "NPR",
            "lemma": "Guido",
            "has_context": "false",
            "is_title": "false"
        },
        {
            "id": 80,
            "form": "mi",
            "pos": "PRO",
            "lemma": "mi",
            "has_context": "false",
            "is_title": "false"
        },
        {
            "id": 81,
            "form": "ha",
            "pos": "VER",
            "lemma": "avere",
            "has_context": "false",
            "is_title": "false"
        },
        {
            "id": 82,
            "form": "detto",
            "pos": "VER",
            "lemma": "dire",
            "has_context": "false",
            "is_title": "false"
        },
        {
            "id": 83,
            "form": "che",
            "pos": "CON",
            "lemma": "che",
            "has_context": "false",
            "is_title": "false"
        },
        {
            "id": 84,
            "form": "a",
            "pos": "PRE",
            "lemma": "a",
            "has_context": "false",
            "is_title": "false"
        },
        {
            "id": 85,
            "form": "questo",
            "pos": "ADJ",
            "lemma": "questo",
            "has_context": "false",
            "is_title": "false"
        },
        {
            "id": 86,
            "form": "punto",
            "pos": "NOM",
            "lemma": "punto",
            "has_context": "false",
            "is_title": "false"
        },
        {
            "id": 87,
            "form": ",",
            "pos": "PON",
            "lemma": ",",
            "has_context": "false",
            "is_title": "false"
        },
        {
            "id": 88,
            "form": "visto",
            "pos": "VER",
            "lemma": "vedere",
            "has_context": "false",
            "is_title": "false"
        },
        {
            "id": 89,
            "form": "che",
            "pos": "CON",
            "lemma": "che",
            "has_context": "false",
            "is_title": "false"
        },
        {
            "id": 90,
            "form": "ormai",
            "pos": "ADV",
            "lemma": "ormai",
            "has_context": "true",
            "is_title": "false"
        },
        {
            "id": 91,
            "form": "è",
            "pos": "VER",
            "lemma": "essere",
            "has_context": "false",
            "is_title": "false"
        },
        {
            "id": 92,
            "form": "tardi",
            "pos": "ADV",
            "lemma": "tardi",
            "has_context": "false",
            "is_title": "false"
        },
        {
            "id": 93,
            "form": "per",
            "pos": "PRE",
            "lemma": "per",
            "has_context": "false",
            "is_title": "false"
        },
        {
            "id": 94,
            "form": "prenotare",
            "pos": "VER",
            "lemma": "prenotare",
            "has_context": "false",
            "is_title": "false"
        },
        {
            "id": 95,
            "form": "un",
            "pos": "DET",
            "lemma": "un",
            "has_context": "false",
            "is_title": "false"
        },
        {
            "id": 96,
            "form": "viaggio",
            "pos": "NOM",
            "lemma": "viaggio",
            "has_context": "false",
            "is_title": "false"
        },
        {
            "id": 97,
            "form": "all’",
            "pos": "PRE",
            "lemma": "al",
            "has_context": "false",
            "is_title": "false"
        },
        {
            "id": 98,
            "form": "estero",
            "pos": "NOM",
            "lemma": "estero",
            "has_context": "false",
            "is_title": "false"
        },
        {
            "id": 99,
            "form": ",",
            "pos": "PON",
            "lemma": ",",
            "has_context": "false",
            "is_title": "false"
        },
        {
            "id": 100,
            "form": "tanto",
            "pos": "ADV",
            "lemma": "tanto",
            "has_context": "false",
            "is_title": "false"
        },
        {
            "id": 101,
            "form": "vale",
            "pos": "VER",
            "lemma": "valere",
            "has_context": "true",
            "is_title": "false"
        },
        {
            "id": 102,
            "form": "ripiegare",
            "pos": "VER",
            "lemma": "ripiegare",
            "has_context": "true",
            "is_title": "false"
        },
        {
            "id": 103,
            "form": "su",
            "pos": "PRE",
            "lemma": "su",
            "has_context": "false",
            "is_title": "false"
        },
        {
            "id": 104,
            "form": "una",
            "pos": "DET",
            "lemma": "una",
            "has_context": "false",
            "is_title": "false"
        },
        {
            "id": 105,
            "form": "soluzione",
            "pos": "NOM",
            "lemma": "soluzione",
            "has_context": "true",
            "is_title": "false"
        },
        {
            "id": 106,
            "form": "più",
            "pos": "ADV",
            "lemma": "più",
            "has_context": "false",
            "is_title": "false"
        },
        {
            "id": 107,
            "form": "economica",
            "pos": "ADJ",
            "lemma": "economico",
            "has_context": "true",
            "is_title": "false"
        },
        {
            "id": 108,
            "form": "in",
            "pos": "PRE",
            "lemma": "in",
            "has_context": "false",
            "is_title": "false"
        },
        {
            "id": 109,
            "form": "Italia",
            "pos": "NPR",
            "lemma": "Italia",
            "has_context": "false",
            "is_title": "false"
        },
        {
            "id": 110,
            "form": ",",
            "pos": "PON",
            "lemma": ",",
            "has_context": "false",
            "is_title": "false"
        },
        {
            "id": 111,
            "form": "magari",
            "pos": "ADV",
            "lemma": "magari",
            "has_context": "true",
            "is_title": "false"
        },
        {
            "id": 112,
            "form": "restando",
            "pos": "VER",
            "lemma": "restare",
            "has_context": "false",
            "is_title": "false"
        },
        {
            "id": 113,
            "form": "proprio",
            "pos": "ADV",
            "lemma": "proprio",
            "has_context": "true",
            "is_title": "false"
        },
        {
            "id": 114,
            "form": "a",
            "pos": "PRE",
            "lemma": "a",
            "has_context": "false",
            "is_title": "false"
        },
        {
            "id": 115,
            "form": "Roma",
            "pos": "NPR",
            "lemma": "Roma",
            "has_context": "false",
            "is_title": "false"
        },
        {
            "id": 116,
            "form": ".",
            "pos": "SENT",
            "lemma": ".",
            "has_context": "false",
            "is_title": "false"
        },
        {
            "id": 117,
            "form": "Addirittura",
            "pos": "ADV",
            "lemma": "addirittura",
            "has_context": "true",
            "is_title": "false"
        },
        {
            "id": 118,
            "form": "proponeva",
            "pos": "VER",
            "lemma": "proporre",
            "has_context": "true",
            "is_title": "false"
        },
        {
            "id": 119,
            "form": "una",
            "pos": "DET",
            "lemma": "una",
            "has_context": "false",
            "is_title": "false"
        },
        {
            "id": 120,
            "form": "cenetta",
            "pos": "NOM",
            "lemma": "cenetta",
            "has_context": "true",
            "is_title": "false"
        },
        {
            "id": 121,
            "form": "tranquilla",
            "pos": "ADJ",
            "lemma": "tranquillo",
            "has_context": "false",
            "is_title": "false"
        },
        {
            "id": 122,
            "form": "da",
            "pos": "PRE",
            "lemma": "da",
            "has_context": "false",
            "is_title": "false"
        },
        {
            "id": 123,
            "form": "lui",
            "pos": "PRO",
            "lemma": "lui",
            "has_context": "false",
            "is_title": "false"
        },
        {
            "id": 124,
            "form": ".",
            "pos": "SENT",
            "lemma": ".",
            "has_context": "false",
            "is_title": "false"
        },
        {
            "id": 125,
            "form": "Giada",
            "pos": "NPR",
            "lemma": "giada",
            "has_context": "false",
            "is_title": "false"
        },
        {
            "id": 126,
            "form": ",",
            "pos": "PON",
            "lemma": ",",
            "has_context": "false",
            "is_title": "false"
        },
        {
            "id": 127,
            "form": "invece",
            "pos": "CON",
            "lemma": "invece",
            "has_context": "false",
            "is_title": "false"
        },
        {
            "id": 128,
            "form": ",",
            "pos": "PON",
            "lemma": ",",
            "has_context": "false",
            "is_title": "false"
        },
        {
            "id": 129,
            "form": "non",
            "pos": "ADV",
            "lemma": "non",
            "has_context": "false",
            "is_title": "false"
        },
        {
            "id": 130,
            "form": "vuole",
            "pos": "VER",
            "lemma": "volere",
            "has_context": "false",
            "is_title": "false"
        },
        {
            "id": 131,
            "form": "desistere",
            "pos": "VER",
            "lemma": "desistere",
            "has_context": "true",
            "is_title": "false"
        },
        {
            "id": 132,
            "form": "dal",
            "pos": "PRE",
            "lemma": "dal",
            "has_context": "false",
            "is_title": "false"
        },
        {
            "id": 133,
            "form": "progetto",
            "pos": "NOM",
            "lemma": "progetto",
            "has_context": "true",
            "is_title": "false"
        },
        {
            "id": 134,
            "form": "Spagna",
            "pos": "NPR",
            "lemma": "Spagna",
            "has_context": "false",
            "is_title": "false"
        },
        {
            "id": 135,
            "form": "e",
            "pos": "CON",
            "lemma": "e",
            "has_context": "false",
            "is_title": "false"
        },
        {
            "id": 136,
            "form": "dice",
            "pos": "VER",
            "lemma": "dire",
            "has_context": "false",
            "is_title": "false"
        },
        {
            "id": 137,
            "form": "di",
            "pos": "PRE",
            "lemma": "di",
            "has_context": "false",
            "is_title": "false"
        },
        {
            "id": 138,
            "form": "provare",
            "pos": "VER",
            "lemma": "provare",
            "has_context": "false",
            "is_title": "false"
        },
        {
            "id": 139,
            "form": "a",
            "pos": "PRE",
            "lemma": "a",
            "has_context": "false",
            "is_title": "false"
        },
        {
            "id": 140,
            "form": "vedere",
            "pos": "VER",
            "lemma": "vedere",
            "has_context": "false",
            "is_title": "false"
        },
        {
            "id": 141,
            "form": "se",
            "pos": "CON",
            "lemma": "se",
            "has_context": "false",
            "is_title": "false"
        },
        {
            "id": 142,
            "form": "c’",
            "pos": "ADV",
            "lemma": "ci",
            "has_context": "false",
            "is_title": "false"
        },
        {
            "id": 143,
            "form": "è",
            "pos": "VER",
            "lemma": "essere",
            "has_context": "false",
            "is_title": "false"
        },
        {
            "id": 144,
            "form": "una",
            "pos": "DET",
            "lemma": "una",
            "has_context": "false",
            "is_title": "false"
        },
        {
            "id": 145,
            "form": "città",
            "pos": "NOM",
            "lemma": "città",
            "has_context": "false",
            "is_title": "false"
        },
        {
            "id": 146,
            "form": "più",
            "pos": "ADV",
            "lemma": "più",
            "has_context": "false",
            "is_title": "false"
        },
        {
            "id": 147,
            "form": "economica",
            "pos": "ADJ",
            "lemma": "economico",
            "has_context": "true",
            "is_title": "false"
        },
        {
            "id": 148,
            "form": "come",
            "pos": "PRE",
            "lemma": "come",
            "has_context": "false",
            "is_title": "false"
        },
        {
            "id": 149,
            "form": "Siviglia",
            "pos": "NPR",
            "lemma": "Siviglia",
            "has_context": "false",
            "is_title": "false"
        },
        {
            "id": 150,
            "form": "o",
            "pos": "CON",
            "lemma": "o",
            "has_context": "false",
            "is_title": "false"
        },
        {
            "id": 151,
            "form": "che",
            "pos": "CON",
            "lemma": "che",
            "has_context": "false",
            "is_title": "false"
        },
        {
            "id": 152,
            "form": "so",
            "pos": "VER",
            "lemma": "sapere",
            "has_context": "false",
            "is_title": "false"
        },
        {
            "id": 153,
            "form": "io",
            "pos": "PRO",
            "lemma": "io",
            "has_context": "false",
            "is_title": "false"
        },
        {
            "id": 154,
            "form": ".",
            "pos": "SENT",
            "lemma": ".",
            "has_context": "false",
            "is_title": "false"
        },
        {
            "id": 155,
            "form": "Il",
            "pos": "DET",
            "lemma": "il",
            "has_context": "false",
            "is_title": "false"
        },
        {
            "id": 156,
            "form": "fatto",
            "pos": "NOM",
            "lemma": "fatto",
            "has_context": "true",
            "is_title": "false"
        },
        {
            "id": 157,
            "form": "è",
            "pos": "VER",
            "lemma": "essere",
            "has_context": "false",
            "is_title": "false"
        },
        {
            "id": 158,
            "form": "che",
            "pos": "CON",
            "lemma": "che",
            "has_context": "false",
            "is_title": "false"
        },
        {
            "id": 159,
            "form": "ormai",
            "pos": "ADV",
            "lemma": "ormai",
            "has_context": "true",
            "is_title": "false"
        },
        {
            "id": 160,
            "form": "siamo",
            "pos": "VER",
            "lemma": "essere",
            "has_context": "false",
            "is_title": "false"
        },
        {
            "id": 161,
            "form": "a",
            "pos": "PRE",
            "lemma": "a",
            "has_context": "false",
            "is_title": "false"
        },
        {
            "id": 162,
            "form": "novembre",
            "pos": "NOM",
            "lemma": "novembre",
            "has_context": "false",
            "is_title": "false"
        },
        {
            "id": 163,
            "form": ",",
            "pos": "PON",
            "lemma": ",",
            "has_context": "false",
            "is_title": "false"
        },
        {
            "id": 164,
            "form": "quindi",
            "pos": "CON",
            "lemma": "quindi",
            "has_context": "false",
            "is_title": "false"
        },
        {
            "id": 165,
            "form": "molti",
            "pos": "ADJ",
            "lemma": "molto",
            "has_context": "false",
            "is_title": "false"
        },
        {
            "id": 166,
            "form": "alberghi",
            "pos": "NOM",
            "lemma": "albergo",
            "has_context": "false",
            "is_title": "false"
        },
        {
            "id": 167,
            "form": "sono",
            "pos": "VER",
            "lemma": "essere",
            "has_context": "false",
            "is_title": "false"
        },
        {
            "id": 168,
            "form": "già",
            "pos": "ADV",
            "lemma": "già",
            "has_context": "false",
            "is_title": "false"
        },
        {
            "id": 169,
            "form": "prenotati",
            "pos": "ADJ",
            "lemma": "prenotato",
            "has_context": "false",
            "is_title": "false"
        },
        {
            "id": 170,
            "form": "e",
            "pos": "CON",
            "lemma": "e",
            "has_context": "false",
            "is_title": "false"
        },
        {
            "id": 171,
            "form": "sono",
            "pos": "VER",
            "lemma": "essere",
            "has_context": "false",
            "is_title": "false"
        },
        {
            "id": 172,
            "form": "rimasti",
            "pos": "VER",
            "lemma": "rimanere",
            "has_context": "false",
            "is_title": "false"
        },
        {
            "id": 173,
            "form": "solo",
            "pos": "ADV",
            "lemma": "solo",
            "has_context": "false",
            "is_title": "false"
        },
        {
            "id": 174,
            "form": "i",
            "pos": "DET",
            "lemma": "il",
            "has_context": "false",
            "is_title": "false"
        },
        {
            "id": 175,
            "form": "più",
            "pos": "ADV",
            "lemma": "più",
            "has_context": "false",
            "is_title": "false"
        },
        {
            "id": 176,
            "form": "costosi",
            "pos": "ADJ",
            "lemma": "costoso",
            "has_context": "true",
            "is_title": "false"
        },
        {
            "id": 177,
            "form": ",",
            "pos": "PON",
            "lemma": ",",
            "has_context": "false",
            "is_title": "false"
        },
        {
            "id": 178,
            "form": "e",
            "pos": "CON",
            "lemma": "e",
            "has_context": "false",
            "is_title": "false"
        },
        {
            "id": 179,
            "form": "personalmente",
            "pos": "ADV",
            "lemma": "personalmente",
            "has_context": "true",
            "is_title": "false"
        },
        {
            "id": 180,
            "form": "non",
            "pos": "ADV",
            "lemma": "non",
            "has_context": "false",
            "is_title": "false"
        },
        {
            "id": 181,
            "form": "vorrei",
            "pos": "VER",
            "lemma": "volere",
            "has_context": "false",
            "is_title": "false"
        },
        {
            "id": 182,
            "form": "spendere",
            "pos": "VER",
            "lemma": "spendere",
            "has_context": "false",
            "is_title": "false"
        },
        {
            "id": 183,
            "form": "troppi",
            "pos": "PRO",
            "lemma": "troppo",
            "has_context": "false",
            "is_title": "false"
        },
        {
            "id": 184,
            "form": "soldi",
            "pos": "NOM",
            "lemma": "soldo",
            "has_context": "false",
            "is_title": "false"
        },
        {
            "id": 185,
            "form": ".",
            "pos": "SENT",
            "lemma": ".",
            "has_context": "false",
            "is_title": "false"
        },
        {
            "id": 186,
            "form": "Claudia",
            "pos": "NPR",
            "lemma": "Claudia",
            "has_context": "false",
            "is_title": "false"
        },
        {
            "id": 187,
            "form": ",",
            "pos": "PON",
            "lemma": ",",
            "has_context": "false",
            "is_title": "false"
        },
        {
            "id": 188,
            "form": "come",
            "pos": "CON",
            "lemma": "come",
            "has_context": "false",
            "is_title": "false"
        },
        {
            "id": 189,
            "form": "al",
            "pos": "PRE",
            "lemma": "al",
            "has_context": "false",
            "is_title": "false"
        },
        {
            "id": 190,
            "form": "solito",
            "pos": "NOM",
            "lemma": "solito",
            "has_context": "false",
            "is_title": "false"
        },
        {
            "id": 191,
            "form": ",",
            "pos": "PON",
            "lemma": ",",
            "has_context": "false",
            "is_title": "false"
        },
        {
            "id": 192,
            "form": "non",
            "pos": "ADV",
            "lemma": "non",
            "has_context": "false",
            "is_title": "false"
        },
        {
            "id": 193,
            "form": "sa",
            "pos": "VER",
            "lemma": "sapere",
            "has_context": "false",
            "is_title": "false"
        },
        {
            "id": 194,
            "form": "nemmeno",
            "pos": "ADV",
            "lemma": "nemmeno",
            "has_context": "true",
            "is_title": "false"
        },
        {
            "id": 195,
            "form": "se",
            "pos": "CON",
            "lemma": "se",
            "has_context": "false",
            "is_title": "false"
        },
        {
            "id": 196,
            "form": "ci",
            "pos": "ADV",
            "lemma": "ci",
            "has_context": "false",
            "is_title": "false"
        },
        {
            "id": 197,
            "form": "sarà",
            "pos": "VER",
            "lemma": "essere",
            "has_context": "false",
            "is_title": "false"
        },
        {
            "id": 198,
            "form": ",",
            "pos": "PON",
            "lemma": ",",
            "has_context": "false",
            "is_title": "false"
        },
        {
            "id": 199,
            "form": "la",
            "pos": "DET",
            "lemma": "il",
            "has_context": "false",
            "is_title": "false"
        },
        {
            "id": 200,
            "form": "sua",
            "pos": "ADJ",
            "lemma": "suo",
            "has_context": "false",
            "is_title": "false"
        },
        {
            "id": 201,
            "form": "presenza",
            "pos": "NOM",
            "lemma": "presenza",
            "has_context": "true",
            "is_title": "false"
        },
        {
            "id": 202,
            "form": "è",
            "pos": "VER",
            "lemma": "essere",
            "has_context": "false",
            "is_title": "false"
        },
        {
            "id": 203,
            "form": "come",
            "pos": "CON",
            "lemma": "come",
            "has_context": "false",
            "is_title": "false"
        },
        {
            "id": 204,
            "form": "sempre",
            "pos": "ADV",
            "lemma": "sempre",
            "has_context": "false",
            "is_title": "false"
        },
        {
            "id": 205,
            "form": "un’",
            "pos": "DET",
            "lemma": "un",
            "has_context": "false",
            "is_title": "false"
        },
        {
            "id": 206,
            "form": "incognita",
            "pos": "NOM",
            "lemma": "incognita",
            "has_context": "true",
            "is_title": "false"
        },
        {
            "id": 207,
            "form": "fino",
            "pos": "CON",
            "lemma": "fino",
            "has_context": "false",
            "is_title": "false"
        },
        {
            "id": 208,
            "form": "alla",
            "pos": "PRE",
            "lemma": "al",
            "has_context": "false",
            "is_title": "false"
        },
        {
            "id": 209,
            "form": "fine",
            "pos": "NOM",
            "lemma": "fine",
            "has_context": "false",
            "is_title": "false"
        },
        {
            "id": 210,
            "form": ".",
            "pos": "SENT",
            "lemma": ".",
            "has_context": "false",
            "is_title": "false"
        },
        {
            "id": 211,
            "form": "Tu",
            "pos": "PRO",
            "lemma": "tu",
            "has_context": "false",
            "is_title": "false"
        },
        {
            "id": 212,
            "form": "che",
            "pos": "PRO",
            "lemma": "che",
            "has_context": "false",
            "is_title": "false"
        },
        {
            "id": 213,
            "form": "vorresti",
            "pos": "VER",
            "lemma": "volere",
            "has_context": "false",
            "is_title": "false"
        },
        {
            "id": 214,
            "form": "fare",
            "pos": "VER",
            "lemma": "fare",
            "has_context": "false",
            "is_title": "false"
        },
        {
            "id": 215,
            "form": "?",
            "pos": "SENT",
            "lemma": "?",
            "has_context": "false",
            "is_title": "false"
        },
        {
            "id": 216,
            "form": "Potresti",
            "pos": "VER",
            "lemma": "potere",
            "has_context": "false",
            "is_title": "false"
        },
        {
            "id": 217,
            "form": "chiamarmi",
            "pos": "VER",
            "lemma": "chiamare",
            "has_context": "false",
            "is_title": "false"
        },
        {
            "id": 218,
            "form": "per",
            "pos": "PRE",
            "lemma": "per",
            "has_context": "false",
            "is_title": "false"
        },
        {
            "id": 219,
            "form": "farmelo",
            "pos": "VER",
            "lemma": "fare",
            "has_context": "false",
            "is_title": "false"
        },
        {
            "id": 220,
            "form": "sapere",
            "pos": "VER",
            "lemma": "sapere",
            "has_context": "false",
            "is_title": "false"
        },
        {
            "id": 221,
            "form": "?",
            "pos": "SENT",
            "lemma": "?",
            "has_context": "false",
            "is_title": "false"
        },
        {
            "id": 222,
            "form": "Comunque",
            "pos": "CON",
            "lemma": "comunque",
            "has_context": "false",
            "is_title": "false"
        },
        {
            "id": 223,
            "form": "questa",
            "pos": "PRO",
            "lemma": "questo",
            "has_context": "false",
            "is_title": "false"
        },
        {
            "id": 224,
            "form": "è",
            "pos": "VER",
            "lemma": "essere",
            "has_context": "false",
            "is_title": "false"
        },
        {
            "id": 225,
            "form": "l’",
            "pos": "DET",
            "lemma": "il",
            "has_context": "false",
            "is_title": "false"
        },
        {
            "id": 226,
            "form": "ultima",
            "pos": "ADJ",
            "lemma": "ultimo",
            "has_context": "false",
            "is_title": "false"
        },
        {
            "id": 227,
            "form": "volta",
            "pos": "NOM",
            "lemma": "volta",
            "has_context": "false",
            "is_title": "false"
        },
        {
            "id": 228,
            "form": "che",
            "pos": "CON",
            "lemma": "che",
            "has_context": "false",
            "is_title": "false"
        },
        {
            "id": 229,
            "form": "provo",
            "pos": "VER",
            "lemma": "provare",
            "has_context": "false",
            "is_title": "false"
        },
        {
            "id": 230,
            "form": "ad",
            "pos": "PRE",
            "lemma": "ad",
            "has_context": "false",
            "is_title": "false"
        },
        {
            "id": 231,
            "form": "organizzare",
            "pos": "VER",
            "lemma": "organizzare",
            "has_context": "false",
            "is_title": "false"
        },
        {
            "id": 232,
            "form": "io",
            "pos": "PRO",
            "lemma": "io",
            "has_context": "false",
            "is_title": "false"
        },
        {
            "id": 233,
            "form": "per",
            "pos": "PRE",
            "lemma": "per",
            "has_context": "false",
            "is_title": "false"
        },
        {
            "id": 234,
            "form": "Capodanno",
            "pos": "NPR",
            "lemma": "Capodanno",
            "has_context": "false",
            "is_title": "false"
        },
        {
            "id": 235,
            "form": ",",
            "pos": "PON",
            "lemma": ",",
            "has_context": "false",
            "is_title": "false"
        },
        {
            "id": 236,
            "form": "non",
            "pos": "ADV",
            "lemma": "non",
            "has_context": "false",
            "is_title": "false"
        },
        {
            "id": 237,
            "form": "ce",
            "pos": "PRO",
            "lemma": "ce",
            "has_context": "false",
            "is_title": "false"
        },
        {
            "id": 238,
            "form": "la",
            "pos": "PRO",
            "lemma": "la",
            "has_context": "false",
            "is_title": "false"
        },
        {
            "id": 239,
            "form": "faccio",
            "pos": "VER",
            "lemma": "fare",
            "has_context": "false",
            "is_title": "false"
        },
        {
            "id": 240,
            "form": "a",
            "pos": "PRE",
            "lemma": "a",
            "has_context": "false",
            "is_title": "false"
        },
        {
            "id": 241,
            "form": "mettere",
            "pos": "VER",
            "lemma": "mettere",
            "has_context": "false",
            "is_title": "false"
        },
        {
            "id": 242,
            "form": "tutti",
            "pos": "PRO",
            "lemma": "tutto",
            "has_context": "false",
            "is_title": "false"
        },
        {
            "id": 243,
            "form": "d’",
            "pos": "PRE",
            "lemma": "di",
            "has_context": "false",
            "is_title": "false"
        },
        {
            "id": 244,
            "form": "accordo",
            "pos": "NOM",
            "lemma": "accordo",
            "has_context": "false",
            "is_title": "false"
        },
        {
            "id": 245,
            "form": "e",
            "pos": "CON",
            "lemma": "e",
            "has_context": "false",
            "is_title": "false"
        },
        {
            "id": 246,
            "form": "nessuno",
            "pos": "PRO",
            "lemma": "nessuno",
            "has_context": "false",
            "is_title": "false"
        },
        {
            "id": 247,
            "form": "mi",
            "pos": "PRO",
            "lemma": "mi",
            "has_context": "false",
            "is_title": "false"
        },
        {
            "id": 248,
            "form": "dà",
            "pos": "VER",
            "lemma": "dare",
            "has_context": "false",
            "is_title": "false"
        },
        {
            "id": 249,
            "form": "una",
            "pos": "DET",
            "lemma": "una",
            "has_context": "false",
            "is_title": "false"
        },
        {
            "id": 250,
            "form": "mano",
            "pos": "NOM",
            "lemma": "mano",
            "has_context": "false",
            "is_title": "false"
        },
        {
            "id": 251,
            "form": ".",
            "pos": "SENT",
            "lemma": ".",
            "has_context": "false",
            "is_title": "false"
        },
        {
            "id": 252,
            "form": "Personalmente",
            "pos": "ADV",
            "lemma": "personalmente",
            "has_context": "true",
            "is_title": "false"
        },
        {
            "id": 253,
            "form": "penso",
            "pos": "VER",
            "lemma": "pensare",
            "has_context": "false",
            "is_title": "false"
        },
        {
            "id": 254,
            "form": "che",
            "pos": "CON",
            "lemma": "che",
            "has_context": "false",
            "is_title": "false"
        },
        {
            "id": 255,
            "form": "o",
            "pos": "CON",
            "lemma": "o",
            "has_context": "false",
            "is_title": "false"
        },
        {
            "id": 256,
            "form": "ci",
            "pos": "PRO",
            "lemma": "ci",
            "has_context": "false",
            "is_title": "false"
        },
        {
            "id": 257,
            "form": "diamo",
            "pos": "VER",
            "lemma": "dare",
            "has_context": "false",
            "is_title": "false"
        },
        {
            "id": 258,
            "form": "una",
            "pos": "DET",
            "lemma": "una",
            "has_context": "false",
            "is_title": "false"
        },
        {
            "id": 259,
            "form": "mossa",
            "pos": "NOM",
            "lemma": "mossa",
            "has_context": "true",
            "is_title": "false"
        },
        {
            "id": 260,
            "form": "o",
            "pos": "CON",
            "lemma": "o",
            "has_context": "false",
            "is_title": "false"
        },
        {
            "id": 261,
            "form": "per",
            "pos": "PRE",
            "lemma": "per",
            "has_context": "false",
            "is_title": "false"
        },
        {
            "id": 262,
            "form": "me",
            "pos": "PRO",
            "lemma": "me",
            "has_context": "false",
            "is_title": "false"
        },
        {
            "id": 263,
            "form": "possiamo",
            "pos": "VER",
            "lemma": "potere",
            "has_context": "false",
            "is_title": "false"
        },
        {
            "id": 264,
            "form": "smettere",
            "pos": "VER",
            "lemma": "smettere",
            "has_context": "true",
            "is_title": "false"
        },
        {
            "id": 265,
            "form": "di",
            "pos": "PRE",
            "lemma": "di",
            "has_context": "false",
            "is_title": "false"
        },
        {
            "id": 266,
            "form": "cercare",
            "pos": "VER",
            "lemma": "cercare",
            "has_context": "false",
            "is_title": "false"
        },
        {
            "id": 267,
            "form": "e",
            "pos": "CON",
            "lemma": "e",
            "has_context": "false",
            "is_title": "false"
        },
        {
            "id": 268,
            "form": "questo",
            "pos": "ADJ",
            "lemma": "questo",
            "has_context": "false",
            "is_title": "false"
        },
        {
            "id": 269,
            "form": "Capodanno",
            "pos": "NPR",
            "lemma": "Capodanno",
            "has_context": "false",
            "is_title": "false"
        },
        {
            "id": 270,
            "form": "ognuno",
            "pos": "PRO",
            "lemma": "ognuno",
            "has_context": "false",
            "is_title": "false"
        },
        {
            "id": 271,
            "form": "rimane",
            "pos": "VER",
            "lemma": "rimanere",
            "has_context": "false",
            "is_title": "false"
        },
        {
            "id": 272,
            "form": "a",
            "pos": "PRE",
            "lemma": "a",
            "has_context": "false",
            "is_title": "false"
        },
        {
            "id": 273,
            "form": "casa",
            "pos": "NOM",
            "lemma": "casa",
            "has_context": "false",
            "is_title": "false"
        },
        {
            "id": 274,
            "form": "sua",
            "pos": "ADJ",
            "lemma": "suo",
            "has_context": "false",
            "is_title": "false"
        },
        {
            "id": 275,
            "form": ".",
            "pos": "SENT",
            "lemma": ".",
            "has_context": "false",
            "is_title": "false"
        },
        {
            "id": 276,
            "form": "Chiamami",
            "pos": "VER",
            "lemma": "chiamare",
            "has_context": "false",
            "is_title": "false"
        },
        {
            "id": 277,
            "form": "al",
            "pos": "PRE",
            "lemma": "al",
            "has_context": "false",
            "is_title": "false"
        },
        {
            "id": 278,
            "form": "più",
            "pos": "ADV",
            "lemma": "più",
            "has_context": "false",
            "is_title": "false"
        },
        {
            "id": 279,
            "form": "presto",
            "pos": "ADV",
            "lemma": "presto",
            "has_context": "false",
            "is_title": "false"
        },
        {
            "id": 280,
            "form": ".",
            "pos": "SENT",
            "lemma": ".",
            "has_context": "false",
            "is_title": "false"
        },
        {
            "id": 281,
            "form": "Ciao",
            "pos": "INT",
            "lemma": "ciao",
            "has_context": "false",
            "is_title": "false"
        },
        {
            "id": 282,
            "form": ".",
            "pos": "SENT",
            "lemma": ".",
            "has_context": "false",
            "is_title": "false"
        }
    ]
