    [
        {
            "id": 1,
            "form": "La",
            "pos": "DET",
            "lemma": "il",
            "has_context": "false",
            "is_title": "true"
        },
        {
            "id": 2,
            "form": "vita",
            "pos": "NOM",
            "lemma": "vita",
            "has_context": "true",
            "is_title": "true"
        },
        {
            "id": 3,
            "form": "di",
            "pos": "PRE",
            "lemma": "di",
            "has_context": "false",
            "is_title": "true"
        },
        {
            "id": 4,
            "form": "Carlo",
            "pos": "NPR",
            "lemma": "Carlo",
            "has_context": "false",
            "is_title": "true"
        },
        {
            "id": 5,
            "form": "Carlo",
            "pos": "NPR",
            "lemma": "Carlo",
            "has_context": "false",
            "is_title": "false"
        },
        {
            "id": 6,
            "form": "cominciò",
            "pos": "VER",
            "lemma": "cominciare",
            "has_context": "false",
            "is_title": "false"
        },
        {
            "id": 7,
            "form": "a",
            "pos": "PRE",
            "lemma": "a",
            "has_context": "false",
            "is_title": "false"
        },
        {
            "id": 8,
            "form": "lavorare",
            "pos": "VER",
            "lemma": "lavorare",
            "has_context": "false",
            "is_title": "false"
        },
        {
            "id": 9,
            "form": "come",
            "pos": "CON",
            "lemma": "come",
            "has_context": "false",
            "is_title": "false"
        },
        {
            "id": 10,
            "form": "imbianchino",
            "pos": "NOM",
            "lemma": "imbianchino",
            "has_context": "true",
            "is_title": "false"
        },
        {
            "id": 11,
            "form": "quando",
            "pos": "CON",
            "lemma": "quando",
            "has_context": "false",
            "is_title": "false"
        },
        {
            "id": 12,
            "form": "aveva",
            "pos": "VER",
            "lemma": "avere",
            "has_context": "false",
            "is_title": "false"
        },
        {
            "id": 13,
            "form": "sedici",
            "pos": "ADJ",
            "lemma": "sedici",
            "has_context": "false",
            "is_title": "false"
        },
        {
            "id": 14,
            "form": "anni",
            "pos": "NOM",
            "lemma": "anno",
            "has_context": "false",
            "is_title": "false"
        },
        {
            "id": 15,
            "form": ".",
            "pos": "SENT",
            "lemma": ".",
            "has_context": "false",
            "is_title": "false"
        },
        {
            "id": 16,
            "form": "Infatti",
            "pos": "CON",
            "lemma": "infatti",
            "has_context": "false",
            "is_title": "false"
        },
        {
            "id": 17,
            "form": "quando",
            "pos": "CON",
            "lemma": "quando",
            "has_context": "false",
            "is_title": "false"
        },
        {
            "id": 18,
            "form": "aveva",
            "pos": "VER",
            "lemma": "avere",
            "has_context": "false",
            "is_title": "false"
        },
        {
            "id": 19,
            "form": "quindici",
            "pos": "ADJ",
            "lemma": "quindici",
            "has_context": "false",
            "is_title": "false"
        },
        {
            "id": 20,
            "form": "anni",
            "pos": "NOM",
            "lemma": "anno",
            "has_context": "false",
            "is_title": "false"
        },
        {
            "id": 21,
            "form": "pensò",
            "pos": "VER",
            "lemma": "pensare",
            "has_context": "false",
            "is_title": "false"
        },
        {
            "id": 22,
            "form": "che",
            "pos": "CON",
            "lemma": "che",
            "has_context": "false",
            "is_title": "false"
        },
        {
            "id": 23,
            "form": "non",
            "pos": "ADV",
            "lemma": "non",
            "has_context": "false",
            "is_title": "false"
        },
        {
            "id": 24,
            "form": "voleva",
            "pos": "VER",
            "lemma": "volere",
            "has_context": "false",
            "is_title": "false"
        },
        {
            "id": 25,
            "form": "più",
            "pos": "ADV",
            "lemma": "più",
            "has_context": "false",
            "is_title": "false"
        },
        {
            "id": 26,
            "form": "continuare",
            "pos": "VER",
            "lemma": "continuare",
            "has_context": "false",
            "is_title": "false"
        },
        {
            "id": 27,
            "form": "gli",
            "pos": "DET",
            "lemma": "il",
            "has_context": "false",
            "is_title": "false"
        },
        {
            "id": 28,
            "form": "studi",
            "pos": "NOM",
            "lemma": "studio",
            "has_context": "false",
            "is_title": "false"
        },
        {
            "id": 29,
            "form": ".",
            "pos": "SENT",
            "lemma": ".",
            "has_context": "false",
            "is_title": "false"
        },
        {
            "id": 30,
            "form": "I",
            "pos": "DET",
            "lemma": "il",
            "has_context": "false",
            "is_title": "false"
        },
        {
            "id": 31,
            "form": "genitori",
            "pos": "NOM",
            "lemma": "genitore",
            "has_context": "false",
            "is_title": "false"
        },
        {
            "id": 32,
            "form": "allora",
            "pos": "CON",
            "lemma": "allora",
            "has_context": "false",
            "is_title": "false"
        },
        {
            "id": 33,
            "form": "gli",
            "pos": "PRO",
            "lemma": "gli",
            "has_context": "false",
            "is_title": "false"
        },
        {
            "id": 34,
            "form": "consigliarono",
            "pos": "VER",
            "lemma": "consigliare",
            "has_context": "true",
            "is_title": "false"
        },
        {
            "id": 35,
            "form": "di",
            "pos": "PRE",
            "lemma": "di",
            "has_context": "false",
            "is_title": "false"
        },
        {
            "id": 36,
            "form": "trovarsi",
            "pos": "VER",
            "lemma": "trovare",
            "has_context": "false",
            "is_title": "false"
        },
        {
            "id": 37,
            "form": "un",
            "pos": "DET",
            "lemma": "un",
            "has_context": "false",
            "is_title": "false"
        },
        {
            "id": 38,
            "form": "lavoro",
            "pos": "NOM",
            "lemma": "lavoro",
            "has_context": "false",
            "is_title": "false"
        },
        {
            "id": 39,
            "form": "e",
            "pos": "CON",
            "lemma": "e",
            "has_context": "false",
            "is_title": "false"
        },
        {
            "id": 40,
            "form": "di",
            "pos": "PRE",
            "lemma": "di",
            "has_context": "false",
            "is_title": "false"
        },
        {
            "id": 41,
            "form": "cominciare",
            "pos": "VER",
            "lemma": "cominciare",
            "has_context": "false",
            "is_title": "false"
        },
        {
            "id": 42,
            "form": "a",
            "pos": "PRE",
            "lemma": "a",
            "has_context": "false",
            "is_title": "false"
        },
        {
            "id": 43,
            "form": "guadagnare",
            "pos": "VER",
            "lemma": "guadagnare",
            "has_context": "true",
            "is_title": "false"
        },
        {
            "id": 44,
            "form": "dei",
            "pos": "PRE",
            "lemma": "del",
            "has_context": "false",
            "is_title": "false"
        },
        {
            "id": 45,
            "form": "soldi",
            "pos": "NOM",
            "lemma": "soldo",
            "has_context": "false",
            "is_title": "false"
        },
        {
            "id": 46,
            "form": ".",
            "pos": "SENT",
            "lemma": ".",
            "has_context": "false",
            "is_title": "false"
        },
        {
            "id": 47,
            "form": "Allora",
            "pos": "CON",
            "lemma": "allora",
            "has_context": "false",
            "is_title": "false"
        },
        {
            "id": 48,
            "form": "Carlo",
            "pos": "NPR",
            "lemma": "Carlo",
            "has_context": "false",
            "is_title": "false"
        },
        {
            "id": 49,
            "form": "domandò",
            "pos": "VER",
            "lemma": "domandare",
            "has_context": "false",
            "is_title": "false"
        },
        {
            "id": 50,
            "form": "a",
            "pos": "PRE",
            "lemma": "a",
            "has_context": "false",
            "is_title": "false"
        },
        {
            "id": 51,
            "form": "suo",
            "pos": "ADJ",
            "lemma": "suo",
            "has_context": "false",
            "is_title": "false"
        },
        {
            "id": 52,
            "form": "zio",
            "pos": "NOM",
            "lemma": "zio",
            "has_context": "false",
            "is_title": "false"
        },
        {
            "id": 53,
            "form": "Piero",
            "pos": "NPR",
            "lemma": "Piero",
            "has_context": "false",
            "is_title": "false"
        },
        {
            "id": 54,
            "form": "che",
            "pos": "PRO",
            "lemma": "che",
            "has_context": "false",
            "is_title": "false"
        },
        {
            "id": 55,
            "form": "era",
            "pos": "VER",
            "lemma": "essere",
            "has_context": "false",
            "is_title": "false"
        },
        {
            "id": 56,
            "form": "un",
            "pos": "DET",
            "lemma": "un",
            "has_context": "false",
            "is_title": "false"
        },
        {
            "id": 57,
            "form": "bravo",
            "pos": "ADJ",
            "lemma": "bravo",
            "has_context": "false",
            "is_title": "false"
        },
        {
            "id": 58,
            "form": "muratore",
            "pos": "NOM",
            "lemma": "muratore",
            "has_context": "true",
            "is_title": "false"
        },
        {
            "id": 59,
            "form": "di",
            "pos": "PRE",
            "lemma": "di",
            "has_context": "false",
            "is_title": "false"
        },
        {
            "id": 60,
            "form": "prenderlo",
            "pos": "VER",
            "lemma": "prendere",
            "has_context": "false",
            "is_title": "false"
        },
        {
            "id": 61,
            "form": "a",
            "pos": "PRE",
            "lemma": "a",
            "has_context": "false",
            "is_title": "false"
        },
        {
            "id": 62,
            "form": "lavorare",
            "pos": "VER",
            "lemma": "lavorare",
            "has_context": "false",
            "is_title": "false"
        },
        {
            "id": 63,
            "form": "con",
            "pos": "PRE",
            "lemma": "con",
            "has_context": "false",
            "is_title": "false"
        },
        {
            "id": 64,
            "form": "lui",
            "pos": "PRO",
            "lemma": "lui",
            "has_context": "false",
            "is_title": "false"
        },
        {
            "id": 65,
            "form": ".",
            "pos": "SENT",
            "lemma": ".",
            "has_context": "false",
            "is_title": "false"
        },
        {
            "id": 66,
            "form": "Suo",
            "pos": "ADJ",
            "lemma": "suo",
            "has_context": "false",
            "is_title": "false"
        },
        {
            "id": 67,
            "form": "zio",
            "pos": "NOM",
            "lemma": "zio",
            "has_context": "false",
            "is_title": "false"
        },
        {
            "id": 68,
            "form": "gli",
            "pos": "PRO",
            "lemma": "gli",
            "has_context": "false",
            "is_title": "false"
        },
        {
            "id": 69,
            "form": "insegnò",
            "pos": "VER",
            "lemma": "insegnare",
            "has_context": "false",
            "is_title": "false"
        },
        {
            "id": 70,
            "form": "a",
            "pos": "PRE",
            "lemma": "a",
            "has_context": "false",
            "is_title": "false"
        },
        {
            "id": 71,
            "form": "dipingere",
            "pos": "VER",
            "lemma": "dipingere",
            "has_context": "false",
            "is_title": "false"
        },
        {
            "id": 72,
            "form": "le",
            "pos": "DET",
            "lemma": "il",
            "has_context": "false",
            "is_title": "false"
        },
        {
            "id": 73,
            "form": "pareti",
            "pos": "NOM",
            "lemma": "parete",
            "has_context": "false",
            "is_title": "false"
        },
        {
            "id": 74,
            "form": "e",
            "pos": "CON",
            "lemma": "e",
            "has_context": "false",
            "is_title": "false"
        },
        {
            "id": 75,
            "form": "a",
            "pos": "PRE",
            "lemma": "a",
            "has_context": "false",
            "is_title": "false"
        },
        {
            "id": 76,
            "form": "imbiancare",
            "pos": "VER",
            "lemma": "imbiancare",
            "has_context": "true",
            "is_title": "false"
        },
        {
            "id": 77,
            "form": "i",
            "pos": "DET",
            "lemma": "il",
            "has_context": "false",
            "is_title": "false"
        },
        {
            "id": 78,
            "form": "muri",
            "pos": "NOM",
            "lemma": "muro",
            "has_context": "false",
            "is_title": "false"
        },
        {
            "id": 79,
            "form": ".",
            "pos": "SENT",
            "lemma": ".",
            "has_context": "false",
            "is_title": "false"
        },
        {
            "id": 80,
            "form": "Inoltre",
            "pos": "CON",
            "lemma": "inoltre",
            "has_context": "false",
            "is_title": "false"
        },
        {
            "id": 81,
            "form": "lo",
            "pos": "PRO",
            "lemma": "lo",
            "has_context": "false",
            "is_title": "false"
        },
        {
            "id": 82,
            "form": "portò",
            "pos": "VER",
            "lemma": "portare",
            "has_context": "false",
            "is_title": "false"
        },
        {
            "id": 83,
            "form": "con",
            "pos": "PRE",
            "lemma": "con",
            "has_context": "false",
            "is_title": "false"
        },
        {
            "id": 84,
            "form": "sé",
            "pos": "PRO",
            "lemma": "sé",
            "has_context": "false",
            "is_title": "false"
        },
        {
            "id": 85,
            "form": "a",
            "pos": "PRE",
            "lemma": "a",
            "has_context": "false",
            "is_title": "false"
        },
        {
            "id": 86,
            "form": "lavorare",
            "pos": "VER",
            "lemma": "lavorare",
            "has_context": "false",
            "is_title": "false"
        },
        {
            "id": 87,
            "form": "e",
            "pos": "CON",
            "lemma": "e",
            "has_context": "false",
            "is_title": "false"
        },
        {
            "id": 88,
            "form": "lì",
            "pos": "ADV",
            "lemma": "lì",
            "has_context": "false",
            "is_title": "false"
        },
        {
            "id": 89,
            "form": "riuscì",
            "pos": "VER",
            "lemma": "riuscire",
            "has_context": "true",
            "is_title": "false"
        },
        {
            "id": 90,
            "form": "a",
            "pos": "PRE",
            "lemma": "a",
            "has_context": "false",
            "is_title": "false"
        },
        {
            "id": 91,
            "form": "imparare",
            "pos": "VER",
            "lemma": "imparare",
            "has_context": "false",
            "is_title": "false"
        },
        {
            "id": 92,
            "form": "il",
            "pos": "DET",
            "lemma": "il",
            "has_context": "false",
            "is_title": "false"
        },
        {
            "id": 93,
            "form": "mestiere",
            "pos": "NOM",
            "lemma": "mestiere",
            "has_context": "true",
            "is_title": "false"
        },
        {
            "id": 94,
            "form": "di",
            "pos": "PRE",
            "lemma": "di",
            "has_context": "false",
            "is_title": "false"
        },
        {
            "id": 95,
            "form": "imbianchino",
            "pos": "NOM",
            "lemma": "imbianchino",
            "has_context": "true",
            "is_title": "false"
        },
        {
            "id": 96,
            "form": ".",
            "pos": "SENT",
            "lemma": ".",
            "has_context": "false",
            "is_title": "false"
        },
        {
            "id": 97,
            "form": "Dopo",
            "pos": "CON",
            "lemma": "dopo",
            "has_context": "false",
            "is_title": "false"
        },
        {
            "id": 98,
            "form": "aver",
            "pos": "VER",
            "lemma": "avere",
            "has_context": "false",
            "is_title": "false"
        },
        {
            "id": 99,
            "form": "imparato",
            "pos": "VER",
            "lemma": "imparare",
            "has_context": "false",
            "is_title": "false"
        },
        {
            "id": 100,
            "form": ",",
            "pos": "PON",
            "lemma": ",",
            "has_context": "false",
            "is_title": "false"
        },
        {
            "id": 101,
            "form": "Carlo",
            "pos": "NPR",
            "lemma": "Carlo",
            "has_context": "false",
            "is_title": "false"
        },
        {
            "id": 102,
            "form": "iniziò",
            "pos": "VER",
            "lemma": "iniziare",
            "has_context": "false",
            "is_title": "false"
        },
        {
            "id": 103,
            "form": "a",
            "pos": "PRE",
            "lemma": "a",
            "has_context": "false",
            "is_title": "false"
        },
        {
            "id": 104,
            "form": "lavorare",
            "pos": "VER",
            "lemma": "lavorare",
            "has_context": "false",
            "is_title": "false"
        },
        {
            "id": 105,
            "form": "da",
            "pos": "PRE",
            "lemma": "da",
            "has_context": "false",
            "is_title": "false"
        },
        {
            "id": 106,
            "form": "solo",
            "pos": "ADJ",
            "lemma": "solo",
            "has_context": "false",
            "is_title": "false"
        },
        {
            "id": 107,
            "form": "e",
            "pos": "CON",
            "lemma": "e",
            "has_context": "false",
            "is_title": "false"
        },
        {
            "id": 108,
            "form": "in",
            "pos": "PRE",
            "lemma": "in",
            "has_context": "false",
            "is_title": "false"
        },
        {
            "id": 109,
            "form": "poco",
            "pos": "ADJ",
            "lemma": "poco",
            "has_context": "false",
            "is_title": "false"
        },
        {
            "id": 110,
            "form": "tempo",
            "pos": "NOM",
            "lemma": "tempo",
            "has_context": "false",
            "is_title": "false"
        },
        {
            "id": 111,
            "form": "diventò",
            "pos": "VER",
            "lemma": "diventare",
            "has_context": "true",
            "is_title": "false"
        },
        {
            "id": 112,
            "form": "uno",
            "pos": "PRO",
            "lemma": "uno",
            "has_context": "false",
            "is_title": "false"
        },
        {
            "id": 113,
            "form": "dei",
            "pos": "PRE",
            "lemma": "del",
            "has_context": "false",
            "is_title": "false"
        },
        {
            "id": 114,
            "form": "più",
            "pos": "ADV",
            "lemma": "più",
            "has_context": "false",
            "is_title": "false"
        },
        {
            "id": 115,
            "form": "bravi",
            "pos": "ADJ",
            "lemma": "bravo",
            "has_context": "false",
            "is_title": "false"
        },
        {
            "id": 116,
            "form": "imbianchini",
            "pos": "NOM",
            "lemma": "imbianchino",
            "has_context": "true",
            "is_title": "false"
        },
        {
            "id": 117,
            "form": "della",
            "pos": "PRE",
            "lemma": "del",
            "has_context": "false",
            "is_title": "false"
        },
        {
            "id": 118,
            "form": "città",
            "pos": "NOM",
            "lemma": "città",
            "has_context": "false",
            "is_title": "false"
        },
        {
            "id": 119,
            "form": ".",
            "pos": "SENT",
            "lemma": ".",
            "has_context": "false",
            "is_title": "false"
        },
        {
            "id": 120,
            "form": "Tuttavia",
            "pos": "CON",
            "lemma": "tuttavia",
            "has_context": "false",
            "is_title": "false"
        },
        {
            "id": 121,
            "form": "negli",
            "pos": "PRE",
            "lemma": "nel",
            "has_context": "false",
            "is_title": "false"
        },
        {
            "id": 122,
            "form": "anni",
            "pos": "NOM",
            "lemma": "anno",
            "has_context": "false",
            "is_title": "false"
        },
        {
            "id": 123,
            "form": "ottanta",
            "pos": "ADJ",
            "lemma": "ottanta",
            "has_context": "false",
            "is_title": "false"
        },
        {
            "id": 124,
            "form": "la",
            "pos": "DET",
            "lemma": "il",
            "has_context": "false",
            "is_title": "false"
        },
        {
            "id": 125,
            "form": "crisi",
            "pos": "NOM",
            "lemma": "crisi",
            "has_context": "true",
            "is_title": "false"
        },
        {
            "id": 126,
            "form": "economica",
            "pos": "ADJ",
            "lemma": "economico",
            "has_context": "true",
            "is_title": "false"
        },
        {
            "id": 127,
            "form": "colpì",
            "pos": "VER",
            "lemma": "colpire",
            "has_context": "true",
            "is_title": "false"
        },
        {
            "id": 128,
            "form": "l’",
            "pos": "DET",
            "lemma": "il",
            "has_context": "false",
            "is_title": "false"
        },
        {
            "id": 129,
            "form": "Italia",
            "pos": "NPR",
            "lemma": "Italia",
            "has_context": "false",
            "is_title": "false"
        },
        {
            "id": 130,
            "form": "e",
            "pos": "CON",
            "lemma": "e",
            "has_context": "false",
            "is_title": "false"
        },
        {
            "id": 131,
            "form": "Carlo",
            "pos": "NPR",
            "lemma": "Carlo",
            "has_context": "false",
            "is_title": "false"
        },
        {
            "id": 132,
            "form": "perse",
            "pos": "VER",
            "lemma": "perdere",
            "has_context": "false",
            "is_title": "false"
        },
        {
            "id": 133,
            "form": "il",
            "pos": "DET",
            "lemma": "il",
            "has_context": "false",
            "is_title": "false"
        },
        {
            "id": 134,
            "form": "lavoro",
            "pos": "NOM",
            "lemma": "lavoro",
            "has_context": "false",
            "is_title": "false"
        },
        {
            "id": 135,
            "form": ".",
            "pos": "SENT",
            "lemma": ".",
            "has_context": "false",
            "is_title": "false"
        },
        {
            "id": 136,
            "form": "Allora",
            "pos": "CON",
            "lemma": "allora",
            "has_context": "false",
            "is_title": "false"
        },
        {
            "id": 137,
            "form": "pensò",
            "pos": "VER",
            "lemma": "pensare",
            "has_context": "false",
            "is_title": "false"
        },
        {
            "id": 138,
            "form": "che",
            "pos": "CON",
            "lemma": "che",
            "has_context": "false",
            "is_title": "false"
        },
        {
            "id": 139,
            "form": "nel",
            "pos": "PRE",
            "lemma": "nel",
            "has_context": "false",
            "is_title": "false"
        },
        {
            "id": 140,
            "form": "nord",
            "pos": "NOM",
            "lemma": "nord",
            "has_context": "false",
            "is_title": "false"
        },
        {
            "id": 141,
            "form": "Italia",
            "pos": "NPR",
            "lemma": "Italia",
            "has_context": "false",
            "is_title": "false"
        },
        {
            "id": 142,
            "form": "di",
            "pos": "PRE",
            "lemma": "di",
            "has_context": "false",
            "is_title": "false"
        },
        {
            "id": 143,
            "form": "sicuro",
            "pos": "NOM",
            "lemma": "sicuro",
            "has_context": "false",
            "is_title": "false"
        },
        {
            "id": 144,
            "form": "ci",
            "pos": "PRO",
            "lemma": "ci",
            "has_context": "false",
            "is_title": "false"
        },
        {
            "id": 145,
            "form": "sarebbe",
            "pos": "VER",
            "lemma": "essere",
            "has_context": "false",
            "is_title": "false"
        },
        {
            "id": 146,
            "form": "stato",
            "pos": "VER",
            "lemma": "essere",
            "has_context": "false",
            "is_title": "false"
        },
        {
            "id": 147,
            "form": "più",
            "pos": "ADV",
            "lemma": "più",
            "has_context": "false",
            "is_title": "false"
        },
        {
            "id": 148,
            "form": "lavoro",
            "pos": "NOM",
            "lemma": "lavoro",
            "has_context": "false",
            "is_title": "false"
        },
        {
            "id": 149,
            "form": ".",
            "pos": "SENT",
            "lemma": ".",
            "has_context": "false",
            "is_title": "false"
        },
        {
            "id": 150,
            "form": "Quando",
            "pos": "CON",
            "lemma": "quando",
            "has_context": "false",
            "is_title": "false"
        },
        {
            "id": 151,
            "form": "aveva",
            "pos": "VER",
            "lemma": "avere",
            "has_context": "false",
            "is_title": "false"
        },
        {
            "id": 152,
            "form": "trenta",
            "pos": "ADJ",
            "lemma": "trenta",
            "has_context": "false",
            "is_title": "false"
        },
        {
            "id": 153,
            "form": "anni",
            "pos": "NOM",
            "lemma": "anno",
            "has_context": "false",
            "is_title": "false"
        },
        {
            "id": 154,
            "form": "Carlo",
            "pos": "NPR",
            "lemma": "Carlo",
            "has_context": "false",
            "is_title": "false"
        },
        {
            "id": 155,
            "form": "si",
            "pos": "PRO",
            "lemma": "si",
            "has_context": "false",
            "is_title": "false"
        },
        {
            "id": 156,
            "form": "trasferì",
            "pos": "VER",
            "lemma": "trasferire",
            "has_context": "true",
            "is_title": "false"
        },
        {
            "id": 157,
            "form": "a",
            "pos": "PRE",
            "lemma": "a",
            "has_context": "false",
            "is_title": "false"
        },
        {
            "id": 158,
            "form": "Milano",
            "pos": "NPR",
            "lemma": "Milano",
            "has_context": "false",
            "is_title": "false"
        },
        {
            "id": 159,
            "form": "per",
            "pos": "PRE",
            "lemma": "per",
            "has_context": "false",
            "is_title": "false"
        },
        {
            "id": 160,
            "form": "cercare",
            "pos": "VER",
            "lemma": "cercare",
            "has_context": "false",
            "is_title": "false"
        },
        {
            "id": 161,
            "form": "fortuna",
            "pos": "NOM",
            "lemma": "fortuna",
            "has_context": "false",
            "is_title": "false"
        },
        {
            "id": 162,
            "form": ".",
            "pos": "SENT",
            "lemma": ".",
            "has_context": "false",
            "is_title": "false"
        },
        {
            "id": 163,
            "form": "Lì",
            "pos": "ADV",
            "lemma": "lì",
            "has_context": "false",
            "is_title": "false"
        },
        {
            "id": 164,
            "form": "trovò",
            "pos": "VER",
            "lemma": "trovare",
            "has_context": "false",
            "is_title": "false"
        },
        {
            "id": 165,
            "form": "un",
            "pos": "DET",
            "lemma": "un",
            "has_context": "false",
            "is_title": "false"
        },
        {
            "id": 166,
            "form": "nuovo",
            "pos": "ADJ",
            "lemma": "nuovo",
            "has_context": "false",
            "is_title": "false"
        },
        {
            "id": 167,
            "form": "lavoro",
            "pos": "NOM",
            "lemma": "lavoro",
            "has_context": "false",
            "is_title": "false"
        },
        {
            "id": 168,
            "form": "come",
            "pos": "PRE",
            "lemma": "come",
            "has_context": "false",
            "is_title": "false"
        },
        {
            "id": 169,
            "form": "fattorino",
            "pos": "NOM",
            "lemma": "fattorino",
            "has_context": "true",
            "is_title": "false"
        },
        {
            "id": 170,
            "form": ".",
            "pos": "SENT",
            "lemma": ".",
            "has_context": "false",
            "is_title": "false"
        },
        {
            "id": 171,
            "form": "A",
            "pos": "PRE",
            "lemma": "a",
            "has_context": "false",
            "is_title": "false"
        },
        {
            "id": 172,
            "form": "Milano",
            "pos": "NPR",
            "lemma": "Milano",
            "has_context": "false",
            "is_title": "false"
        },
        {
            "id": 173,
            "form": "incontrò",
            "pos": "VER",
            "lemma": "incontrare",
            "has_context": "false",
            "is_title": "false"
        },
        {
            "id": 174,
            "form": "una",
            "pos": "DET",
            "lemma": "una",
            "has_context": "false",
            "is_title": "false"
        },
        {
            "id": 175,
            "form": "ragazza",
            "pos": "NOM",
            "lemma": "ragazza",
            "has_context": "false",
            "is_title": "false"
        },
        {
            "id": 176,
            "form": "di",
            "pos": "PRE",
            "lemma": "di",
            "has_context": "false",
            "is_title": "false"
        },
        {
            "id": 177,
            "form": "nome",
            "pos": "NOM",
            "lemma": "nome",
            "has_context": "false",
            "is_title": "false"
        },
        {
            "id": 178,
            "form": "Federica",
            "pos": "NPR",
            "lemma": "Federica",
            "has_context": "false",
            "is_title": "false"
        },
        {
            "id": 179,
            "form": ".",
            "pos": "SENT",
            "lemma": ".",
            "has_context": "false",
            "is_title": "false"
        },
        {
            "id": 180,
            "form": "Si",
            "pos": "PRO",
            "lemma": "si",
            "has_context": "false",
            "is_title": "false"
        },
        {
            "id": 181,
            "form": "innamorò",
            "pos": "VER",
            "lemma": "innamorare",
            "has_context": "true",
            "is_title": "false"
        },
        {
            "id": 182,
            "form": "subito",
            "pos": "ADV",
            "lemma": "subito",
            "has_context": "false",
            "is_title": "false"
        },
        {
            "id": 183,
            "form": "di",
            "pos": "PRE",
            "lemma": "di",
            "has_context": "false",
            "is_title": "false"
        },
        {
            "id": 184,
            "form": "lei",
            "pos": "PRO",
            "lemma": "lei",
            "has_context": "false",
            "is_title": "false"
        },
        {
            "id": 185,
            "form": ".",
            "pos": "SENT",
            "lemma": ".",
            "has_context": "false",
            "is_title": "false"
        },
        {
            "id": 186,
            "form": "Carlo",
            "pos": "NPR",
            "lemma": "Carlo",
            "has_context": "false",
            "is_title": "false"
        },
        {
            "id": 187,
            "form": "e",
            "pos": "CON",
            "lemma": "e",
            "has_context": "false",
            "is_title": "false"
        },
        {
            "id": 188,
            "form": "Federica",
            "pos": "NPR",
            "lemma": "Federica",
            "has_context": "false",
            "is_title": "false"
        },
        {
            "id": 189,
            "form": "si",
            "pos": "PRO",
            "lemma": "si",
            "has_context": "false",
            "is_title": "false"
        },
        {
            "id": 190,
            "form": "sposarono",
            "pos": "VER",
            "lemma": "sposare",
            "has_context": "false",
            "is_title": "false"
        },
        {
            "id": 191,
            "form": "due",
            "pos": "ADJ",
            "lemma": "due",
            "has_context": "false",
            "is_title": "false"
        },
        {
            "id": 192,
            "form": "anni",
            "pos": "NOM",
            "lemma": "anno",
            "has_context": "false",
            "is_title": "false"
        },
        {
            "id": 193,
            "form": "dopo",
            "pos": "ADV",
            "lemma": "dopo",
            "has_context": "false",
            "is_title": "false"
        },
        {
            "id": 194,
            "form": ".",
            "pos": "SENT",
            "lemma": ".",
            "has_context": "false",
            "is_title": "false"
        }
    ]
